frame,time_s,bottom_x,bottom_width,median_width,processing_ms,weed_pressure
0,0.0,846.25,507.5,363.75,517.7646600059234,0.3501150173611111
1,0.033359742660126535,846.25,507.5,362.5,417.10384195903316,0.35009874131944446
2,0.06671948532025307,846.25,507.5,362.5,448.9004589850083,0.3508485243055556
3,0.10007922798037962,846.25,507.5,360.99999999999994,412.8325610072352,0.3499685329861111
4,0.13343897064050614,846.25,507.5,358.9,413.5001159738749,0.35171006944444444
5,0.16679871330063267,846.25,507.5,358.0876,427.2670659702271,0.3539181857638889
6,0.20015845596075924,846.25,507.5,357.73504,414.8337130318396,0.35574001736111116
7,0.23351819862088577,846.25,501.5,349.442752,443.12025501858443,0.35619791666666667
8,0.2668779412810123,840.25,490.1,333.70552639999994,426.8594959867187,0.3581391059027778
9,0.3002376839411388,836.3499999999999,482.5400000000001,329.98221055999994,502.5950830313377,0.3610373263888889
10,0.33359742660126535,834.79,479.51600000000013,328.4928842239999,479.62026100140065,0.3616265190972222
11,0.36695716926139194,833.4159999999999,476.8064000000001,326.86552972799996,483.4075240069069,0.36379231770833337
12,0.40031691192151847,833.6164000000001,474.2225600000001,326.60886147584,437.89063196163625,0.36483832465277777
13,0.433676654581645,834.4465600000001,474.689024,326.3116245903361,446.4915609569289,0.37571831597222227
14,0.46703639724177154,834.7786239999999,474.8756095999999,326.2746498361344,450.5285000195727,0.37721788194444444
15,0.500396139901898,835.6614496,476.45024384000004,325.38508109651974,430.4368669982068,0.37875542534722223
16,0.5337558825620246,836.7645798399999,475.5800975359999,321.5251465128264,416.69861297123134,0.3707942708333334
17,0.5671156252221511,838.705831936,478.23203901439996,320.54630513152335,416.9435789808631,0.38021375868055557
18,0.6004753678822776,840.2323327744,477.79281560576004,320.2185220526093,401.4778679702431,0.37685112847222224
19,0.6338351105424042,841.5929331097601,479.1171262423041,320.0874088210436,440.2502630255185,0.3755609809027778
20,0.6671948532025307,843.6371732439039,479.6468504969216,320.03496352841734,453.53431801777333,0.37600260416666664
21,0.7005545958626572,845.9548692975616,479.85874019876866,319.31072835097007,456.2616680050269,0.3760232204861111
22,0.7339143385227839,846.8819477190245,479.94349607950755,318.97429134038805,443.2638789876364,0.37712782118055554
23,0.7672740811829104,848.00277908761,481.47739843180307,318.08971653615515,450.10994898620993,0.3791004774305556
24,0.8006338238430369,845.4511116350441,473.09095937272116,317.63858367546686,422.08527598995715,0.3785319010416667
25,0.8339935665031635,845.1804446540176,471.23638374908836,317.5554334701867,402.9646419803612,0.3793956163194444
26,0.86735330916329,845.822177861607,468.99455349963534,316.1398898392948,407.34095696825534,0.38042317708333334
27,0.9007130518234165,846.8288711446428,469.5978213998542,314.0588560490991,387.1105919824913,0.3806076388888889
28,0.9340727944835431,847.9815484578571,468.3391285599418,315.17202429465715,387.0982020162046,0.38026041666666666
29,0.9674325371436696,847.6926193831429,466.3356514239768,316.7068523073551,428.17458300851285,0.38185329861111106
30,1.000792279803796,849.0770477532573,465.53426056959086,317.1827409229421,430.8082470088266,0.3809331597222222
31,1.0341520224639227,850.3808191013027,466.7137042278363,315.87309636917695,404.91432702401653,0.3813172743055556
32,1.067511765124049,851.6523276405211,465.6854816911345,315.34923854767084,411.8489599786699,0.38095160590277777
33,1.1008715077841758,853.6609310562085,465.27419267645377,315.13969541906823,417.9175940225832,0.3778515625
34,1.1342312504443022,854.4643724224834,465.1096770705814,315.44258339699,402.4787149974145,0.37824110243055553
35,1.1675909931044288,854.7857489689934,465.0438708282326,314.427033358796,411.62771300878376,0.38918511284722224
36,1.2009507357645552,855.6642995875974,463.5175483312932,314.0208133435184,429.3743720045313,0.38859266493055555
37,1.234310478424682,855.265719835039,461.40701933251734,314.6083253374073,448.6859979806468,0.38928819444444446
38,1.2676702210848083,855.1062879340157,460.5628077330068,315.280381204493,446.1828409694135,0.3903059895833333
39,1.301029963744935,854.2925151736063,458.72512309320285,313.6121524817971,428.1642370042391,0.39229058159722224
40,1.3343897064050614,853.2170060694425,456.49004923728114,312.94486099271876,403.0743680195883,0.3935112847222222
41,1.367749449065188,852.7868024277769,455.5960196949124,314.88356418216927,428.5703939967789,0.3917947048611111
42,1.4011091917253145,851.8647209711107,453.73840787796496,317.52092258431475,456.5568069810979,0.39380859375
43,1.434468934385441,852.2458883884442,451.495363151186,318.2583690337259,475.04907299298793,0.3922808159722222
44,1.4678286770455677,851.6483553553778,452.0981452604742,315.17553499192,494.8229549918324,0.3926475694444444
45,1.5011884197056942,851.4093421421511,452.3392581041896,315.070213996768,451.0706170112826,0.39358289930555557
46,1.5345481623658208,851.3137368568605,452.4357032416758,315.0280855987072,469.45675200549886,0.3945757378472223
47,1.5679079050259472,855.7754947427442,449.4742812966703,315.0112342394829,470.27588897617534,0.3944639756944444
48,1.6012676476860739,857.5601978970976,445.28971251866807,315.0044936957932,475.09695996996015,0.39459309895833333
49,1.6346273903462003,857.5240791588391,442.1158850074671,315.00179747831737,456.5029730438255,0.39386935763888886
50,1.667987133006327,846.2596316635356,415.3463540029869,315.00071899132695,475.13265296583995,0.39540798611111105
51,1.7013468756664534,842.5038526654143,403.1385416011949,315.7502875965307,453.3251830143854,0.39513020833333334
52,1.73470661832658,841.0015410661657,395.2554166404781,315.3001150386124,452.7268729871139,0.3903407118055556
53,1.7680663609867064,841.1506164264663,390.60216665619123,313.9802776100318,485.7185309519991,0.3934299045138888
54,1.801426103646833,840.4602465705865,387.24086666247644,318.34801840617797,574.1310739540495,0.3938585069444444
55,1.8347858463069595,840.9340986282346,384.3963466649906,313.14586239265344,483.1281859660521,0.3933485243055556
56,1.8681455889670862,841.8736394512938,381.75853866599624,314.2583449570613,479.9128919839859,0.39306315104166667
57,1.9015053316272126,842.2494557805175,380.7034154663984,310.20333798282456,460.2931539993733,0.3940733506944445
58,1.9348650742873392,844.649782312207,378.78136618655947,310.0813351931298,436.17685401113704,0.39188259548611104
59,1.9682248169474656,845.6099129248827,378.0125464746237,310.03253407725197,420.21629301598296,0.40153211805555555
60,2.001584559607592,845.993965169953,377.70501858984943,310.0130136309007,409.81410100357607,0.4034147135416667
61,2.0349443022677187,846.1475860679811,377.5820074359399,317.99593897261303,498.783863033168,0.39731770833333335
62,2.0683040449278454,847.7090344271926,380.53280297437607,299.6983755890453,490.5613819719292,0.39935655381944446
63,2.101663787587972,848.333613770877,381.7131211897504,296.8638959184059,501.15663901669905,0.4021506076388889
64,2.135023530248098,845.5834455083507,385.18524847590015,294.9955583673623,451.9202170195058,0.4068305121527778
65,2.168383272908225,843.7333782033403,391.0740993903602,292.8615390878367,447.9395010275766,0.41148003472222217
66,2.2017430155683515,842.2433512813361,391.9296397561442,293.60232133754266,471.9272300135344,0.4125423177083334
67,2.235102758228478,842.3973405125345,378.77185590245773,293.16267203109646,479.0245390031487,0.40351128472222225
68,2.2684625008886043,861.2089362050137,324.00874236098304,288.2650688124387,468.2563570095226,0.39745551215277775
69,2.301822243548731,866.4835744820056,303.6034969443932,286.30602752497543,448.9590140292421,0.4046180555555555
70,2.3351819862088576,864.0934297928022,304.4413987777571,284.3011405642852,498.3276840066537,0.39524739583333335
71,2.3685417288689843,862.3873719171208,306.27655951110285,291.0315638875446,494.5214740000665,0.3948817274305556
72,2.4019014715291105,860.9549487668484,302.51062380444097,317.80693872696975,494.6401510387659,0.39324435763888893
73,2.435261214189237,852.1319795067393,317.5042495217764,318.3528060549652,545.1595470076427,0.3911024305555555
74,2.468620956849364,848.6027918026957,326.50169980871055,319.26667441628916,529.9081170232967,0.39090603298611115
75,2.5019806995094904,847.9411167210782,328.6006799234842,318.2066697665157,509.44845395861194,0.38986545138888895
76,2.5353404421696166,847.6764466884313,329.44027196939373,317.0326679066062,532.7131989761256,0.38281684027777785
77,2.5687001848297433,847.5705786753724,329.7761087877576,315.80145533294996,522.4686890142038,0.3848057725694445
78,2.60205992748987,848.278231470149,331.410443515103,313.82058213318,544.3706010119058,0.384287109375
79,2.6354196701499966,848.5612925880596,332.0641774060414,315.278232853272,536.025658948347,0.382080078125
80,2.6687794128101228,849.4245170352237,333.82567096241655,320.763496801742,550.8638369501568,0.3831640625
81,2.7021391554702494,849.7698068140894,334.5302683849667,320.0172803434788,543.0641130078584,0.38189561631944446
82,2.735498898130376,852.1579227256358,330.31210735398673,331.14003838767803,547.683116979897,0.37925564236111114
83,2.7688586407905027,853.8631690902542,330.1248429415948,343.3382123997463,602.0437249680981,0.38069335937499993
84,2.802218383450629,855.2952676361017,328.54993717663785,345.70502313260636,612.7313160104677,0.38023763020833334
85,2.8355781261107555,852.8681070544405,333.9199748706552,339.531667143389,548.6618289723992,0.3808995225694445
86,2.868937868770882,851.8972428217762,336.0679899482619,341.3702809130194,551.289344963152,0.38200412326388894
87,2.902297611431009,851.5088971287105,336.92719597930477,339.92506674294225,510.31063904520124,0.3819845920138889
88,2.9356573540911355,863.3535588514842,316.2708783917219,343.36924494608303,526.4802080346271,0.3815516493055555
89,2.9690170967512617,862.8414235405935,315.50835135668865,345.0976979784332,530.726911034435,0.38162868923611115
90,3.0023768394113883,868.6365694162374,306.20334054267545,345.7890791913733,539.4643399631605,0.3826540798611111
91,3.035736582071515,867.954627766495,305.48133621707024,336.2985260935811,532.0419640047476,0.3827083333333333
92,3.0690963247316416,871.4318511065981,300.692534486828,333.26941043743244,554.9100989592262,0.383046875
93,3.102456067391768,872.8227404426391,298.77701379473126,332.29216842383767,511.69786899117753,0.3837250434027778
94,3.1358158100518945,873.3790961770558,298.01080551789244,333.1668673695351,476.6233549453318,0.3834147135416667
95,3.169175552712021,874.3516384708222,299.20432220715696,333.516746947814,511.98674901388586,0.38411458333333337
96,3.2025352953721478,873.9906553883291,301.1817288828628,329.90240130757775,516.1703089834191,0.38457899305555554
97,3.235895038032274,874.5962621553316,300.47269155314524,335.21267951165026,516.2296629860066,0.38509874131944444
98,3.2692547806924006,873.3385048621326,300.189076621258,335.83507180466023,514.9980619898997,0.37459309895833337
99,3.3026145233525273,872.8354019448532,297.0756306485032,343.83402644982095,561.6074200370349,0.38620659722222217
100,3.335974266012654,873.3841607779412,294.3302522594013,346.03361057992845,535.0660590338521,0.38645507812499996
101,3.36933400867278,872.8536643111765,291.73210090376045,346.91344423197137,497.44693300453946,0.38653537326388887
102,3.4026937513329067,853.8914657244707,325.19284036150424,348.74999957849946,501.93042698083445,0.3873285590277778
103,3.4360534939930334,844.8065862897884,338.5771361446018,348.74999983139986,476.8885640078224,0.3766330295138889
104,3.46941323665316,839.6726345159153,343.93085445784067,347.04246043084623,495.38584100082517,0.37569335937500004
105,3.5027729793132862,851.8690538063662,317.5723417831361,347.3169841723385,490.75177300255746,0.37421983506944445
106,3.536132721973413,851.4976215225464,317.5289367132544,349.4267936581449,462.04018901335075,0.3790755208333333
107,3.5694924646335395,846.8490486090185,320.5115746853019,334.5093043210669,455.774322967045,0.3762337239583333
108,3.602852207293666,844.9896194436074,321.70462987412077,333.8449726829295,440.7086329883896,0.374306640625
109,3.6362119499537924,842.7458477774429,319.1818519496482,336.03798907317173,432.6288260053843,0.38099609375
110,3.669571692613919,840.3483391109772,312.17274077985934,338.4151956292685,475.22429598029703,0.3694292534722222
111,3.7029314352740457,834.8893356443909,315.3690963119436,324.5875926515371,447.83539400668815,0.37525933159722225
112,3.7362911779341723,831.2057342577564,316.64763852477745,326.33503706061487,489.6342929569073,0.3787760416666667
113,3.7696509205942985,830.4822937031025,315.65905540991093,326.284014824246,443.10693099396303,0.37228407118055556
114,3.803010663254425,830.192917481241,315.2636221639645,327.01360592969843,446.4767600293271,0.37322048611111114
115,3.836370405914552,825.5771669924964,363.10544886558574,334.69269843121594,458.05230701807886,0.37079427083333333
116,3.8697301485746785,822.2308667969985,385.24217954623424,337.4385257973686,445.2728239702992,0.3696723090277778
117,3.9030898912348047,820.8923467187993,394.09687181849364,341.2254103189475,427.7700580423698,0.36889322916666667
118,3.9364496338949313,820.3569386875197,397.63874872739746,343.49016412757896,435.28908799635246,0.37158637152777774
119,3.969809376555058,820.8927754750079,400.55549949095905,348.1460656510316,432.52285197377205,0.371708984375
120,4.003169119215184,822.6071101900031,401.72219979638356,350.75842626041265,430.1207350217737,0.3707389322916667
121,4.036528861875311,824.0428440760013,400.6888799185533,351.58080668227774,424.73604198312387,0.3744303385416667
122,4.069888604535437,826.1171376304005,403.2755519674213,352.8823226729111,438.4771719924174,0.37724609375
123,4.103248347195564,829.9468550521601,407.31022078696856,353.40292906916443,458.325824001804,0.37747938368055556
124,4.136608089855691,832.978742020864,408.92408831478747,353.6111716276658,416.66628600796685,0.3787141927083333
125,4.169967832515817,836.4414968083457,405.0696353259151,353.12055379815035,398.5461799893528,0.38137478298611105
126,4.203327575175944,833.3265987233382,382.52785413036605,351.1542341790088,395.11281403247267,0.3820084635416667
127,4.23668731783607,835.0806394893352,373.51114165214625,350.4616936716036,427.65030497685075,0.3832052951388889
128,4.270047060496196,840.2822557957342,369.9044566608586,351.5324459936682,431.03574495762587,0.38595486111111116
129,4.3034068031563235,846.8629023182937,374.46178266434345,351.0278861772328,425.2228749683127,0.3885861545138889
130,4.33676654581645,852.4951609273173,379.28471306573726,355.74055741642906,454.27571702748537,0.3811979166666667
131,4.370126288476577,858.498064370927,382.7138852262948,363.9298377218091,420.605152961798,0.37736219618055555
132,4.403486031136703,863.8992257483708,384.08555409051803,369.3592306174379,405.9861080022529,0.3762413194444445
133,4.436845773796829,870.5596902993483,384.6342216362072,376.3327903184214,402.48425799654797,0.3767599826388889
134,4.470205516456956,874.7238761197393,387.85368865448305,379.24794178706094,476.00669402163476,0.3783441840277778
135,4.5035652591170825,889.8895504478958,368.1414754617931,369.1269165063024,406.8241260247305,0.380849609375
136,4.536925001777209,898.9558201791584,360.2565901847173,362.69431592039473,436.12214096356183,0.38056315104166666
137,4.570284744437336,898.0823280716634,360.1026360738868,361.82772636815787,435.9492619987577,0.3777571614583333
138,4.603644487097462,897.7329312286654,360.0410544295546,362.8448757317085,439.0060239820741,0.3789008246527778
139,4.637004229757589,902.8431724914662,385.5164217718219,369.9153393317795,449.5720260310918,0.38063585069444444
140,4.670363972417715,892.8872689965865,374.7065687087287,369.7008057544316,460.0045980187133,0.38107421875
141,4.7037237150778415,888.9049075986345,373.3826274834914,369.60330385000987,470.0274429633282,0.3819954427083334
142,4.737083457737969,888.0619630394539,374.3530509933967,373.83458171723385,470.7241819705814,0.38226888020833333
143,4.770443200398095,880.9747852157816,361.2412203973588,376.78383268689356,424.3862139992416,0.3824826388888889
144,4.803802943058221,878.1399140863127,358.9964881589435,377.45677758877855,421.4540089596994,0.38301432291666665
145,4.837162685718348,880.0059656345251,364.09859526357735,379.52263405653383,450.52160404156893,0.3888758680555555
146,4.870522428378474,883.0023862538101,367.63943810543094,381.68646139644704,426.0525180143304,0.38831163194444446
147,4.903882171038601,884.950954501524,370.55577524217244,383.52362144904544,481.91520594991744,0.38631944444444444
148,4.937241913698728,888.7303818006096,374.7223100968691,385.21983382343143,405.7774589746259,0.3856662326388889
149,4.970601656358854,892.4921527202439,377.8889240387477,389.9551357187365,429.78162999497727,0.3909223090277777
150,5.003961399018981,887.9968610880975,364.15556961549925,394.12415461702403,421.8966809567064,0.3780870225694445
151,5.037321141679107,889.9487444352392,360.1622278461998,396.2928217149978,425.1773330033757,0.3759483506944445
152,5.070680884339233,893.7294977740955,361.5648911384798,397.76712868599907,437.1949060005136,0.3781901041666667
153,5.10404062699936,899.7417991096381,368.12595645539193,399.85685147439955,450.18239301862195,0.380048828125
154,5.1374003696594865,917.1467196438552,394.7503825821566,399.94274058975975,443.7698560068384,0.38037760416666666
155,5.170760112319614,925.6086878575421,396.40015303286276,397.9497987631208,480.5133320041932,0.38067165798611113
156,5.20411985497974,932.7434751430169,398.5600612131451,401.5368627593216,490.77356298221275,0.3819715711805556
157,5.237479597639866,940.0973900572067,402.424024485258,402.45834740090595,447.4266999750398,0.3825661892361111
158,5.270839340299993,948.2889560228828,411.46960979410323,423.84900391524707,447.1625710139051,0.38355685763888886
159,5.304199082960119,955.315582409153,422.5878439176414,424.98410989959524,468.72624900424853,0.38456922743055555
160,5.3375588256202455,959.6262329636613,436.0351375670565,431.7436439598381,479.7133660176769,0.39880316840277785
161,5.370918568280373,962.1004931854645,451.9140550268227,435.28197733580197,463.4688250371255,0.40080946180555554
162,5.404278310940499,950.3401972741858,492.7656220107291,502.6071734773853,476.7738439841196,0.40091796874999996
163,5.437638053600626,952.3860789096743,507.6062488042916,511.785123160906,461.5075110341422,0.4005067274305556
164,5.470997796260752,895.4544315638697,578.0424995217168,524.5327994983368,460.77325398800895,0.40125
165,5.504357538920878,857.6817726255479,639.2169998086866,522.5631197993346,444.6161620435305,0.3974934895833333
166,5.537717281581005,841.8227090502191,662.1867999234747,525.5252479197338,445.69390796823427,0.39370442708333336
167,5.571077024241132,830.9790836200876,665.3747199693898,528.9600991678934,434.3320789630525,0.3920594618055556
168,5.604436766901258,819.891633448035,653.1498879877561,531.7017292384305,455.5199710302986,0.3912749565972222
169,5.637796509561385,813.2066533792141,646.7599551951024,531.4306916953722,395.992663979996,0.39053276909722223
170,5.671156252221511,813.5326613516855,650.2039820780409,529.3034463467451,398.72361201560125,0.3900857204861111
171,5.704515994881638,817.4130645406742,656.0815928312163,527.4713785386981,403.72781100450084,0.38888020833333337
172,5.737875737541764,806.9652258162696,631.4326371324865,531.2615642685038,390.27828502003103,0.3889919704861111
173,5.771235480201891,806.536090326508,629.0730548529948,490.00462570740154,437.7735129673965,0.38247938368055556
174,5.804595222862018,810.1144361306033,635.6292219411979,502.00185028296056,422.9710520012304,0.3809733072916667
175,5.837954965522144,813.7957744522413,642.7516887764791,499.30074011318425,435.42677600635216,0.3817035590277778
176,5.871314708182271,819.7683097808965,651.6006755105916,500.4702960452737,440.2231830172241,0.38129448784722225
177,5.904674450842397,825.1573239123586,661.1402702042367,501.6881184181094,401.17807395290583,0.38224283854166663
178,5.938034193502523,824.3129295649433,661.9561080816947,503.6752473672439,436.83384999167174,0.3827289496527778
179,5.9713939361626505,829.2251718259773,678.7824432326778,503.7200989468976,430.4171409457922,0.3836414930555555
180,6.004753678822777,828.1900687303909,679.5129772930711,492.66738449359593,421.4121469995007,0.3846495225694444
181,6.038113421482903,827.7760274921565,679.8051909172285,509.7452158315035,443.9722010283731,0.3860687934027778
182,6.07147316414303,827.6104109968626,679.9220763668915,515.1480863326015,414.9665140430443,0.3870974392361111
183,6.104832906803156,827.544164398745,679.9688305467566,518.8092345330405,390.9529370139353,0.38652343749999996
184,6.138192649463283,827.517665759498,679.9875322187027,521.0236938132164,428.1229290063493,0.3842133246527778
185,6.1715523921234094,827.5070663037992,679.9950128874809,523.4094775252865,423.518345982302,0.38228515625
186,6.204912134783536,827.5028265215196,679.9980051549924,524.3637910101147,407.3378790053539,0.38212890625
187,6.238271877443663,827.501130608608,679.9992020619969,522.4107532035803,396.19034697534516,0.3814529079861111
188,6.271631620103789,827.5004522434432,679.9996808247988,510.6791666035767,402.2369119920768,0.3830110677083333
189,6.304991362763915,827.5001808973773,679.9998723299195,510.2716666414307,407.17123402282596,0.3822580295138889
190,6.338351105424042,827.5000723589508,679.9999489319679,508.60866665657227,389.08210798399523,0.38106987847222223
191,6.371710848084168,799.0000289435804,691.9999795727871,511.38190780422246,382.45583802927285,0.38961480034722223
192,6.4050705907442955,787.600011577432,696.7999918291149,507.55276312168905,375.1764899934642,0.3898697916666667
193,6.438430333404422,786.7900046309728,697.2199967316459,505.2711052486756,358.3535939687863,0.387138671875
194,6.471790076064548,786.4660018523891,697.3879986926581,515.155130668685,378.2902520033531,0.3852994791666666
195,6.505149818724675,772.8364007409556,688.4551994770634,515.812052267474,426.7517509870231,0.38324761284722225
196,6.538509561384801,768.1345602963823,689.3820797908254,517.5748209069897,391.0133889876306,0.3818728298611111
197,6.571869304044927,765.5038241185528,700.2528319163303,519.7799283627959,370.4114650026895,0.3732964409722222
198,6.6052290467050545,767.4515296474212,701.6011327665321,521.4119713451182,361.765647016,0.3722819010416667
199,6.638588789365181,769.7306118589686,705.1404531066129,523.5647885380473,377.08036199910566,0.371279296875
200,6.671948532025308,770.6422447435874,706.5561812426452,533.3446518327521,602.5913450284861,0.3692534722222222
201,6.705308274685434,779.256897897435,687.6224724970581,531.337860733101,606.453034968581,0.3708409288194444
202,6.73866801734556,780.452759158974,681.5489889988232,531.2851442932404,494.0157830133103,0.3733810763888889
203,6.772027760005687,779.4311036635895,679.1195955995294,533.5140577172962,591.7862600181252,0.3567621527777778
204,6.8053875026658135,780.5224414654358,678.1478382398118,533.7499935406727,509.59048594813794,0.36270507812499997
205,6.83874724532594,779.4589765861745,677.7591352959247,533.749997416269,405.91500501614064,0.36816948784722225
206,6.872106987986067,779.0335906344696,677.6036541183701,533.7499989665077,403.70491199428216,0.35990125868055556
207,6.905466730646193,778.8634362537879,677.5414616473481,532.249999586603,386.80550502613187,0.35984700520833335
208,6.93882647330632,778.7953745015152,677.5165846589391,529.3499883796183,396.78073301911354,0.3606727430555555
209,6.972186215966446,767.518149800606,649.0066338635756,527.4899953518473,420.0699459761381,0.3495355902777778
210,7.0055459586265725,761.5072599202424,637.6026535454303,527.962269569225,432.9579520272091,0.36025173611111105
211,7.0389057012867,758.3529039680969,634.5410614181721,523.18490782769,406.9782979786396,0.3609461805555556
212,7.072265443946826,758.5911615872387,642.3164245672689,522.023963131076,420.03214900614694,0.3612619357638889
213,7.105625186606953,766.1864646348955,675.4265698269078,523.0595852524305,423.136665020138,0.36267795138888886
214,7.138984929267079,733.2245858539582,631.6706279307631,524.9738341009722,399.46484297979623,0.36138780381944446
215,7.172344671927205,723.0398343415834,626.1682511723053,531.4748057597292,396.1317630019039,0.36138454861111113
216,7.205704414587332,722.7159337366334,637.4673004689221,533.5899223038916,384.4813359901309,0.3623806423611111
217,7.2390641572474586,721.8363734946533,646.4869201875689,533.6859689215567,393.70201295241714,0.3627430555555555
218,7.272423899907585,701.2345493978614,681.5947680750277,424.8325612173415,371.91463995259255,0.3635167100694444
219,7.305783642567712,728.2438197591446,661.1379072300111,381.43302448693663,424.8247349751182,0.35838650173611114
220,7.339143385227838,730.7975279036577,681.4551628920044,362.5138928244776,363.95385599462315,0.36230251736111113
221,7.372503127887965,730.3190111614631,680.5820651568018,353.02236080439184,373.5042529879138,0.36911132812499997
222,7.405862870548091,736.1276044645854,695.2328260627207,348.95894432175675,347.59437903994694,0.3746907552083334
223,7.4392226132082175,742.2010417858341,702.5931304250884,340.5835777287026,329.68152198009193,0.3802745225694445
224,7.472582355868345,741.6304167143336,702.5372521700353,336.48343109148107,351.7174629960209,0.3863888888888889
225,7.505942098528471,703.1521666857334,650.0149008680139,334.8433724365924,334.4460789812729,0.38778428819444444
226,7.539301841188597,621.7608666742934,509.0059603472058,337.187348974637,394.7252910002135,0.39071614583333336
227,7.572661583848724,586.2043466697173,458.60238413888226,339.62493958985476,372.67700798111036,0.39248589409722223
228,7.60602132650885,565.2317386678869,442.9409536555529,338.3499758359419,461.1858879798092,0.39346788194444443
229,7.639381069168977,553.8426954671547,436.6763814622212,339.3399903343767,436.25383597100154,0.3978287760416666
230,7.672740811829104,550.0370781868619,438.6705525848885,342.7359961337507,356.1152259935625,0.39307291666666666
231,7.70610055448923,549.2648312747449,440.96822103395544,317.84439845350033,430.5722549906932,0.38736219618055556
232,7.739460297149357,545.9559325098979,435.8872884135821,319.8877593814002,395.2807629830204,0.38245876736111106
233,7.772820039809483,544.6323730039592,433.85491536543276,291.45510375256003,418.2967809611,0.3881282552083334
234,7.806179782469609,548.6029492015837,436.0419661461731,281.582041501024,395.6912899739109,0.39074869791666667
235,7.839539525129736,553.9411796806335,441.41678645846923,279.1328166004096,387.59774196660146,0.39508463541666666
236,7.872899267789863,563.5764718722534,452.56671458338764,288.6531266401638,433.7033309857361,0.39512044270833335
237,7.90625901044999,569.6805887489013,458.5266858333551,284.2112506560655,400.52680898224935,0.39955729166666665
238,7.939618753110116,561.6222354995605,445.9106743333421,275.68450026242624,410.06715601542965,0.4058192274305555
239,7.972978495770242,556.8988941998242,446.8642697333368,273.02380010497046,433.28982597449794,0.4091341145833333
240,8.006338238430368,556.5095576799297,462.2457078933348,275.58892087943366,413.98870100965723,0.4092003038194444
241,8.039697981090496,552.6038230719719,469.8982831573338,280.4855683517734,425.9522390202619,0.4130208333333333
242,8.073057723750622,561.5415292287888,439.9593132629335,283.1942273407094,378.70018801186234,0.39641059027777775
243,8.106417466410749,562.1166116915156,424.98372530517344,285.02769093628376,457.9185370239429,0.3966124131944445
244,8.139777209070875,561.5966446766063,426.4934901220694,285.76107637451355,411.8807059712708,0.404697265625
245,8.173136951731001,561.3886578706424,430.09739604882776,285.05942548523,401.09623700845987,0.39839084201388886
246,8.206496694391127,561.305463148257,437.5389584195311,288.773770194092,433.31613700138405,0.39163194444444444
247,8.239856437051255,562.0221852593028,448.0155833678125,289.6671244790478,425.66078196978197,0.39681640625
248,8.273216179711381,562.3088741037211,458.2062333471249,290.61684979161913,434.1235139872879,0.3994129774305556
249,8.306575922371508,561.6735496414884,463.78249333884986,291.08264430429347,408.56368403183296,0.4018760850694445
250,8.339935665031634,559.9194198565953,469.0129973355398,291.9330577217173,383.3367570186965,0.40364257812500004
251,8.37329540769176,559.217767942638,474.1051989342159,301.9653817553816,385.23633900331333,0.4090386284722223
252,8.406655150351888,561.9371071770553,473.1420795736864,305.28615270215266,373.29188402509317,0.41048719618055557
253,8.440014893012014,563.7748428708221,474.2568318294746,308.1144610808611,438.01382096717134,0.41485243055555554
254,8.47337463567214,578.0099371483288,450.7027327317899,311.49578443234446,452.46691099600866,0.4057421875
255,8.506734378332267,583.7039748593315,447.2810930927159,316.59831377293773,428.79226396325976,0.409267578125
256,8.540094120992393,585.2315899437326,459.4124372370863,319.60926603271423,389.69769299728796,0.41166015624999996
257,8.57345386365252,585.092635977493,471.7649748948345,322.84370641308567,423.72938100015745,0.41180772569444446
258,8.606813606312647,588.0370543909972,482.70598995793375,321.55296202695763,423.6818249919452,0.4144444444444444
259,8.640173348972773,584.7148217563989,505.0823959831735,312.3711848107831,421.71319300541654,0.41636284722222217
260,8.6735330916329,587.1359287025596,515.5329583932694,309.44847392431325,436.9703499833122,0.41320746527777774
261,8.706892834293026,588.1043714810238,519.7131833573078,310.52938956972525,437.89295497117564,0.39666232638888893
262,8.740252576953154,610.2417485924095,483.885273342923,313.2117558278901,428.8991140201688,0.40753580729166666
263,8.77361231961328,619.0966994369637,472.5541093371691,313.5347023311561,401.7580430372618,0.41147677951388884
264,8.806972062273406,615.1386797747855,468.02164373486744,309.1638809324624,398.68908101925626,0.40201388888888884
265,8.840331804933532,615.0554719099141,466.20865749394693,305.91555237298496,393.0593100376427,0.40481336805555557
266,8.873691547593658,627.7721887639657,439.9834629975789,294.1162209491939,411.1860719858669,0.40721245659722216
267,8.907051290253785,633.6088755055863,427.9933851990316,288.6464883796775,421.67361499741673,0.4095562065972222
268,8.940411032913913,620.1935502022345,394.69735407961264,287.20859535187105,432.33404302736744,0.41241319444444446
269,8.973770775574039,612.5774200808938,382.8789416318451,285.88343814074835,398.8725200179033,0.4138910590277778
270,9.007130518234165,607.2809680323575,382.6515766527381,285.3533752562994,363.8786459923722,0.4133908420138889
271,9.040490260894291,602.912387212943,387.0606306610952,285.67226827922,385.34729002276435,0.41397243923611116
272,9.073850003554417,598.9149548851772,393.32425226443803,289.76890731168794,414.47478299960494,0.4023860677083333
273,9.107209746214545,594.3159819540709,401.82970090577527,288.4075629246752,387.04197300830856,0.4026345486111111
274,9.140569488874672,590.2263927816283,409.7318803623101,287.11302516987007,376.4588020276278,0.3943728298611111
275,9.173929231534798,587.0905571126513,415.89275214492386,286.5952100679481,343.71948800981045,0.39632486979166665
276,9.207288974194924,585.0862228450605,419.8571008579695,284.1380840271793,362.394571013283,0.3998263888888889
277,9.24064871685505,585.7844891380242,430.44284034318775,283.49870697001995,322.969239030499,0.4064518229166667
278,9.274008459515178,586.8137956552097,454.17713613727506,285.149482788008,360.85116100730374,0.4101378038194445
279,9.307368202175304,587.2255182620838,478.67085445491,287.3097931152032,334.19244695687667,0.40223307291666666
280,9.34072794483543,587.3902073048334,497.4683417819639,288.17391724608126,316.7590189841576,0.41666992187499996
281,9.374087687495557,579.9560829219333,489.9873367127856,286.9252737962661,360.938789031934,0.4164116753472222
282,9.407447430155683,591.9824331687734,513.9949346851142,287.2701095185065,385.0962850265205,0.41476562499999997
283,9.44080717281581,595.2929732675093,526.5979738740457,287.0331307037493,350.16217501834035,0.4142263454861111
284,9.474166915475937,591.3671893070037,476.1391895496182,284.3132522814998,330.5835130158812,0.4143565538194445
285,9.507526658136063,605.5468757228015,496.45567581984733,282.4753009125999,363.50004601990804,0.41421657986111116
286,9.54088640079619,605.2187502891206,504.582270327939,282.49012036503996,341.72363503603265,0.4104361979166667
287,9.574246143456316,576.5875001156483,459.8329081311756,281.746048146016,347.133040020708,0.4115668402777778
288,9.607605886116442,561.3850000462593,446.43316325247014,279.9484192584064,359.6072200452909,0.4021126302083334
289,9.64096562877657,562.0540000185036,460.573265300988,278.4793677033625,342.59483398636803,0.4031206597222223
290,9.674325371436696,559.3216000074015,466.2293061203952,280.141747081345,366.2374920095317,0.40100802951388886
291,9.707685114096822,560.4786400029606,475.99172244815804,280.056698832538,382.2133590001613,0.4037673611111111
292,9.741044856756949,561.6914560011843,493.3966889792632,280.0226795330151,527.5880470289849,0.4060546875
293,9.774404599417075,571.1765824004736,497.35867559170526,280.7590718132061,420.3971230308525,0.4059103732638889
294,9.807764342077203,610.2206329601894,434.443470236682,281.05362872528235,352.660367032513,0.40561957465277776
295,9.841124084737329,625.8382531840757,415.2773880946728,281.171451490113,403.50355295231566,0.40453667534722226
296,9.874483827397455,634.3353012736303,424.1109552378691,278.96858059604523,385.1156249875203,0.40331597222222226
297,9.907843570057581,633.9841205094522,438.14438209514776,278.83743223841816,422.08692198619246,0.40087131076388893
298,9.941203312717708,617.3436482037808,422.7577528380591,280.2849728953672,410.3443970088847,0.40120985243055557
299,9.974563055377835,609.9374592815124,418.1031011352236,281.61398915814686,386.97923201834783,0.40074761284722216
300,10.007922798037962,607.724983712605,417.74124045408945,281.39559566325875,375.00519602326676,0.3990549045138889
301,10.041282540698088,607.5899934850419,419.0964961816357,279.0582382653035,384.6890769782476,0.4000954861111111
302,10.074642283358214,609.0359973940168,419.6385984726543,279.62329530612146,367.1436560107395,0.40284939236111117
303,10.10800202601834,620.1143989576067,395.85543938906153,280.5993181224486,403.633380017709,0.39962999131944443
304,10.141361768678467,625.2957595830427,387.8421757556247,280.9897272489795,402.8345660190098,0.39844835069444445
305,10.174721511338594,631.118303833217,392.13687030224975,282.6458908995918,393.6349709983915,0.3984581163194444
306,10.20808125399872,635.6973215332868,401.3547481208998,284.0583563598367,391.0199709935114,0.3971516927083334
307,10.241440996658847,639.0289286133146,411.04189924835987,287.6233425439346,368.13241796335205,0.38752604166666665
308,10.274800739318973,641.8615714453258,417.9167596993438,282.2993370175739,369.22319198492914,0.3852549913194445
309,10.3081604819791,643.7446285781302,425.1667038797375,280.9197348070296,384.02322900947183,0.38472981770833337
310,10.341520224639227,644.4978514312521,428.06668155189516,279.79870928258526,409.3953760457225,0.3836165364583334
311,10.374879967299353,645.5491405725008,433.726672620758,280.8971575691247,393.3449450414628,0.38299696180555565
312,10.40823970995948,648.2196562290003,434.4906690483031,281.85886302764993,341.40786004718393,0.38095052083333336
313,10.441599452619606,649.2878624916001,434.79626761932116,282.99354521106005,359.5267100026831,0.3811534288194445
314,10.474959195279732,650.46514499664,433.41850704772855,268.44741808442393,336.0783589887433,0.37971788194444445
315,10.50831893793986,652.436057998656,426.86740281909135,267.1289672337696,379.84581099590287,0.3770887586805556
316,10.541678680599986,650.2244231994623,424.2469611276367,268.10158689350783,374.061739013996,0.3770583767361111
317,10.575038423260112,648.5897692797851,424.6987844510548,269.99063475740314,371.442126983311,0.3780056423611111
318,10.608398165920239,640.4359077119141,421.87951378042186,270.7462539029613,352.03861800255254,0.3759613715277778
319,10.641757908580365,633.4243630847657,422.2518055121688,273.2985015611844,432.5690389960073,0.3861555989583333
320,10.675117651240491,638.1197452339062,398.4007222048674,275.0694006244737,396.87701099319384,0.3883376736111111
321,10.708477393900619,635.4978980935624,391.86028888194693,276.5277602497895,372.7640379802324,0.3900835503472222
322,10.741837136560745,630.699159237425,393.74411555277874,276.3611040999158,432.3729399475269,0.38992838541666663
323,10.775196879220871,627.2796636949699,394.49764622111155,271.0444416399663,382.19117803964764,0.39427734375
324,10.808556621880998,625.1618654779879,393.2990584884445,268.1677766559866,345.5858170054853,0.39702039930555555
325,10.841916364541124,628.0647461911951,400.3196233953778,263.26711066239466,399.8821129789576,0.3985568576388889
326,10.875276107201252,626.225898476478,403.12784935815114,259.8068442649578,353.90294902026653,0.395283203125
327,10.908635849861378,623.2403593905913,402.7511397432605,253.17273770598305,408.2851790008135,0.3945290798611111
328,10.941995592521504,622.0461437562365,402.60045589730424,246.7690950823932,387.4064690317027,0.3896354166666667
329,10.97535533518163,628.3184575024945,392.04018235892164,238.95763803295722,412.6796090276912,0.38239149305555553
330,11.008715077841757,633.0773830009979,383.3160729435687,233.58305521318286,425.8756429771893,0.37063151041666664
331,11.042074820501885,635.7309532003992,375.3264291774276,231.43322208527314,473.46453403588384,0.3777256944444445
332,11.07543456316201,638.2923812801597,375.130571670971,244.07328883410926,474.8081620200537,0.37024197048611107
333,11.108794305822137,640.066952512064,379.55222866838835,234.87931553364376,442.65381497098133,0.36947591145833336
334,11.142154048482263,640.7767810048256,387.3208914673553,246.20172621345748,438.3145869942382,0.3743207465277777
335,11.17551379114239,640.3107124019301,397.928356586942,237.98069048538304,392.1031350037083,0.37585286458333333
336,11.208873533802516,638.624284960772,408.1713426347767,235.44227619415318,397.38375501474366,0.3773687065972222
337,11.242233276462644,635.6997139843088,419.76853705391073,236.67691047766135,404.5488239498809,0.3877788628472222
338,11.27559301912277,633.0298855937235,433.4074148215643,237.17076419106448,433.966017968487,0.38730685763888884
339,11.308952761782896,630.4619542374894,441.8629659286256,235.11830567642585,443.3419010019861,0.3851508246527778
340,11.342312504443022,628.6847816949958,449.74518637145025,232.79732227057036,446.41524099279195,0.3739105902777778
341,11.375672247103148,625.7239126779983,454.3980745485801,234.1189289082281,411.71552502783015,0.3790874565972222
342,11.409031989763276,622.2895650711994,460.7592298194321,235.39757156329125,424.685159989167,0.37940972222222225
343,11.442391732423403,618.6658260284797,467.8036919277729,238.90902862531647,411.75367101095617,0.3792751736111111
344,11.475751475083529,614.2163304113919,473.6214767711092,242.5636114501266,437.63562000822276,0.37863715277777776
345,11.509111217743655,610.9365321645568,478.94859070844376,247.7754445800506,425.86877598660067,0.3757107204861111
346,11.542470960403781,625.3746128658228,434.5794362833776,248.36017783202024,441.1602970212698,0.3529220920138889
347,11.57583070306391,627.3998451463291,418.33177451335104,250.8440711328081,470.9369250340387,0.3567013888888889
348,11.609190445724035,630.4599380585316,419.3327098053404,251.83762845312327,456.3910400029272,0.3474457465277778
349,11.642550188384162,629.4339752234126,421.2330839221362,252.9850513812493,434.641562984325,0.3477289496527778
350,11.675909931044288,625.273590089365,423.4932335688545,253.4440205524997,472.12641302030534,0.348369140625
351,11.709269673704414,622.8594360357461,428.8972934275418,255.1276082209999,475.88097397238016,0.3499262152777778
352,11.742629416364542,620.3937744142984,437.05891737101683,257.3010432883999,465.49733297433704,0.3495768229166666
353,11.775989159024668,617.9075097657193,446.32356694840666,257.42041731536,428.4791329992004,0.34991427951388887
354,11.809348901684794,613.1630039062877,448.52942677936267,266.468166926144,420.87116895709187,0.34949001736111107
355,11.84270864434492,608.2652015625151,452.411770711745,269.2992013454562,444.03989100828767,0.35783203125
356,11.876068387005047,631.8060806250061,402.96470828469796,274.2196805381824,414.2005540197715,0.3564984809027777
357,11.909428129665173,638.9724322500024,390.68588331387923,274.6878722152729,407.1925629978068,0.35637478298611114
358,11.942787872325301,636.588972900001,390.2743533255516,269.51958507330926,399.0602269768715,0.3466037326388889
359,11.976147614985427,638.6355891600003,390.1097413302206,268.30783402932377,388.4468439500779,0.3483452690972223
360,12.009507357645553,635.7042356640001,406.5438965320882,270.07313361172953,425.66893895855173,0.35179144965277775
361,12.04286710030568,635.2816942656001,417.6175586128353,271.52925344469185,436.1487860442139,0.3514420572916666
362,12.076226842965806,636.61267770624,425.0470234451341,273.6117013778768,439.0751330065541,0.35121853298611105
363,12.109586585625934,637.895071082496,432.5188093780536,276.6946805511507,433.183207991533,0.35102539062500004
364,12.14294632828606,639.1580284329984,437.0075237512214,279.42787222046024,495.56022201431915,0.3500911458333333
365,12.176306070946186,641.1632113731993,441.80300950048854,282.02114888818414,428.34530101390556,0.34860460069444443
366,12.209665813606312,643.4652845492797,443.7212038001953,284.5584595552737,399.1459070239216,0.35101562500000005
367,12.243025556266439,642.1361138197119,451.98848152007815,287.8233838221094,393.559719028417,0.3509038628472222
368,12.276385298926566,642.3544455278848,456.79539260803125,289.12935352884375,402.9721969855018,0.3508962673611111
369,12.309745041586693,645.441778211154,455.7181570432125,291.1517414115375,400.73032199870795,0.35140625
370,12.343104784246819,645.9267112844616,459.7872628172851,294.960696564615,365.0889180134982,0.35162109374999995
371,12.376464526906945,646.8706845137847,462.9149051269141,294.98427862584595,396.4264909736812,0.35148111979166663
372,12.409824269567071,644.2482738055139,464.16596205076576,294.9937114503384,378.56180901871994,0.3521440972222222
373,12.443184012227197,638.6993095222055,455.66638482030623,297.9974845801354,347.82868198817596,0.35289062499999996
374,12.476543754887325,634.9797238088822,455.26655392812256,300.6989938320541,405.2888760343194,0.34972764756944447
375,12.509903497547452,632.7418895235529,456.60662157124904,304.02959753282164,400.6801350042224,0.3502473958333333
376,12.543263240207578,633.3467558094212,460.1426486284996,307.6118390131286,401.86123398598284,0.3479611545138889
377,12.576622982867704,633.5887023237684,467.5570594513998,312.04473560525145,409.05786195071414,0.33114366319444444
378,12.60998272552783,633.6854809295073,470.5228237805599,316.0678942421006,409.7687129979022,0.3313856336805556
379,12.643342468187958,632.2241923718029,474.70912951222397,320.67715769684025,441.6594880167395,0.33583658854166665
380,12.676702210848084,632.3896769487212,477.8836518048896,315.770863078736,405.7890149997547,0.3356499565972223
381,12.71006195350821,632.4558707794885,485.15346072195587,312.30834523149434,430.7313309982419,0.3375509982638889
382,12.743421696168337,631.7323483117955,495.5613842887823,311.6733380925977,451.3264889828861,0.33853407118055556
383,12.776781438828463,629.9429393247182,508.72455371551297,313.8706161590957,419.443616992794,0.34223741319444445
384,12.810141181488591,641.9771757298873,485.4898214862053,315.2982464636382,371.1090600118041,0.34341688368055556
385,12.843500924148717,646.7908702919549,479.1959285944821,309.6570936379262,370.7418699632399,0.3463324652777777
386,12.876860666808843,647.216348116782,476.67837143779286,306.8628374551705,371.84333900222555,0.34690755208333335
387,12.91022040946897,648.8865392467128,472.67134857511724,305.7451349820682,356.0930530074984,0.3498546006944445
388,12.943580152129096,650.3046156986851,466.56853943004677,306.7980539928273,402.9419760336168,0.35327690972222225
389,12.976939894789224,648.6218462794741,453.6274157720187,308.71922159713085,345.5810170271434,0.35483723958333335
390,13.01029963744935,644.1987385117898,443.95096630880755,313.9876886388523,368.6320260167122,0.35416775173611115
391,13.043659380109476,640.1794954047159,441.58038652352286,307.09507545554095,345.47189297154546,0.35523003472222225
392,13.077019122769602,636.3217981618864,439.1321546094092,304.3380301822163,390.08797996211797,0.35575412326388894
393,13.110378865429729,634.7787192647545,441.1528618437636,304.7352120728865,412.024638033472,0.35339735243055553
394,13.143738608089855,636.4114877059019,443.4611447375055,304.89408482915456,381.1380820116028,0.35216037326388894
395,13.177098350749983,640.8145950823607,448.88445789500213,305.7076339316618,400.35254799295217,0.3512836371527778
396,13.210458093410109,643.3258380329443,452.5537831580009,309.7830535726647,377.08824896253645,0.3466807725694444
397,13.243817836070235,646.5803352131777,458.5215132632004,312.16322142906597,364.56833401462063,0.3427940538194445
398,13.277177578730361,646.3821340852711,469.9086053052801,312.36528857162637,397.67160097835585,0.34518988715277776
399,13.310537321390488,646.3028536341085,480.4634421221119,312.44611542865056,389.79618897428736,0.3440473090277778
400,13.343897064050616,661.2711414536434,460.6853768488447,312.4784461714603,376.2447609915398,0.34517578125000004
401,13.377256806710742,675.5084565814573,445.2741507395379,314.7413784685841,386.90717198187485,0.33648437499999995
402,13.410616549370868,676.7033826325828,454.10966029581516,314.14655138743365,371.1921339854598,0.3391460503472222
403,13.443976292030994,677.1813530530333,457.64386411832606,312.4086205549735,347.81425102846697,0.3353656684027778
404,13.47733603469112,678.1225412212132,460.55754564733047,308.7134482219893,353.7079219822772,0.33355360243055554
405,13.510695777351248,679.2490164884853,469.22301825893214,309.48537928879574,420.98028695909306,0.33335069444444443
406,13.544055520011375,678.949606595394,477.18920730357286,303.7941517155183,407.21928398124874,0.34281032986111104
407,13.5774152626715,681.8298426381577,474.37568292142896,300.76766068620725,416.9190939865075,0.3434798177083333
408,13.610775005331627,688.2319370552631,465.7502731685716,295.8070642744829,388.35405895952135,0.33584418402777777
409,13.644134747991753,692.2927748221053,462.30010926742875,295.32282570979316,395.55449900217354,0.33499131944444444
410,13.67749449065188,691.6671099288421,462.42004370697157,295.1291302839173,451.8675400177017,0.33406250000000004
411,13.710854233312007,707.1668439715369,442.9680174827886,295.0516521135669,565.3883799677715,0.33622178819444437
412,13.744213975972134,714.8667375886148,438.1872069931155,292.77066084542673,524.9253880465403,0.3394466145833333
413,13.77757371863226,708.9466950354459,418.2748827972463,291.85826433817067,425.21400697296485,0.3309016927083333
414,13.810933461292386,706.5786780141784,419.30995311889853,289.99330573526817,389.14296100847423,0.33940212673611114
415,13.844293203952512,703.3814712056715,430.22398124755944,292.2473222941073,442.8649309556931,0.3385991753472222
416,13.87765294661264,703.6025884822685,443.5895924990237,292.39892891764293,514.0580550068989,0.3401920572916667
417,13.911012689272766,705.9410353929075,450.4358369996095,291.7095715670572,430.5498329922557,0.3393739149305556
418,13.944372431932893,694.126414157163,421.6743347998438,286.93382862682284,401.5991180203855,0.3391558159722222
419,13.977732174593019,687.1505656628652,411.66973391993764,283.523531450729,406.7208080086857,0.3340657552083333
420,14.011091917253145,683.6102262651461,409.16789356797517,285.15941258029164,426.7602990148589,0.33776475694444447
421,14.044451659913273,677.6940905060585,417.1671574271902,286.56376503211663,403.3561210380867,0.3413736979166667
422,14.0778114025734,670.8276362024235,429.3668629708762,289.37550601284664,390.4440960031934,0.3445442708333334
423,14.111171145233525,665.0810544809692,437.2467451883505,291.2502024051387,398.84687395533547,0.3455034722222222
424,14.144530887893652,662.0324217923877,441.8986980753402,294.25008096205545,387.05311698140576,0.35010199652777774
425,14.177890630553778,660.0629687169551,445.25947923013604,295.45003238482207,420.2404399984516,0.35068684895833335
426,14.211250373213906,660.775187486782,449.6037916920545,298.1800129539289,385.3110080235638,0.3534060329861112
427,14.244610115874032,659.5600749947129,454.34151667682187,291.0220051815715,368.46195301041007,0.36011718749999994
428,14.277969858534158,656.8240299978851,451.73660667072863,298.6588020726286,359.2420850181952,0.3584819878472222
429,14.311329601194284,649.729611999154,447.69464266829146,293.4635208290514,386.6999560268596,0.3549641927083333
430,14.34468934385441,644.6418447996616,447.57785706731653,292.8854083316206,389.7820529527962,0.35562065972222223
431,14.378049086514537,639.6067379198646,447.5311428269265,294.1541633326482,371.405276004225,0.35019314236111115
432,14.411408829174665,633.8426951679459,452.0124571307706,294.6616653330592,434.49562101159245,0.34986762152777784
433,14.444768571834791,629.2870780671784,452.3049828523082,295.43566048718736,445.06304699461907,0.35114257812499994
434,14.478128314494917,614.7148312268714,474.9219931409233,296.44586645328945,419.44032203173265,0.35039930555555554
435,14.511488057155043,601.3859324907485,489.96879725636927,298.5783465813159,445.35547599662095,0.3295062934027778
436,14.54484779981517,608.8043729962994,470.48751890254766,300.9313386325264,433.1407319987193,0.330546875
437,14.578207542475297,611.7717491985197,471.6950075610191,303.3725354530106,398.55352602899075,0.33318250868055554
438,14.611567285135424,632.458699679408,448.17800302440776,295.3490141812043,428.37178002810106,0.33650065104166665
439,14.64492702779555,640.7334798717632,444.7712012097631,294.38960567248176,416.14096402190626,0.3376334635416667
440,14.678286770455676,640.2933919487053,450.9084804839052,294.00584226899275,430.64950103871524,0.34002170138888893
441,14.711646513115802,637.1173567794822,459.36339219356205,296.1023369075971,420.9691439755261,0.34349609375
442,14.74500625577593,633.5969427117927,470.2453568774248,298.44093476303874,476.10853298101574,0.3364670138888889
443,14.778365998436056,634.4387770847171,473.09814275096994,298.6263739052155,423.601382994093,0.3465874565972222
444,14.811725741096183,631.7755108338869,465.23925710038793,300.20054956208617,437.0815209695138,0.34397677951388894
445,14.845085483756309,632.9602043335548,457.5957028401551,302.3302198248345,463.05866999318823,0.34560438368055557
446,14.878445226416435,632.684081733422,456.03828113606204,303.18208792993374,406.23172995401546,0.34522894965277784
447,14.911804969076561,629.5736326933688,461.41531245442485,303.5228351719735,428.37670200970024,0.3428276909722222
448,14.94516471173669,623.8294530773475,469.5661249817699,303.65913406878934,425.75475201010704,0.3414572482638889
449,14.978524454396815,617.031781230939,475.82644999270804,303.7136536275158,498.66844597272575,0.34123263888888894
450,15.011884197056942,625.5627124923756,443.83057999708313,302.23546145100624,500.12861797586083,0.34035373263888885
451,15.045243939717068,627.4750849969502,434.03223199883314,302.39418458040245,523.9296240033582,0.333447265625
452,15.078603682377194,625.9900339987801,434.61289279953337,301.70767383216094,435.29893801314756,0.33287109375
453,15.111963425037322,623.146013599512,436.3451571198134,301.43306953286435,430.36488798679784,0.33243055555555556
454,15.145323167697448,619.7584054398048,444.53806284792535,302.0732278131457,420.068351959344,0.33226128472222216
455,15.178682910357574,622.153362175922,443.31522513917014,303.82929112525835,443.81822302239016,0.3309613715277777
456,15.2120426530177,623.1113448703687,442.82609005566815,303.7817164501033,414.8940850282088,0.3308344184027778
457,15.245402395677827,622.7445379481475,441.13043602226725,303.76268658004125,466.2540249992162,0.33195203993055555
458,15.278762138337955,621.847815179259,444.95217440890684,306.00507463201654,439.22381004085764,0.3344086371527778
459,15.312121880998081,619.9891260717036,458.48086976356274,306.90202985280655,454.8455689800903,0.3364648437500001
460,15.345481623658207,618.4956504286814,477.39234790542514,307.26081194112265,404.22346198465675,0.3362543402777778
461,15.378841366318333,612.6482601714725,492.45693916217,299.1543247764491,481.77225404651836,0.3390603298611111
462,15.41220110897846,619.3093040685891,480.48277566486803,295.16172991057965,489.1036860062741,0.33907009548611106
463,15.445560851638586,608.4737216274357,457.6931102659472,292.8146919642319,461.24996698927134,0.3303624131944445
464,15.478920594298714,616.8894886509743,468.0772441063789,300.1258767856928,439.8180160205811,0.3380392795138889
465,15.51228033695884,616.5057954603897,446.73089764255144,303.8003507142771,417.0379190472886,0.3383051215277778
466,15.545640079618966,617.8523181841558,435.19235905702055,284.5735315095699,362.66359098954126,0.33692057291666666
467,15.578999822279092,619.1409272736623,432.0769436228082,278.07941260382796,385.96650498220697,0.3373480902777778
468,15.612359564939219,619.6563709094651,433.83077744912333,274.7317650415312,419.8308670311235,0.33701171874999997
469,15.645719307599347,619.112548363786,439.0323109796493,274.33328897828557,411.49628604762256,0.3369466145833333
470,15.679079050259473,615.8950193455144,447.1129243918597,275.4833155913143,400.38347902009264,0.3379112413194445
471,15.712438792919599,612.3580077382057,457.84516975674387,278.19332623652576,429.1336540482007,0.33066840277777776
472,15.745798535579725,608.6932030952823,460.63806790269757,281.52733049461034,465.8670959761366,0.332392578125
473,15.779158278239851,610.2272812381129,455.7552271610791,285.11093219784414,471.31801798241213,0.3333865017361111
474,15.81251802089998,613.0909124952452,452.30209086443165,289.54437287913765,465.05853201961145,0.334787326388889
475,15.845877763560106,617.2363649980981,453.92083634577267,293.56774915165505,437.2440990409814,0.3372591145833333
476,15.879237506220232,621.1445459992392,456.06833453830905,297.42709966066207,407.54262899281457,0.3403960503472223
477,15.912597248880358,627.2078183996957,453.92733381532355,300.4708398642648,444.0792329842225,0.33375651041666665
478,15.945956991540484,634.1331273598782,453.07093352612935,303.93833594570594,405.85582703351974,0.3355848524305555
479,15.979316734200612,638.4032509439512,455.7283734104516,306.0753343782824,400.83258104277775,0.3373643663194445
480,16.012676476860737,640.8613003775805,464.2913493641806,309.9301337513129,400.72379302000627,0.3373806423611111
481,16.046036219520865,643.3445201510323,473.7165397456724,309.52600482236505,379.4693580130115,0.34485026041666667
482,16.079395962180993,639.8378080604128,474.48661589826895,305.3104019289461,420.16950401011854,0.3458745659722222
483,16.112755704841117,638.4351232241652,477.79464635930765,304.3741607715785,417.568503995426,0.3462109375
484,16.146115447501245,638.624049289666,483.61785854372295,303.99966430863145,438.3214490371756,0.3460384114583333
485,16.17947519016137,648.4496197158664,478.44714341748926,299.2472845696135,412.847972009331,0.3457769097222222
486,16.212834932821497,653.1298478863465,489.8788573669957,295.94891382784533,410.7453019823879,0.3462760416666666
487,16.246194675481625,658.0019391545386,494.4515429467982,296.87956553113816,423.9376580226235,0.34752061631944453
488,16.27955441814175,662.9507756618154,496.2806171787193,298.7518262124553,425.218363001477,0.3494368489583334
489,16.312914160801878,666.4303102647261,497.01224687148783,299.5007304849821,401.8657820415683,0.34896592881944444
490,16.346273903462002,665.5721241058905,501.8048987485951,299.80029219399285,348.03670999826863,0.34365885416666664
491,16.37963364612213,665.9788496423562,508.2219594994381,302.17011687759714,388.7893130304292,0.3443912760416667
492,16.412993388782255,664.6415398569425,519.7887837997753,303.11804675103883,394.8031670297496,0.34465711805555554
493,16.446353131442383,666.3566159427771,537.9155135199101,304.9972187004155,381.55647699022666,0.3447374131944445
494,16.47971287410251,667.0426463771107,551.1662054079641,307.2488874801662,398.09765096288174,0.34506076388888884
495,16.513072616762635,665.0670585508443,563.9664821631857,310.39955499206656,412.14646003209054,0.34585720486111116
496,16.546432359422763,662.7768234203379,578.0865928652743,312.4098219968266,429.5756419887766,0.34799262152777777
497,16.579792102082887,658.8607293681353,595.7346371461098,315.46392879873065,525.1514309784397,0.35217122395833333
498,16.613151844743015,682.0442917472541,559.2938548584439,318.1855715194922,401.19918901473284,0.349140625
499,16.646511587403143,684.5677166989017,540.2175419433776,320.02422860779694,396.6491029714234,0.35070529513888893
500,16.679871330063268,683.3270866795607,537.0870167773512,322.25969144311875,437.7033499768004,0.35134331597222224
501,16.713231072723396,681.3308346718243,538.8348067109405,325.4038765772475,397.56719704018906,0.34457899305555556
502,16.74659081538352,681.2823338687298,550.0339226843762,327.411550630899,459.9532779539004,0.3460112847222222
503,16.779950558043648,680.5129335474919,559.0135690737504,329.7146202523595,460.77818400226533,0.347802734375
504,16.813310300703776,677.2051734189968,553.6054276295001,330.6358481009438,438.6926459847018,0.34294921875000006
505,16.8466700433639,676.6320693675988,549.9421710518,331.0043392403775,441.53906899737194,0.34378797743055556
506,16.88002978602403,650.9028277470395,497.47686842072,332.6517356961509,426.58790899440646,0.34375759548611107
507,16.913389528684153,641.3611310988158,477.990747368288,332.56069427846035,460.3677980485372,0.34380967881944446
508,16.94674927134428,636.7944524395263,471.69629894731514,334.7742777113841,478.8887780159712,0.33866102430555556
509,16.98010901400441,634.2177809758106,473.6785195789261,337.15971108455363,458.8923699920997,0.33976236979166663
510,17.013468756664533,632.4371123903243,478.9714078315705,339.61388443382145,461.7598540498875,0.33945529513888884
511,17.04682849932466,630.9748449561298,485.5885631326282,341.34555377352854,487.8247030428611,0.34098958333333335
512,17.080188241984786,630.3899379824519,494.23542525305123,343.5382215094114,466.83636301895604,0.3414040798611111
513,17.113547984644914,630.9059751929807,502.19417010122044,345.91528860376445,467.1884530107491,0.33615234375
514,17.14690772730504,629.6123900771922,514.3776680404881,349.8661154415057,467.7401710068807,0.3383658854166666
515,17.180267469965166,618.5949560308769,552.2510672161955,352.9464461766023,464.93269404163584,0.34106879340277774
516,17.213627212625294,635.1879824123507,531.400426886478,353.4285784706409,427.44264198699966,0.3446809895833334
517,17.24698695528542,644.0751929649402,521.5601707545911,345.37143138825627,469.91424495354295,0.34705837673611106
518,17.280346697945546,649.8800771859761,522.1240683018366,344.3985725553025,469.6019340190105,0.34955186631944446
519,17.313706440605674,652.9520308743905,529.8496273207346,344.009429022121,453.052839031443,0.3505859375
520,17.3470661832658,650.4308123497561,534.4398509282937,346.1037716088483,485.4797709849663,0.3512684461805555
521,17.380425925925927,667.4223249399024,494.2759403713174,346.1915086435394,458.6521800374612,0.35168945312499994
522,17.41378566858605,674.9689299759609,482.71037614852685,346.2266034574158,437.3413150315173,0.36173828125000007
523,17.44714541124618,680.2375719903844,482.58415045941086,346.99064138296626,425.0773979583755,0.36316948784722225
524,17.480505153906307,686.0950287961538,490.03366018376425,348.7962565531866,405.88772104820237,0.36413628472222226
525,17.51386489656643,683.9380115184615,493.01346407350565,351.7685026212746,452.8985740034841,0.3653211805555555
526,17.54722463922656,680.8252046073846,498.7053856294023,339.45740104850984,433.4245549980551,0.3662890625
527,17.580584381886684,677.3300818429539,508.48215425176085,333.7829604194038,432.39562900271267,0.3691102430555555
528,17.613944124546812,674.4320327371815,509.3928617007043,331.51318416776155,480.3374339826405,0.36636718749999997
529,17.647303867206936,674.7728130948726,509.7571446802818,331.3552736671046,462.01922598993406,0.36859266493055554
530,17.680663609867064,674.9091252379491,515.9028578721128,333.54210946684185,452.715752995573,0.37083224826388894
531,17.714023352527192,674.2136500951796,522.861143148845,330.66684378673676,445.13916497817263,0.3733040364583333
532,17.747383095187317,674.6854600380718,530.144457259538,328.0167375146946,438.74317104928195,0.37610026041666667
533,17.780742837847445,674.8741840152286,536.0577829038151,330.7066950058779,408.2163220155053,0.37301106770833337
534,17.81410258050757,661.4496736060914,520.4231131615261,333.2826780023511,477.5392719893716,0.37546875
535,17.847462323167697,656.8298694424366,533.6692452646104,334.3130712009404,460.3754039853811,0.3712760416666666
536,17.880822065827825,657.2319477769746,543.4676981058441,321.9752284803762,486.6681470302865,0.37363823784722217
537,17.91418180848795,658.1427791107899,548.8870792423377,323.04009139215043,498.56155400630087,0.37526475694444444
538,17.947541551148078,660.757111644316,561.5548316969351,322.7160365568602,464.75196100072935,0.37859483506944447
539,17.980901293808202,661.8028446577263,575.621932678774,324.0864146227441,464.46835197275504,0.3816471354166666
540,18.01426103646833,685.4711378630906,528.7487730715097,309.6345658490976,426.1315820040181,0.3826616753472223
541,18.047620779128458,693.4384551452363,509.9995092286039,303.1038263396391,430.2068999968469,0.3841243489583333
542,18.080980521788582,698.1253820580945,508.4998036914416,302.74153053585565,435.54443400353193,0.37925998263888894
543,18.11434026444871,697.0001528232377,513.8999214765767,300.34661221434226,504.4965880224481,0.3805924479166667
544,18.147700007108835,698.800061129295,526.5599685906307,300.88864488573694,456.10854600090533,0.3816666666666667
545,18.181059749768963,692.770024451718,524.1239874362523,300.3554579542948,493.93533502006903,0.3839529079861111
546,18.21441949242909,686.6080097806872,524.6495949745009,303.1421831817179,477.16618597041816,0.3791959635416666
547,18.247779235089215,670.6432039122749,503.8598379898002,305.75687327268713,445.483306015376,0.3780815972222222
548,18.281138977749343,661.2572815649099,504.54393519592,306.80274930907484,450.50576399080455,0.3731325954861111
549,18.314498720409468,656.002912625964,504.81757407836795,305.72109972363,454.838264035061,0.37296549479166663
550,18.347858463069596,653.9011650503855,501.9270296313472,303.7884398894521,480.7727870065719,0.37337890625
551,18.381218205729724,654.5604660201542,485.7708118525389,300.7653759557808,467.3784819897264,0.3720518663194444
552,18.414577948389848,662.3241864080617,488.3083247410156,290.55615038231235,439.79223899077624,0.37287868923611106
553,18.447937691049976,668.4296745632247,489.3233298964061,285.7224601529249,464.4073059898801,0.37348632812499993
554,18.4812974337101,670.1218698252899,488.2293319585625,279.28898406116997,440.7650090288371,0.37435763888888896
555,18.51465717637023,674.548747930116,516.291732783425,272.21559362446794,463.4548689937219,0.37481228298611113
556,18.548016919030356,661.3194991720463,482.51669311336997,266.3862374497872,473.1174989719875,0.37510091145833335
557,18.58137666169048,646.2777996688186,431.506677245348,261.0544949799148,490.11252797208726,0.37910481770833326
558,18.61473640435061,638.7611198675274,408.1026708981391,254.4217979919659,487.53857403062284,0.3751844618055556
559,18.648096147010733,635.0044479470109,397.2410683592557,246.51871919678644,492.49177594901994,0.37225368923611113
560,18.68145588967086,640.2517791788043,379.39642734370227,238.85748767871456,529.0605259942822,0.37396918402777773
561,18.71481563233099,652.8507116715217,366.2585709374809,230.5429950714858,483.4673469886184,0.3607313368055555
562,18.748175374991114,639.1402846686087,407.5034283749923,226.46719802859434,487.0112939970568,0.3613509114583333
563,18.78153511765124,639.6561138674434,412.0013713499969,224.83687921143775,472.6421409868635,0.35921875000000003
564,18.814894860311366,638.3624455469774,419.8005485399989,225.68475168457513,445.59707603184506,0.3548524305555556
565,18.848254602971494,632.594978218791,433.4202194159996,226.02390067383004,467.52750303130597,0.3584613715277778
566,18.88161434563162,638.5379912875164,407.36808776639987,228.40956026953205,462.34986698254943,0.35697048611111115
567,18.914974088291746,639.4151965150065,399.94723510656,229.3638241078129,529.8160710372031,0.3529296875
568,18.948333830951874,638.2660786060026,405.97889404262395,228.99552964312517,495.55583897745237,0.3498990885416666
569,18.981693573612,636.306431442401,408.39155761704956,229.59821185724996,514.6223399788141,0.35241536458333333
570,19.015053316272127,640.0225725769604,397.3566230468198,230.5892847429,451.01790502667427,0.34971137152777776
571,19.04841305893225,639.2590290307842,376.44264921872787,229.48571389716,461.6749990382232,0.35204644097222226
572,19.08177280159238,634.4536116123137,362.0770596874912,228.29428555886398,523.8720119814388,0.3484722222222222
573,19.115132544252507,632.5314446449255,356.33082387499655,225.56771422354558,441.5647530113347,0.3474305555555555
574,19.14849228691263,631.0125778579702,358.5323295499986,223.7270856894183,437.05849401885644,0.34510742187500004
575,19.18185202957276,630.4050311431881,359.4129318199995,222.24083427576733,449.857427040115,0.34809787326388886
576,19.215211772232884,627.9120124572752,358.26517272799975,220.89633371030692,448.5693749738857,0.3465928819444445
577,19.248571514893012,626.91480498291,357.8060690911998,220.35853348412277,444.35288896784186,0.3446831597222223
578,19.28193125755314,626.5159219931639,354.62242763647987,220.14341339364915,473.3486959594302,0.34421983506944454
579,19.315291000213264,626.3563687972656,353.3489710545919,217.0573653574598,514.8205820005387,0.3434375
580,19.348650742873392,625.5425475189063,351.3395884218368,217.32294614298388,441.1615010467358,0.3462413194444444
581,19.382010485533517,624.4670190075625,352.0358353687348,215.92917845719356,436.492875975091,0.34621202256944444
582,19.415370228193645,624.0368076030251,355.3143341474939,216.12167138287737,426.57433304702863,0.3461241319444444
583,19.448729970853773,623.86472304121,359.62573365899755,217.69866855315098,435.11265295092016,0.3474815538194444
584,19.482089713513897,623.795889216484,364.35029346359903,219.8294674212604,442.95733503531665,0.34773546006944445
585,19.515449456174025,623.0183556865936,367.7401173854395,222.18178696850416,436.17363896919414,0.3478374565972222
586,19.54880919883415,621.9573422746374,370.5960469541758,226.1227147874016,435.7885019853711,0.34896375868055557
587,19.582168941494277,620.7829369098549,373.23841878167025,228.44908591496073,406.752631010022,0.34825412326388894
588,19.615528684154405,619.5631747639419,375.795367512668,233.12963436598432,430.47673400724307,0.3485481770833333
589,19.64888842681453,617.5752699055768,376.8181470050671,238.0018537463938,427.7476849965751,0.3504036458333333
590,19.682248169474658,616.0301079622308,375.7272588020269,240.70074149855756,431.0365359997377,0.35090928819444445
591,19.715607912134782,613.9120431848924,372.29090352081073,243.28029659942305,447.0339599647559,0.3517751736111111
592,19.74896765479491,612.3148172739569,366.4163614083243,245.0621186397692,443.266817019321,0.3537543402777778
593,19.782327397455038,611.6759269095827,364.06654456332967,248.02484745590763,435.8181110001169,0.35603190104166665
594,19.815687140115163,613.6703707638331,367.6266178253318,249.2099389823631,429.5439170091413,0.3547775607638889
595,19.84904688277529,615.2181483055333,370.5506471301328,248.93397559294533,435.15252496581525,0.35473958333333333
596,19.882406625435415,616.5872593222133,373.22025885205306,248.8235902371781,413.37681899312884,0.3559743923611111
597,19.915766368095543,617.1349037288853,374.28810354082117,248.77943609487124,421.8203729833476,0.35751302083333336
598,19.94912611075567,617.3539614915542,374.7152414163286,248.76177443794856,423.43170900130644,0.36540907118055554
599,19.982485853415795,617.4415845966216,374.88609656653136,249.50470977517938,437.89674795698375,0.3658506944444444
600,20.015845596075923,618.9766338386486,374.9544386266125,251.3018839100718,421.11034598201513,0.360224609375
601,20.049205338736048,618.0906535354595,377.98177545064505,252.02075356402875,429.9209889722988,0.36089301215277775
602,20.082565081396176,617.7362614141838,382.192710180258,251.55830142561155,456.21634100098163,0.36269205729166665
603,20.1159248240563,616.0945045656734,386.8770840721032,252.12332057024463,464.90577299846336,0.3698741319444444
604,20.149284566716428,615.4378018262695,391.7508336288413,253.09932822809782,452.3385210195556,0.3702322048611112
605,20.182644309376556,613.6751207305077,396.70033345153655,254.9897312912391,409.7390549723059,0.37271050347222223
606,20.21600405203668,613.720048292203,397.1801333806145,257.24589251649564,423.2982089743018,0.37429470486111116
607,20.24936379469681,615.2380193168813,397.37205335224587,258.8983570065983,422.6824650540948,0.3693109809027778
608,20.282723537356933,615.8452077267525,400.44882134089823,258.8093428026394,409.3961879843846,0.3704904513888889
609,20.31608328001706,601.838083090701,376.17952853635927,261.0237371210558,395.9700829582289,0.37155598958333336
610,20.34944302267719,596.9852332362805,367.9718114145437,258.9094948484223,377.83224700251594,0.3742024739583334
611,20.382802765337313,601.7940932945122,351.18872456581755,257.3137979393689,369.92028198437765,0.3744487847222222
612,20.41616250799744,613.4676373178048,369.975489826327,256.6755191757475,395.82667005015537,0.3662434895833333
613,20.449522250657566,620.387054927122,384.9901959305308,255.67020767029908,406.30258299643174,0.36515407986111104
614,20.482881993317694,624.6548219708488,393.9960783722123,256.0180830681196,445.1468010083772,0.3656825086805555
615,20.51624173597782,627.1119287883395,402.0984313488849,255.40723322724787,447.39076599944383,0.3657204861111112
616,20.549601478637946,629.5947715153358,405.339372539554,255.91289329089918,441.3297330029309,0.3652452256944444
617,20.582961221298074,629.0879086061343,412.63574901582166,256.1151573163597,468.1501410086639,0.371474609375
618,20.6163209639582,629.6351634424537,420.05429960632864,256.19606292654385,438.77550901379436,0.3718446180555556
619,20.649680706618327,630.6040653769815,424.5217198425315,256.2284251706176,476.19871504139155,0.37329752604166666
620,20.683040449278455,634.7416261507926,421.8086879370127,256.2413700682471,517.113953945227,0.37305772569444445
621,20.71640019193858,636.396650460317,420.7234751748051,255.49654802729887,466.82713902555406,0.3731618923611111
622,20.749759934598707,637.0586601841269,423.289390069922,254.44861921091956,455.9246790013276,0.37525065104166666
623,20.78311967725883,637.3234640736507,430.3157560279687,252.52944768436782,448.87147401459515,0.3749370659722222
624,20.81647941991896,635.1793856294603,437.62630241118757,248.7617790737471,412.3463879805058,0.37378472222222225
625,20.849839162579087,632.0717542517841,448.05052096447514,248.00471162949876,454.9929600325413,0.3762261284722222
626,20.88319890523921,626.3287017007136,455.22020838579,251.45188465179945,401.75263001583517,0.37767903645833334
627,20.91655864789934,619.5314806802855,461.0880833543161,252.83075386071977,396.5184650151059,0.37639648437499995
628,20.949918390559464,616.0625922721142,470.9352333417264,255.63230154428786,408.53549097664654,0.3780642361111111
629,20.983278133219592,627.4250369088456,443.3740933366906,249.25292061771512,431.71020405134186,0.37989800347222225
630,21.01663787587972,627.4700147635382,435.34963733467623,245.2011682470861,431.417751009576,0.38016384548611115
631,21.049997618539845,625.2380059054153,433.6398549338705,244.33046729883435,433.3624100545421,0.3808517795138889
632,21.083357361199973,619.8452023621661,438.95594197354825,240.98218691953375,412.4578659539111,0.3816438802083334
633,21.116717103860097,615.4380809448664,442.5823767894194,241.89287476781345,385.7783320127055,0.38215820312500004
634,21.150076846520225,612.1752323779466,453.0329507157678,243.00714990712538,383.6717280209996,0.3833203125
635,21.183436589180353,610.8700929511787,457.2131802863072,241.95285996285014,356.4708719495684,0.3778548177083333
636,21.216796331840477,610.3480371804715,455.885272114523,242.28114398514003,408.98693702183664,0.3794476996527778
637,21.250156074500605,623.6392148721886,428.35410884580915,241.66245759405604,446.23961398610845,0.3781293402777778
638,21.28351581716073,628.2056859488754,418.84164353832364,245.1649830376224,426.89310997957364,0.3687391493055556
639,21.316875559820858,627.0322743795501,415.0366574153294,245.81599321504896,428.0070880195126,0.37154405381944444
640,21.350235302480982,623.56290975182,416.51466296613165,245.32639728601958,418.48489397671074,0.37361328125000004
641,21.38359504514111,619.1751639007281,417.1058651864527,243.63055891440783,363.95845597144216,0.3677973090277778
642,21.416954787801238,614.4200655602912,417.3423460745811,240.70222356576312,373.4703719965182,0.3673491753472222
643,21.450314530461362,608.0180262241165,417.43693842983254,240.2808894263052,399.0759379812516,0.36897135416666665
644,21.48367427312149,602.4572104896466,420.474775371933,236.36235577052204,389.2500289948657,0.3695529513888889
645,21.517034015781615,601.7328841958587,424.68991014877315,234.04494230820885,396.22847898863256,0.36263671875000003
646,21.550393758441743,599.9431536783435,426.3759640595092,231.6179769232835,403.3954399637878,0.3639822048611111
647,21.58375350110187,590.9772614713373,422.55038562380366,230.64719076931343,383.1353689893149,0.3654969618055556
648,21.617113243761995,600.8909045885349,394.0201542495214,227.25887630772533,501.9656550139189,0.36537868923611116
649,21.650472986422123,607.856361835414,382.60806169980856,226.6535505230901,435.1014439598657,0.36678927951388884
650,21.683832729082248,613.6425447341655,384.04322467992347,225.66142020923604,379.07356198411435,0.3682042100694444
651,21.717192471742376,618.2070178936663,389.1172898719694,225.26456808369443,418.17692399490625,0.3701312934027778
652,21.750552214402504,622.2828071574666,395.6469159487878,226.60582723347778,400.7474610116333,0.37198242187499997
653,21.783911957062628,625.4131228629866,404.2587663795152,228.6423308933912,431.07409798540175,0.3727029079861111
654,21.817271699722756,628.9152491451946,412.203506551806,230.9569323573565,402.500840020366,0.3745203993055556
655,21.85063144238288,631.8160996580779,421.3814026207224,231.8827729429426,387.1024170075543,0.3751801215277777
656,21.88399118504301,632.2264398632311,432.5525610482889,233.753109177177,379.4410330010578,0.3763172743055555
657,21.917350927703136,633.8905759452924,437.0210244193156,234.5012436708708,344.693074002862,0.3773914930555556
658,21.95071067036326,632.306230378117,440.30840976772623,237.80049746834828,357.34222998144105,0.37803168402777776
659,21.98407041302339,629.4224921512467,446.12336390709055,239.12019898733922,352.1780450246297,0.379541015625
660,22.017430155683513,632.7689968604988,439.44934556283613,241.89807959493567,353.1246899510734,0.3811805555555556
661,22.05078989834364,634.1075987441995,436.7797382251345,242.25923183797426,380.21949998801574,0.3839474826388889
662,22.08414964100377,634.6430394976799,435.7118952900538,241.65369273518968,349.8454850050621,0.38422417534722225
663,22.117509383663894,638.6072157990718,433.7847581160214,242.1614770940758,373.08742897585034,0.3843500434027778
664,22.15086912632402,642.4428863196288,431.5139032464086,242.36459083763026,344.9220710317604,0.38605577256944446
665,22.184228868984146,645.4771545278516,427.60556129856354,243.94583633505215,376.6757880221121,0.3874826388888889
666,22.217588611644274,646.6908618111406,426.0422245194253,243.82833453402085,376.6627719742246,0.3875553385416666
667,22.250948354304402,647.9263447244563,423.9168898077702,243.78133381360828,416.62202397128567,0.3878624131944444
668,22.284308096964526,639.4205378897825,402.0667559231082,245.26253352544336,405.41206701891497,0.38811306423611114
669,22.317667839624654,634.518215155913,390.3267023692432,247.35501341017732,392.29257695842534,0.38146484375000006
670,22.35102758228478,634.0572860623652,388.63068094769733,248.94200536407098,400.51384997786954,0.38233615451388886
671,22.384387324944907,634.622914424946,392.4522723790789,251.76890809118896,416.1819670116529,0.3853070746527778
672,22.41774706760503,635.5991657699784,395.4809089516316,254.1807208582513,397.0804939744994,0.38642903645833326
673,22.45110681026516,635.2396663079913,401.19236358065257,257.6722883433006,386.51087397010997,0.3860698784722223
674,22.484466552925287,632.8458665231966,407.97694543226106,259.0689153373203,458.8415669859387,0.3870659722222222
675,22.51782629558541,628.8883466092785,410.69077817290434,261.8775661349282,421.8193620326929,0.38344835069444444
676,22.55118603824554,624.3053386437114,411.7763112691617,264.39291361885375,432.21892800647765,0.3868825954861111
677,22.584545780905664,621.7221354574847,407.7105245076647,267.0071654475415,445.6758250016719,0.3890462239583333
678,22.617905523565792,658.938854182994,482.58420980306596,268.0528661790165,395.40924498578534,0.3908767361111112
679,22.65126526622592,649.8255416731977,464.5336839212264,270.7211464716066,386.4982289960608,0.3928873697916667
680,22.684625008886044,658.930216669279,479.8134735684906,274.7884585886426,418.87971496907994,0.3946484375
681,22.717984751546172,649.0720866677116,461.92538942739617,276.4153834354571,415.4084280016832,0.39573025173611115
682,22.751344494206297,642.8788346670847,456.27015577095847,277.7909642043554,412.96206699917093,0.39463433159722217
683,22.784704236866425,640.4015338668339,448.0080623083835,279.11638568174214,467.1014390187338,0.39431640625
684,22.818063979526553,640.9106135467335,435.7032249233535,281.14655427269673,418.5382429859601,0.394619140625
685,22.851423722186677,625.3642454186935,456.2812899693414,284.20862170907867,455.407596018631,0.3946701388888889
686,22.884783464846805,627.3956981674773,430.0125159877366,285.43344868363147,417.4771070247516,0.39552734375
687,22.91814320750693,623.708279266991,422.5050063950947,287.42337947345254,422.69538197433576,0.3952115885416667
688,22.951502950167058,621.4833117067964,418.0020025580379,289.719351789381,447.0081829931587,0.3945724826388889
689,22.984862692827186,629.5933246827186,443.20080102321515,292.13774071575233,418.6296070110984,0.3954969618055556
690,23.01822243548731,629.8373298730874,459.280320409286,295.35509628630086,454.279410012532,0.3965375434027778
691,23.051582178147438,623.1849319492349,461.21212816371434,298.8920385145203,472.6203359896317,0.3926312934027778
692,23.084941920807562,617.523972779694,461.9848512654857,301.80681540580815,472.57563000312075,0.3962717013888889
693,23.11830166346769,612.2595891118775,468.2939405061943,305.9727261623232,461.43870399100706,0.40150390625
694,23.15166140612782,604.1538356447511,470.81757620247777,307.63909046492927,472.94295800384134,0.39919487847222224
695,23.185021148787943,600.1615342579004,470.3270304809911,309.80563618597165,484.29406102513894,0.4013812934027778
696,23.21838089144807,599.3146137031601,468.6308121923964,292.6722544743887,439.58716798806563,0.40455295138888886
697,23.251740634108195,592.225845481264,460.4523248769585,283.5689017897555,455.4627100005746,0.40616536458333335
698,23.285100376768323,585.6403381925055,452.6809299507834,279.17756071590213,450.15061198500916,0.40662868923611106
699,23.31846011942845,581.5061352770023,452.5723719803134,281.1710242863609,441.7957050027326,0.40770833333333334
700,23.351819862088576,577.6024541108009,451.0289487921255,285.0617426178278,445.5156130134128,0.40798828125000003
701,23.385179604748703,573.0409816443204,447.4115795168502,272.2746970471311,419.6792609873228,0.4090299479166667
702,23.418539347408828,568.2163926577282,445.96463180674016,266.4098788188524,403.4349829889834,0.4113899739583333
703,23.451899090068956,561.7865570630913,445.38585272269614,264.813951527541,420.42723699705675,0.4151866319444445
704,23.485258832729084,556.9646228252365,449.65434108907846,263.42558061101647,392.82323396764696,0.4179351128472223
705,23.51861857538921,549.7858491300946,464.86173643563126,262.87023224440657,396.68817998608574,0.41960828993055554
706,23.551978318049336,541.6643396520378,472.44469457425254,265.4528306061907,436.2544799805619,0.42209526909722217
707,23.58533806070946,559.4157358608152,424.477877829701,268.1811322424763,425.14062201371416,0.4246983506944445
708,23.61869780336959,565.7662943443261,406.7911511318803,270.77245289699044,436.8472979986109,0.42519422743055557
709,23.652057546029713,566.0565177377304,398.21646045275213,274.0589811587962,433.8938890141435,0.4263009982638889
710,23.68541728868984,565.4226070950922,399.2865841811009,276.12359246351855,444.2255119793117,0.4277864583333334
711,23.71877703134997,564.4190428380368,404.2146336724404,278.4494369854075,443.60987102845684,0.42740234374999997
712,23.752136774010093,564.0176171352148,415.1858534689761,280.1297747941629,433.11251199338585,0.4289583333333333
713,23.78549651667022,562.3570468540859,431.57434138759027,282.30190991766517,461.9387850398198,0.4293337673611111
714,23.818856259330346,563.1928187416344,438.1297365550361,284.740742284666,446.1557660251856,0.43028537326388894
715,23.852216001990474,563.5271274966537,437.7518946220144,287.4183055868264,428.783203009516,0.4311751302083333
716,23.885575744650602,562.9108509986615,436.1007578488057,288.21732223473055,427.50967299798504,0.43281250000000004
717,23.918935487310726,564.9143403994647,442.94030313952237,286.2869288938923,401.3871339848265,0.4355447048611111
718,23.952295229970854,570.2157361597859,445.6761212558091,281.7647715575569,431.02734797867015,0.43733506944444445
719,23.98565497263098,573.8362944639143,446.77044850232363,279.20590862302276,466.39289398444816,0.43772460937499996
720,24.019014715291107,573.7845177855658,456.20817940092945,275.18236344920916,481.11189500195906,0.44033637152777777
721,24.052374457951235,573.0138071142262,464.4832717603717,275.0729453796837,480.9163600439206,0.4392860243055555
722,24.08573420061136,573.4555228456906,472.29330870414884,278.0291781518735,469.66098598204553,0.4396853298611111
723,24.119093943271487,587.8822091382762,449.9173234816595,272.46167126074937,490.9689170308411,0.4406781684027778
724,24.15245368593161,592.1528836553105,443.9669293926637,271.73466850429975,483.0720209865831,0.4421332465277778
725,24.18581342859174,597.6111534621242,437.08677175706555,263.9438674017199,468.869568023365,0.43030273437500005
726,24.219173171251867,600.5444613848497,435.8347087028261,260.4744060760205,453.75627401517704,0.4308441840277778
727,24.252532913911992,602.4677845539399,436.83388348113044,259.4397624304081,425.9952679858543,0.4314138454861111
728,24.28589265657212,601.737113821576,434.2335533924522,261.2759049721632,469.89833196857944,0.43196831597222224
729,24.319252399232244,599.9448455286304,433.19342135698093,262.76036198886527,452.4270049878396,0.43299370659722225
730,24.352612141892372,597.7279382114522,438.77736854279226,264.85414479554606,509.2829809873365,0.4323980034722222
731,24.3859718845525,593.8411752845808,450.0109474171168,267.1916579182184,457.26780098630115,0.42735785590277775
732,24.419331627212625,608.0364701138324,426.00437896684673,268.87666316728735,389.83163703233004,0.42856662326388884
733,24.452691369872753,611.4645880455329,411.90175158673867,270.8911542529404,425.7451370358467,0.4316905381944445
734,24.486051112532877,611.3358352182132,403.2607006346956,273.35646170117616,429.95134997181594,0.43092556423611117
735,24.519410855193005,609.0343340872853,395.30428025387823,276.5925846804704,463.77613401273265,0.43509548611111115
736,24.552770597853133,609.6137336349141,398.1217121015513,281.6370338721882,395.6503660301678,0.4389203559027778
737,24.586130340513257,607.5954934539657,409.74868484062057,284.40481354887527,427.11533000692725,0.4431890190972222
738,24.619490083173385,606.7881973815862,417.39947393624817,283.80878374856746,450.15183597570285,0.4428862847222222
739,24.65284982583351,605.7152789526345,424.9597895744994,281.52351349942705,434.3880559899844,0.4443250868055556
740,24.686209568493638,603.7861115810538,430.9839158297997,282.1094053997708,414.74596300395206,0.4458572048611111
741,24.719569311153766,601.5144446324214,433.39356633191977,283.09376215990835,434.46620099712163,0.44653320312500006
742,24.75292905381389,601.3557778529686,435.8574265327679,285.7375048639633,446.58477301709354,0.4462272135416667
743,24.786288796474018,599.7923111411874,436.8429706131071,287.5450019455853,408.53483497630805,0.44674370659722223
744,24.819648539134143,599.1669244564749,437.2371882452428,286.7680007782341,420.03492696676403,0.44668402777777777
745,24.85300828179427,599.66676978259,441.89487529809725,287.9572003112936,453.1272029853426,0.4466590711805555
746,24.886368024454395,599.1167079130361,448.257950119239,286.96591437544294,429.93623204529285,0.45130859375000004
747,24.919727767114523,599.6466831652144,455.30318004769555,288.042810828728,428.0266300193034,0.4505837673611111
748,24.95308750977465,602.1086732660857,456.6212720190781,291.46712433149116,431.52342998655513,0.449208984375
749,24.986447252434775,605.3434693064343,461.6485088076313,294.45581852002834,467.87160902749747,0.4476616753472222
750,25.019806995094903,610.3873877225737,462.15940352305245,293.28232740801127,597.614504978992,0.44730468749999996
751,25.053166737755028,613.9049550890296,465.36376140922107,283.8129309632045,505.2297380170785,0.44635199652777774
752,25.086526480415156,616.0619820356118,474.1455045636883,291.27517238528185,500.0488869845867,0.4460405815972222
753,25.119886223075284,615.4247928142447,483.6582018254752,297.2600689541128,488.0400749971159,0.4458832465277778
754,25.153245965735408,606.1699171256978,469.46328073019004,293.6540275816451,472.8621559916064,0.4511610243055556
755,25.186605708395536,599.4679668502793,460.7853122920761,292.2116110326581,430.67054101265967,0.4507931857638889
756,25.21996545105566,597.5371867401117,458.8141249168305,290.8846444130632,476.21049103327096,0.45171115451388894
757,25.25332519371579,596.7648746960448,455.0256499667323,291.10385776522526,429.44110196549445,0.4514453125
758,25.286684936375917,594.9559498784179,447.5102599866929,287.44154310609014,425.17896101344377,0.4451345486111111
759,25.32004467903604,606.9823799513672,473.0041039946773,285.97661724243596,436.7896349867806,0.4426627604166667
760,25.35340442169617,608.0429519805468,478.70164159787095,288.3906468969744,413.9174110023305,0.4428700086805556
761,25.386764164356293,609.2171807922188,488.4806566391484,288.6062587587898,461.5841019549407,0.44272243923611115
762,25.42012390701642,608.1868723168875,498.39226265565924,290.1925035035159,435.8329900423996,0.4426920572916667
763,25.45348364967655,606.2747489267549,502.3569050622637,291.57700140140633,427.7194070164114,0.43869574652777776
764,25.486843392336674,634.7598995707019,448.44276202490556,292.88080056056253,425.58059497969225,0.4389398871527777
765,25.5202031349968,647.6539598282808,429.8771048099622,294.9023202242249,438.1897689891048,0.43893880208333336
766,25.553562877656926,655.8115839313123,425.4508419239849,298.71092808968996,466.7581209796481,0.43900824652777776
767,25.586922620317054,662.0746335725249,426.68033676959396,302.4843712358759,478.2511500525288,0.43863498263888895
768,25.620282362977182,666.07985342901,433.1721347078377,305.49374849435037,448.4445240232162,0.43889539930555554
769,25.653642105637307,669.181941371604,441.7688538831351,308.94749939774016,446.30842201877385,0.43912434895833335
770,25.687001848297434,671.1727765486417,449.70754155325415,314.0789997590961,478.91648596851155,0.4384440104166667
771,25.72036159095756,673.4691106194566,458.88301662130164,316.8815999036384,466.04564000153914,0.43323350694444446
772,25.753721333617687,674.3876442477826,465.5532066485206,319.5026399614554,458.13040796201676,0.4371278211805556
773,25.787081076277815,673.255057699113,477.22128265940825,322.05105598458215,407.2545110248029,0.43784396701388884
774,25.82044081893794,672.8020230796451,490.8885130637633,325.3204223938329,438.9433480100706,0.4335622829861111
775,25.853800561598067,672.6208092318581,502.3554052255053,326.62816895753315,415.4614169965498,0.43403537326388886
776,25.88716030425819,672.5483236927432,515.9421620902023,327.90126758301324,382.8798999893479,0.43541015625
777,25.92052004691832,670.2693294770972,525.8768648360809,331.4105070332053,390.69718500832096,0.4366351996527778
778,25.953879789578448,668.6077317908389,537.3507459344324,334.31420281328207,389.6330280113034,0.43915581597222225
779,25.987239532238572,667.1930927163356,549.440298373773,336.9756811253128,372.9088949621655,0.4391590711805556
780,26.0205992748987,661.3772370865343,570.7761193495093,339.54027245012514,384.28109599044546,0.4404058159722222
781,26.053959017558824,651.5508948346138,594.3104477398039,342.81610898005005,402.06777496496215,0.4429676649305556
782,26.087318760218952,657.3703579338455,590.2241790959215,345.62644359202005,444.38732496928424,0.44344618055555557
783,26.120678502879077,634.9481431735383,584.0896716383686,349.75057743680793,448.33021401427686,0.439521484375
784,26.154038245539205,638.7292572694153,562.1358686553475,350.6502309747233,482.80009400332347,0.44111436631944445
785,26.187397988199333,639.4917029077661,554.854347462139,343.51009238988934,442.11898004869,0.44211263020833336
786,26.220757730859457,635.2966811631064,551.9417389848556,351.9040369559558,461.9021479738876,0.4412858072916666
787,26.254117473519585,629.1186724652425,550.7766955939421,357.5116147823823,470.52034398075193,0.4404578993055555
788,26.28747721617971,624.397468986097,551.8106782375769,353.00464591295304,473.08288398198783,0.44002604166666665
789,26.320836958839838,638.2589875944388,526.7242712950308,353.4518583651811,464.73165100906044,0.43978081597222224
790,26.354196701499966,647.5535950377755,512.1897085180121,356.63074334607245,443.2832690072246,0.4380284288194444
791,26.38755644416009,651.2714380151101,500.3758834072049,363.15229733842887,471.36966697871685,0.43674045138888895
792,26.420916186820218,653.508575206044,500.150353362882,365.0109189353716,481.6340569523163,0.43498263888888883
793,26.454275929480342,655.9034300824178,509.0601413451527,367.2543675741486,487.38619399955496,0.43530598958333333
794,26.48763567214047,654.611372032967,523.124056538061,370.4017470296594,525.7070490042679,0.43583224826388883
795,26.5209954148006,669.0945488131867,501.74962261522455,372.41069881186377,472.04732900718227,0.4375206163194445
796,26.554355157460723,684.6378195252747,485.6998490460898,373.9642795247455,442.2111180028878,0.43859375
797,26.58771490012085,681.1051278101098,501.77993961843595,373.83571180989827,451.1655690148473,0.43380967881944443
798,26.621074642780975,679.6920511240439,514.2119758473743,376.0342847239593,444.34204301796854,0.43592773437500004
799,26.654434385441103,680.6268204496176,528.1847903389498,379.9137138895836,481.0509239905514,0.4378276909722222
800,26.68779412810123,678.000728179847,527.7739161355798,381.4654855558334,465.01501405145973,0.4402680121527778
801,26.721153870761356,676.2002912719389,526.109566454232,382.83619422233335,427.58240998955444,0.4425661892361111
802,26.754513613421484,676.9801165087756,534.4438265816929,386.3844776889334,439.47138398652896,0.4420247395833333
803,26.787873356081608,682.5420466035104,545.2775306326772,375.0537910755734,478.02805301034823,0.44233072916666666
804,26.821233098741736,687.0168186414039,551.1110122530708,372.02151643022944,472.0076720113866,0.44391276041666666
805,26.854592841401864,688.8067274565617,559.4444049012283,355.05860657209183,448.3655570074916,0.4397612847222222
806,26.88795258406199,684.2726909826247,555.2777619604913,361.77344262883673,468.7233120203018,0.4415147569444445
807,26.921312326722116,680.2090763930499,549.1111047841964,346.45937705153466,418.6537289642729,0.4361555989583333
808,26.95467206938224,678.58363055722,546.6444419136786,335.0837508206138,415.70166795281693,0.4363997395833334
809,26.98803181204237,671.183452222888,532.1577767654715,330.5335003282455,372.4989619804546,0.43769965277777784
810,27.021391554702497,667.4733808891552,533.8631107061886,327.9634001312982,423.75078599434346,0.4376714409722222
811,27.05475129736262,680.9893523556622,513.5452442824756,329.1853600525193,427.7793029905297,0.43806640624999993
812,27.08811104002275,683.3957409422649,514.4180977129902,329.6741440210077,379.46082098642364,0.4254871961805555
813,27.121470782682874,683.6082963769059,510.267239085196,328.3696576084031,460.0216730032116,0.4279253472222222
814,27.154830525343,676.1933185507623,502.60689563407834,324.8478630433614,369.6067300043069,0.42321940104166667
815,27.18819026800313,662.727327420305,496.54275825363135,322.6891452173445,360.2731500286609,0.42376953125
816,27.221550010663254,655.090930968122,498.61710330145263,318.8256580869378,425.44226499740034,0.4265028211805555
817,27.254909753323382,654.2863723872489,506.94684132058114,316.53026323477513,460.66382905701175,0.42956597222222226
818,27.288269495983506,657.7145489548996,511.7787365282325,317.8621052939101,425.23434601025656,0.4307725694444445
819,27.321629238643634,655.3358195819599,506.2114946112929,314.64484211756405,369.09374000970274,0.4333875868055556
820,27.35498898130376,653.6343278327838,511.4845978445171,312.60793684702566,387.3659350210801,0.4299273003472222
821,27.388348723963887,632.7037311331137,479.0938391378069,309.54317473881036,413.35258597973734,0.4327180989583333
822,27.421708466624015,625.0814924532455,473.63753565512275,301.56726989552413,472.43851399980485,0.4403233506944444
823,27.45506820928414,637.7825969812982,436.95501426204913,294.6269079582097,413.14718895591795,0.44494032118055554
824,27.488427951944267,643.6130387925192,423.78200570481965,286.6007631832839,448.2408920302987,0.44716579861111116
825,27.52178769460439,645.9452155170078,424.512802281928,281.8903052733136,461.9455970241688,0.4503819444444444
826,27.55514743726452,644.6280862068031,420.30512091277126,280.0061221093254,405.02069605281577,0.45461371527777783
827,27.588507179924648,644.8512344827212,420.12204836510847,275.5024488437302,444.3198060034774,0.45064127604166665
828,27.621866922584772,644.9404937930885,420.04881934604333,275.200979537492,659.1441670316271,0.44816948784722216
829,27.6552266652449,647.2261975172353,424.5195277384174,276.5803918149968,781.6441509639844,0.44758029513888886
830,27.688586407905024,648.1404790068941,432.3078110953669,273.3821567259987,608.3097659866326,0.44559461805555556
831,27.721946150565152,646.2561916027576,439.92312443814683,272.10286269039955,499.7697030194104,0.4443771701388889
832,27.75530589322528,648.5024766411029,424.9692497752586,270.84114507615976,438.1343889981508,0.4438617621527778
833,27.788665635885405,649.4009906564412,418.9876999101034,270.3364580304639,451.67535403743386,0.44412543402777777
834,27.822025378545533,646.7603962625765,419.59507996404125,270.88458321218553,419.4676469778642,0.44345486111111115
835,27.855385121205657,643.4541585050306,424.33803198561645,271.1038332848742,431.5660059801303,0.44376953125
836,27.888744863865785,640.6316634020122,435.23521279424665,271.9415333139497,469.4000909803435,0.4427419704861111
837,27.922104606525913,638.0026653608049,448.5940851176987,273.0266133255799,458.2179210265167,0.4421701388888889
838,27.955464349186038,648.9510661443219,438.93763404707954,271.21064533023196,463.80000904900953,0.442861328125
839,27.988824091846165,653.3304264577288,447.0750536188319,271.9842581320928,468.2943770312704,0.4437282986111112
840,28.02218383450629,655.0821705830915,456.3300214475328,275.2937032528372,445.3484839759767,0.43570529513888895
841,28.055543577166418,655.7828682332365,469.032008579013,263.86748130113483,465.1736870291643,0.43079101562500005
842,28.088903319826546,656.8131472932946,475.61280343160513,263.79699252045384,459.9674560013227,0.4319455295138889
843,28.12226306248667,640.7252589173179,445.24512137264196,263.0187970081815,446.78469601785764,0.4320496961805556
844,28.1556228051468,641.7901035669272,445.0980485490567,261.95751880327254,450.7104469812475,0.4322059461805556
845,28.188982547806923,628.7160414267707,418.03921941962255,261.53300752130906,448.3817539876327,0.43448459201388895
846,28.22234229046705,648.9864165707083,431.2156877678491,260.61320300852356,500.86376699618995,0.43593858506944444
847,28.25570203312718,660.0945666282832,436.48627510713965,258.7452812034095,515.0602429639548,0.437275390625
848,28.289061775787303,663.0378266513134,438.59451004285586,260.24811248136376,481.519669003319,0.4377115885416667
849,28.32242151844743,662.7151306605253,439.4378040171422,261.59924499254544,468.5099810012616,0.4398828125
850,28.355781261107555,659.5860522642101,436.77512160685694,262.8896979970182,455.90943697607145,0.4417708333333333
851,28.389141003767683,657.584420905684,437.2100486427428,264.1558791988073,469.9119820143096,0.4435883246527778
852,28.42250074642781,656.7837683622736,437.38401945709705,266.1623516795229,456.0632109642029,0.4442730034722222
853,28.455860489087936,656.4635073449094,437.45360778283884,268.46494067180913,455.13578003738075,0.4459114583333333
854,28.489220231748064,655.5854029379636,438.98144311313547,270.88597626872365,443.1725339964032,0.4483919270833333
855,28.52257997440819,654.4841611751855,444.0925772452542,273.3543905074895,440.2139879530296,0.4500726996527778
856,28.555939717068316,653.2936644700742,450.6370308981016,276.59175620299584,453.3564310404472,0.4509657118055555
857,28.58929945972844,652.8174657880297,456.25481235924053,277.8867024811984,471.96865803562105,0.45397460937499995
858,28.62265920238857,660.876986315212,448.0019249436963,279.15468099247937,458.2164930179715,0.4552289496527778
859,28.656018945048697,665.6007945260848,447.70076997747833,281.1618723969917,416.0484620369971,0.4565885416666667
860,28.68937868770882,666.7403178104338,452.08030799099134,283.4647489587967,441.6196260135621,0.4588064236111112
861,28.72273843036895,661.9461271241735,449.33212319639665,285.1358995835187,424.77917595533654,0.4604991319444445
862,28.756098173029073,660.0284508496693,451.23284927855866,287.3043598334075,434.0143720037304,0.4610427517361111
863,28.7894579156892,659.2613803398677,454.9931397114234,290.421743933363,391.8785090208985,0.46189019097222217
864,28.82281765834933,660.4545521359472,459.4972558845693,287.91869757334524,421.23254598118365,0.4619270833333333
865,28.856177401009454,663.9318208543789,464.2989023538277,288.41747902933804,423.76940697431564,0.46329318576388884
866,28.889537143669582,665.3227283417516,469.2195609415311,291.61699161173533,426.91265599569306,0.46413302951388885
867,28.922896886329706,661.3790913367006,480.1878243766124,294.3967966446942,425.38360302569345,0.4652864583333334
868,28.956256628989834,656.0516365346803,492.07512975064503,297.7587186578776,429.1460440144874,0.4674978298611111
869,28.989616371649962,652.4206546138721,496.83005190025796,306.603487463151,413.92625600565225,0.4655230034722222
870,29.022976114310087,648.7182618455488,494.23202076010307,315.3913949852604,526.0852640494704,0.46345703124999993
871,29.056335856970215,648.7373047382196,493.19280830404125,321.1565579941042,502.6083020493388,0.464130859375
872,29.08969559963034,651.7449218952878,498.7771233216165,326.4626231976418,534.5322240027599,0.45644856770833336
873,29.123055342290467,652.9479687581149,510.0108493286466,327.83504927905676,583.7691630003974,0.45819986979166666
874,29.156415084950595,662.4291875032461,505.5043397314586,327.6340197116227,451.4864920056425,0.46067274305555556
875,29.18977482761072,660.9716750012984,508.2017358925833,323.8036078846491,481.33381200022995,0.4613791232638889
876,29.223134570270847,657.3886700005193,515.2806943570333,317.0214431538597,455.2736440091394,0.46350043402777774
877,29.256494312930972,656.7054680002077,531.6122777428134,313.55857726154386,489.62625704007223,0.47078342013888896
878,29.2898540555911,658.6821872000831,548.6449110971254,311.4234309046176,484.0073380037211,0.4670638020833333
879,29.323213798251228,664.7228748800333,562.9579644388501,309.06937236184706,531.3718320103362,0.46974283854166665
880,29.356573540911352,672.3891499520132,510.18318577554,309.62774894473876,480.52453098353,0.4669856770833334
881,29.38993328357148,674.7056599808053,493.57327431021594,311.3510995778955,449.33852599933743,0.4664995659722222
882,29.423293026231605,676.3822639923222,491.42930972408647,314.29043983115815,453.4838830004446,0.46677734374999996
883,29.456652768891733,676.3029055969289,495.07172388963465,316.9661759324632,472.0005069975741,0.46616644965277776
884,29.49001251155186,675.5211622387717,495.0286895558538,319.53647037298526,499.40206098835915,0.4672515190972223
885,29.523372254211985,675.9584648955087,493.5114758223415,322.81458814919415,481.7358700092882,0.46751410590277775
886,29.556731996872113,677.6333859582035,492.9045903289366,324.87583525967756,480.89839197928086,0.46847656249999997
887,29.590091739532237,679.8033543832814,495.66183613157455,327.2003341038711,482.8944230102934,0.47054470486111105
888,29.623451482192365,680.6713417533126,499.7647344526298,331.1301336415484,485.28809304116294,0.47324001736111104
889,29.656811224852493,674.268536701325,490.90589378105193,335.70205345661935,484.2770890099928,0.4739995659722222
890,29.690170967512618,668.70741468053,493.3623575124207,341.2808213826478,466.32275404408574,0.4769856770833333
891,29.723530710172746,664.982965872212,503.34494300496834,344.2623285530591,463.8702039956115,0.4818739149305556
892,29.75689045283287,667.9931863488848,513.3379772019873,347.7049314212237,482.3142950190231,0.48383029513888887
893,29.790250195492998,672.1972745395539,520.335190880795,350.5819725684895,474.917622981593,0.48108506944444446
894,29.823609938153123,676.8789098158215,532.134076352318,350.98278902739577,478.6152259912342,0.4827419704861111
895,29.85696968081325,679.5015639263286,547.3536305409272,349.6431156109584,456.39180100988597,0.4812044270833334
896,29.89032942347338,682.8006255705315,557.9414522163709,349.1072462443833,449.4600319885649,0.4827126736111111
897,29.923689166133503,684.1202502282125,565.1765808865482,347.3928984977533,446.71263598138466,0.48101345486111113
898,29.95704890879363,682.3981000912851,566.5706323546194,346.70715939910133,406.69395000441,0.47495008680555556
899,29.990408651453755,696.7092400365141,525.1282529418479,344.18286375964044,441.6776609723456,0.43743272569444447
900,30.023768394113883,703.1836960146056,516.0513011767392,343.92314550385606,498.8395220134407,0.43979817708333335
901,30.05712813677401,708.0234784058423,522.9205204706958,344.5692582015424,454.54998302739114,0.4427029079861111
902,30.090487879434136,711.4593913623369,537.6682081882784,345.57770328061713,499.2494969628751,0.44743381076388894
903,30.123847622094264,712.0837565449347,554.0672832753113,348.2310813122469,503.9744999958202,0.4433669704861111
904,30.157207364754388,703.3335026179739,545.6269133101246,345.54243252489874,460.52091900492087,0.4480381944444444
905,30.190567107414516,709.5834010471896,528.7507653240499,345.2169730099595,475.3108060103841,0.44204318576388885
906,30.223926850074644,710.5833604188758,504.0003061296199,343.58678920398376,472.7971980464645,0.4449815538194445
907,30.25728659273477,713.9833441675503,500.1001224518479,340.6847156815935,461.3350149593316,0.446806640625
908,30.290646335394896,714.5933376670201,509.04004898073913,337.27388627263736,430.0935359788127,0.44716362847222224
909,30.32400607805502,710.337335066808,515.6160195922956,336.65955450905506,437.52305896487087,0.44647786458333333
910,30.35736582071515,706.3849340267233,519.7464078369183,333.413821803622,466.7161709512584,0.43943250868055556
911,30.390725563375277,704.0539736106894,522.8985631347673,332.11552872144887,428.7212520139292,0.44063151041666665
912,30.4240853060354,703.1215894442757,539.1594252539069,330.09621148857957,486.3993320032023,0.4423296440972222
913,30.45744504869553,683.9986357777103,526.1637701015627,329.2884845954318,449.2350179934874,0.43583767361111103
914,30.490804791355654,684.5994543110841,540.465508040625,331.8221700227314,411.4009480108507,0.4371180555555555
915,30.52416453401578,683.3397817244336,555.18620321625,338.2861575352691,455.60106297489256,0.44715169270833327
916,30.55752427667591,682.8359126897735,561.0744812864999,331.06446301410773,480.82184401573613,0.44024848090277774
917,30.590884019336034,681.1343650759093,566.4297925146001,326.6757852056431,510.11382101569325,0.4429915364583334
918,30.624243761996162,682.7037460303637,546.07191700584,324.1703140822573,544.9498589732684,0.4442567274305556
919,30.657603504656286,680.3314984121454,531.928766802336,323.918125632903,531.624594994355,0.4447081163194444
920,30.690963247316414,679.3825993648582,526.2715067209343,323.8172502531612,495.21284201182425,0.452666015625
921,30.724322989976542,679.0030397459432,527.0086026883737,314.77690010126446,462.80770999146625,0.45292643229166674
922,30.757682732636667,677.3512158983773,530.3034410753495,314.36220857734605,456.96729997871444,0.4533702256944445
923,30.791042475296795,675.1904863593509,534.6213764301399,316.5214602216099,464.894256030675,0.4541091579861111
924,30.82440221795692,667.5761945437404,528.8485505720558,319.35858408864397,420.222949993331,0.46187608506944444
925,30.857761960617047,672.7804778174961,522.0394202288225,313.1402886425924,417.8376959753223,0.47168185763888887
926,30.89112170327717,684.6121911269985,514.815768091529,314.2561154570369,443.0937439901754,0.4751063368055556
927,30.9244814459373,691.5948764507993,519.4263072366117,331.20244618281475,410.97962303319946,0.47586046006944444
928,30.957841188597428,689.8879505803197,539.2705228946447,326.7309784731259,409.67636002460495,0.46437065972222225
929,30.991200931257552,663.705180232128,523.2082091578579,327.94239138925036,441.4791690069251,0.4608767361111111
930,31.02456067391768,647.9820720928511,521.2832836631432,329.92695655570026,429.8558529699221,0.46166666666666667
931,31.057920416577804,657.4428288371405,486.0133134652573,332.2207826222801,423.8391779945232,0.4567165798611111
932,31.091280159237932,660.4771315348563,479.40532538610296,295.6383130489121,473.30514097120613,0.4509819878472222
933,31.12463990189806,662.4408526139425,484.2621301544412,323.75532521956484,466.9884769828059,0.45212999131944437
934,31.157999644558185,663.2263410455769,492.2048520617766,300.5021300878259,494.228885974735,0.4522786458333333
935,31.191359387218313,660.5405364182309,501.38194082471057,307.70085203513037,472.4832340143621,0.44424696180555556
936,31.224719129878437,641.4662145672924,481.05277632988424,312.0803408140521,456.97331795236096,0.44483181423611107
937,31.258078872538565,631.5864858269168,483.4211105319536,314.5821363256208,516.9017660082318,0.4351030815972222
938,31.291438615198693,625.3845943307667,491.86844421278136,282.0047040590509,495.6017899676226,0.4359320746527778
939,31.324798357858818,620.6538377323067,502.7473776851126,277.0518816236203,444.1370539716445,0.43877712673611113
940,31.358158100518946,642.0115350929228,463.5989510740451,277.5332567248397,491.9797829934396,0.4422764756944445
941,31.39151784317907,650.554614037169,447.939580429618,294.7633026899358,513.499206979759,0.44659830729166666
942,31.424877585839198,653.9718456148677,444.6758321718472,276.1553210759743,567.3015990178101,0.4473426649305556
943,31.458237328499326,654.5887382459471,450.8703328687389,272.8667435789509,473.3057760167867,0.45125000000000004
944,31.49159707115945,652.5854952983788,457.84813314749556,280.7348513721559,484.7813160158694,0.44499023437500007
945,31.52495681381958,648.0341981193516,465.1392532589982,281.79394054886234,501.35710497852415,0.4434364149305556
946,31.558316556479703,643.9636792477406,475.5557013035992,279.6034715890528,516.0498800105415,0.43012803819444445
947,31.59167629913983,640.8354716990962,488.72228052143976,282.8845823311118,445.88544697035104,0.43432291666666667
948,31.62503604179996,629.0841886796385,481.9889122085759,283.5048121951272,460.47535398975015,0.43029079861111114
949,31.658395784460083,622.1336754718554,474.79556488343036,285.15192487805086,475.6536420318298,0.4261892361111111
950,31.69175552712021,621.6034701887421,467.41822595337214,283.5607699512203,473.5499930102378,0.4241286892361112
951,31.725115269780336,622.8913880754968,467.4672903813489,282.17430798048815,476.0024810093455,0.4160525173611111
952,31.758475012440464,623.4065552301988,470.48691615253966,281.61972319219524,485.4133839835413,0.4242588975694444
953,31.79183475510059,634.8626220920795,458.1947664610158,276.8978892768781,444.31920000351965,0.42319878472222217
954,31.825194497760716,642.4450488368319,459.2779065844063,274.2591557107512,454.64076701318845,0.4227408854166667
955,31.858554240420844,646.2280195347328,461.2111626337625,273.20366228430044,471.24486399115995,0.42337022569444444
956,31.89191398308097,657.4912078138931,448.4844650535051,272.03146491372024,473.7193259643391,0.42293077256944445
957,31.925273725741096,652.2464831255572,489.8937860214021,285.8125859654881,446.21029699919745,0.4210687934027778
958,31.958633468401224,648.6485932502228,518.4575144085609,291.3250343861952,451.89797203056514,0.4218619791666667
959,31.99199321106135,650.9594373000891,456.3830057634243,293.5300137544781,447.8912439662963,0.42189019097222225
960,32.02535295372147,651.1337749200356,433.0532023053698,295.91200550179127,466.5230050450191,0.4225325520833333
961,32.058712696381605,651.2035099680143,423.7212809221479,290.86480220071644,518.6798129579984,0.4214919704861111
962,32.09207243904173,651.9814039872057,421.48851236885935,291.0959208802866,571.4284900459461,0.41338216145833334
963,32.12543218170185,653.7925615948824,420.5954049475438,293.4383683521146,499.49446896789595,0.41171657986111115
964,32.158791924361985,656.767024637953,418.7381619790176,295.1253473408458,484.97737798606977,0.41162109374999994
965,32.19215166702211,660.9568098551812,420.9952647916071,296.5501389363384,509.1682040365413,0.4127061631944444
966,32.225511409682234,673.1327239420725,445.89810591664275,299.37005557453534,492.4061599886045,0.4046994357638889
967,32.25887115234236,670.5030895768289,479.859242366657,301.9980222298142,469.42878596019,0.4042198350694445
968,32.29223089500249,680.7012358307315,479.94369694666284,304.5492088919258,458.6408410104923,0.41406901041666666
969,32.325590637662614,702.0304943322926,454.47747877866516,307.8196835567703,448.58657801523805,0.4045746527777778
970,32.35895038032274,685.0621977329171,405.29099151146596,311.3778734227081,452.68260000739247,0.4051779513888889
971,32.39231012298287,678.2748790931669,385.6163966045864,314.3011493690832,476.9833860336803,0.40414713541666664
972,32.425669865642995,675.5599516372667,377.74655864183467,316.2204597476333,465.0095760007389,0.4034038628472222
973,32.45902960830312,675.2239806549067,370.0986234567338,319.2381838990533,422.12470003869385,0.40341905381944443
974,32.49238935096325,678.0895922619627,370.0394493826934,323.44527355962134,396.2530890130438,0.4036143663194445
975,32.525749093623375,682.2358369047851,376.0157797530774,325.1281094238486,384.69262997386977,0.40406467013888886
976,32.5591088362835,685.394334761914,381.4063119012309,327.30124376953944,420.269816997461,0.4060894097222222
977,32.592468578943624,688.1577339047656,386.56252476049235,330.42049750781575,423.45591401681304,0.4064626736111111
978,32.625828321603755,691.5130935619062,393.12500990419693,333.9181990031262,425.81281799357384,0.3981076388888889
979,32.65918806426388,696.6052374247624,397.2500039616789,337.5672796012505,417.1416529570706,0.40016059027777773
980,32.692547806924004,699.392094969905,400.4000015846716,340.52691184050025,445.5225319834426,0.3913248697916667
981,32.725907549584136,678.006837987962,449.66000063386855,333.4607647362002,447.6021520094946,0.39247612847222224
982,32.75926729224426,671.7027351951847,473.8640002535475,334.38430589448,473.3500810107216,0.39182183159722217
983,32.792627034904385,673.681094078074,486.545600101419,337.7537223577919,422.69335599849,0.3895941840277778
984,32.82598677756451,677.4724376312295,497.6182400405676,341.3514889431168,420.9231519489549,0.388671875
985,32.85934652022464,681.9889750524918,508.0472960162271,351.7905955772467,419.0407050191425,0.39075737847222225
986,32.892706262884765,683.7955900209968,524.2189184064908,349.9662382308986,472.42089500650764,0.3981955295138889
987,32.92606600554489,698.7682360083987,499.1875673625964,344.73649529235945,441.74685899633914,0.4009244791666666
988,32.95942574820502,704.7572944033595,489.17502694503867,342.6445981169439,438.111895986367,0.4018413628472222
989,32.992785490865145,704.9029177613437,486.67001077801547,342.5578392467776,456.506818998605,0.4012662760416667
990,33.02614523352527,705.7111671045375,484.1680043112061,341.02313569871103,430.24002597667277,0.39943901909722224
991,33.0595049761854,707.5344668418152,483.16720172448254,341.90925427948446,457.5571399764158,0.39895399305555557
992,33.092864718845526,710.513786736726,484.266880689793,339.26370171179383,488.7778229895048,0.4073969184027777
993,33.12622446150565,712.4555146946904,486.2067522759172,334.4554806847175,462.5967479660176,0.4047092013888889
994,33.159584204165775,711.7322058778761,486.98270091036676,321.2821922738869,467.5552999833599,0.4041796875
995,33.192943946825906,709.1928823511505,485.7930803641469,314.51287690955473,442.6525070448406,0.4024620225694444
996,33.22630368948603,708.9271529404602,483.8172321456588,308.805150763822,441.41445501009,0.40739474826388894
997,33.259663432146155,707.320861176184,486.0268928582635,299.7720603055288,477.51477698329836,0.4139507378472222
998,33.29302317480629,703.6783444704736,492.91075714330543,291.65882412221157,427.13461199309677,0.4114127604166667
999,33.32638291746641,702.2213377881894,501.6643028573222,288.4135296488846,415.54223996354267,0.40849609375
1000,33.359742660126535,701.6385351152758,508.1657211429288,284.8654118595538,480.92577198985964,0.41374782986111114
1001,33.39310240278667,702.1554140461103,518.2662884571715,282.6961647438215,462.18966896412894,0.41244140625000003
1002,33.42646214544679,715.1121656184441,508.8065153828687,281.82846589752864,503.2712870161049,0.4038161892361112
1003,33.459821888106916,728.5448662473777,509.52260615314754,282.2313863590114,485.11642002267763,0.40506835937499996
1004,33.49318163076704,729.417946498951,488.809042461259,281.64255454360466,446.2749090162106,0.40084201388888896
1005,33.52654137342717,717.7671785995803,456.52361698450363,280.6570218174419,437.7600739826448,0.4000499131944445
1006,33.559901116087296,712.3568714398323,457.10944679380145,277.2628087269768,427.3339009960182,0.3993793402777778
1007,33.59326085874742,706.4427485759327,458.84377871752054,275.90512349079074,473.5454409965314,0.39677734375000007
1008,33.62662060140755,705.5770994303731,465.5375114870082,275.36204939631637,460.87993402034044,0.3960904947916667
1009,33.65998034406768,708.9808397721492,481.71500459480336,274.3948197585266,470.52850399632007,0.3931608072916667
1010,33.6933400867278,709.5923359088597,492.6860018379213,272.5079279034107,432.1432140422985,0.39136393229166666
1011,33.72669982938793,709.0869343635438,504.5744007351685,271.7531711613643,444.127453956753,0.38939453125
1012,33.76005957204806,708.8847737454176,509.3297602940675,271.4512684645457,435.6157809961587,0.38908203124999996
1013,33.79341931470818,711.053909498167,500.731904117627,269.0805073858183,445.2706929878332,0.3861360677083333
1014,33.826779057368306,713.4215637992668,497.2927616470508,267.38220295432734,431.1851439997554,0.3940885416666667
1015,33.86013880002844,716.6186255197067,491.41710465882045,267.45288118173096,465.9342790255323,0.36816297743055554
1016,33.89349854268856,718.6474502078828,487.5668418635283,268.2311524726923,472.28884702781215,0.3683279079861111
1017,33.926858285348686,717.958980083153,480.0267367454113,270.04246098907686,436.49829097557813,0.36872070312500005
1018,33.96021802800882,715.4335920332613,475.51069469816457,270.76698439563074,444.2223319783807,0.37763671875000004
1019,33.99357777066894,712.1734368133045,478.20427787926576,270.3067937582523,455.6307999882847,0.37617187499999993
1020,34.02693751332907,706.3693747253218,488.2817111517064,266.37271750330086,496.8278409796767,0.3776616753472222
1021,34.06029725598919,695.7977498901287,484.8126844606826,264.0490870013204,469.71959702204913,0.3770486111111111
1022,34.09365699864932,696.8190999560513,466.92507378427297,263.11963480052816,446.31628395291045,0.37552625868055556
1023,34.12701674130945,697.9776399824207,455.2700295137092,262.7478539202113,435.8128900057636,0.37444552951388893
1024,34.16037648396957,693.9410559929682,453.60801180548356,263.34914156808446,438.4524989873171,0.37231011284722226
1025,34.1937362266297,693.8264223971873,452.94320472219346,259.8396566272338,443.6196150491014,0.37832573784722223
1026,34.22709596928983,687.0305689588749,442.1772818888775,256.18586265089345,434.05314395204186,0.3768706597222222
1027,34.26045571194995,682.81222758355,437.870912755551,254.72434506035745,421.71141802100465,0.3752994791666666
1028,34.29381545461008,681.12489103342,442.14836510222034,253.389738024143,421.88370699295774,0.3754763454861111
1029,34.32717519727021,689.449956413368,428.85934604088817,253.60589520965718,420.3457109979354,0.37534505208333335
1030,34.36053493993033,692.7799825653472,420.54373841635527,255.19235808386276,433.1945009762421,0.37696723090277773
1031,34.39389468259046,694.861993026139,421.71749536654215,256.57694323354514,440.4773289570585,0.37870225694444437
1032,34.42725442525059,695.6947972104556,431.1869981466168,257.8807772934181,465.1285649742931,0.3802973090277778
1033,34.46061416791071,697.5279188841821,440.9747992586467,260.65231091736734,467.08583598956466,0.3840125868055555
1034,34.49397391057084,697.511167553673,449.38991970345865,263.26092436694694,470.6538000027649,0.3863194444444444
1035,34.52733365323097,698.254467021469,454.2559678813835,266.55436974677883,435.6384560232982,0.38828342013888895
1036,34.56069339589109,698.5517868085876,459.20238715255334,270.87174789871153,460.8022709726356,0.3892154947916666
1037,34.59405313855122,698.6707147234351,467.18095486102135,276.3360820737396,464.25601799273863,0.391953125
1038,34.62741288121135,710.7182858893739,452.3723819444085,271.7894796637937,451.9129879772663,0.3927777777777778
1039,34.66077262387147,716.2873143557497,453.94895277776357,269.2157918655174,428.18444402655587,0.3943630642361111
1040,34.6941323665316,720.0149257422999,460.57958111110537,270.43631674620696,448.81107000401244,0.3974479166666667
1041,34.72749210919172,720.0059702969199,469.23183244444203,271.6745266984828,377.34561500838026,0.4013943142361111
1042,34.760851851851854,721.5023881187678,475.6927329777768,270.6698106793931,401.06008300790563,0.40378689236111115
1043,34.79421159451198,725.8509552475073,473.7770931911108,271.01792427175724,394.828422984574,0.40522786458333326
1044,34.8275713371721,729.0903820990029,467.0108372764443,262.15716970870295,436.04678503470495,0.3957888454861111
1045,34.860931079832234,731.1361528396012,468.8043349105777,260.86286788348116,427.55502002546564,0.398173828125
1046,34.89429082249236,735.7044611358403,477.0217339642311,261.84514715339253,425.284733006265,0.4003689236111111
1047,34.92765056515248,736.7817844543362,484.80869358569237,264.48805886135705,446.37623301241547,0.40189127604166675
1048,34.961010307812614,731.2127137817345,484.92347743427683,267.79522354454275,429.032301006373,0.4032194010416667
1049,34.99437005047274,727.4850855126937,487.9693909737107,269.11808941781703,435.8000489883125,0.4051974826388889
1050,35.02772979313286,726.7440342050776,490.6877563894842,270.39723576712674,436.949844006449,0.4065071614583334
1051,35.06108953579299,727.947613682031,497.77510255579375,273.1588943068507,407.37773600267246,0.4065060763888888
1052,35.09444927845312,729.9290454728124,512.6100410223174,275.7635577227403,399.81021697167307,0.3981629774305555
1053,35.127809021113244,727.7216181891249,533.5440164089268,277.55542308909617,393.3169480296783,0.39816731770833325
1054,35.16116876377337,729.8386472756499,553.9176065635708,276.02216923563856,402.57529699010774,0.3998404947916667
1055,35.1945285064335,732.18545891026,571.0670426254284,276.1588676942554,436.71296996762976,0.40130750868055554
1056,35.227888249093624,740.624183564104,574.9268170501712,276.2135470777021,415.03315995214507,0.398798828125
1057,35.26124799175375,726.7496734256416,529.9707268200685,279.23541883108084,411.2048000097275,0.3996875
1058,35.29460773441387,724.9498693702566,513.4882907280273,281.1941675324324,446.032562002074,0.40119140625000005
1059,35.327967477074004,725.7299477481026,512.895316291211,268.47766701297303,453.2214450300671,0.41078125
1060,35.36132721973413,711.791979099241,481.15812651648434,264.1410668051892,455.513040011283,0.41137261284722226
1061,35.39468696239425,711.4667916396963,466.9632506065937,262.4064267220757,419.58070400869474,0.41151909722222224
1062,35.428046705054385,711.3367166558785,470.2853002426376,261.7125706888303,452.71902496460825,0.41052408854166667
1063,35.46140644771451,710.5346866623515,476.11412009705504,261.43502827553203,445.0990349869244,0.4121647135416666
1064,35.494766190374634,709.4638746649406,482.94564803882196,259.8240113102129,391.46669703768566,0.4141156684027778
1065,35.528125933034765,709.7855498659762,490.17825921552867,273.4296045240851,425.64394598593935,0.41326822916666667
1066,35.56148567569489,709.1642199463905,491.57130368621154,281.12670236492727,420.22100096801296,0.4200607638888889
1067,35.594845418355014,717.1656879785562,475.6285214744846,287.95068094597093,423.7243569805287,0.4200900607638889
1068,35.62820516101514,718.8662751914226,469.2514085897938,287.68027237838834,429.84657402848825,0.4180447048611111
1069,35.66156490367527,717.296510076569,468.20056343591745,289.0721089513553,431.6231299890205,0.41774197048611117
1070,35.694924646335394,715.1686040306276,470.7802253743671,294.63871915032666,445.41328703053296,0.4149283854166667
1071,35.72828438899552,713.5674416122511,473.3120901497469,299.3554876601306,463.16774003207684,0.4151009114583333
1072,35.76164413165565,700.9269766449005,480.3248360598988,304.9921950640522,447.8447760338895,0.4145290798611111
1073,35.795003874315775,694.3707906579601,492.1299344239595,303.0134414227899,458.5493390331976,0.40314453125000005
1074,35.8283636169759,695.498316263184,492.3519737695838,309.45537656911597,442.0013799681328,0.4034255642361111
1075,35.86172335963603,694.4493265052736,495.4407895078334,314.1885489309747,435.15015696175396,0.4042979600694444
1076,35.895083102296155,690.2797306021093,501.17631580313343,304.17541957238984,443.15307098440826,0.40353515625
1077,35.92844284495628,679.6118922408438,518.4705263212535,301.67016782895587,391.860760981217,0.403466796875
1078,35.961802587616404,670.0947568963375,535.8882105285015,303.6680671315823,410.2932979585603,0.4118250868055555
1079,35.995162330276536,663.287902758535,548.8552842114005,303.71722685263285,433.03975701564923,0.4118641493055555
1080,36.02852207293666,656.8151611034139,555.5421136845603,305.23689074105323,429.8072340316139,0.40332465277777774
1081,36.061881815596784,664.7260644413656,531.2168454738242,305.01217267398283,425.65645300783217,0.41239149305555556
1082,36.095241558256916,667.1404257765462,519.9867381895297,295.25486906959304,396.338070044294,0.41296875
1083,36.12860130091704,668.1061703106185,515.4946952758119,295.8519476278372,431.58157798461616,0.4127191840277778
1084,36.161961043577165,673.7424681242475,509.1978781103248,296.84077905113486,411.4265730022453,0.41268880208333336
1085,36.195320786237296,677.496987249699,509.6791512441298,297.236311620454,430.42315199272707,0.41166666666666674
1086,36.22868052889742,679.7487948998796,511.37166049765193,298.1445246481815,437.4568209750578,0.4116872829861111
1087,36.262040271557545,663.3995179599519,531.5486641990608,299.25780985927264,430.3077529766597,0.41137152777777775
1088,36.29540001421767,652.3598071839808,533.6194656796245,301.2031239437091,446.83669903315604,0.4108344184027778
1089,36.3287597568778,644.1939228735923,532.9477862718497,304.9812495774836,442.1599709894508,0.4049652777777778
1090,36.362119499537926,652.927569149437,508.6791145087398,303.49249983099344,449.762339994777,0.4047428385416667
1091,36.39547924219805,661.6710276597747,503.47164580349585,304.3969999323973,453.6975239752792,0.4046950954861111
1092,36.42883898485818,665.1684110639098,501.38865832139845,306.25879997295885,445.0793439755216,0.404443359375
1093,36.462198727518306,665.0673644255639,497.5554633285593,303.2535199891835,493.81433497183025,0.40637152777777785
1094,36.49555847017843,685.2769457702256,452.52218533142377,302.05140799567334,403.03927595959976,0.40743055555555563
1095,36.528918212838555,696.3607783080903,431.50887413256953,302.3205631982694,413.7794359703548,0.40767361111111106
1096,36.562277955498686,703.7943113232361,420.10354965302787,300.92822527930775,432.4993100017309,0.4081488715277778
1097,36.59563769815881,705.2677245292945,421.5414198612112,299.6212901117231,433.82657901383936,0.41051215277777775
1098,36.628997440818935,702.1070898117177,426.6165679444845,298.3485160446893,419.38372602453455,0.4029242621527778
1099,36.66235718347907,698.5928359246872,430.1466271777938,297.8394064178757,395.0830530375242,0.41105251736111115
1100,36.69571692613919,691.9371343698748,436.0586508711174,295.3857625671503,363.06341603631154,0.4102701822916667
1101,36.729076668799316,682.5248537479499,451.92346034844707,295.15430502686013,383.25431797420606,0.4097200520833334
1102,36.76243641145945,677.25994149918,473.2693841393788,292.811722010744,421.5607520309277,0.4089442274305556
1103,36.79579615411957,674.403976599672,483.3077536557515,293.37468880429765,395.718616025988,0.41034179687500005
1104,36.829155896779696,675.5115906398689,491.8231014623007,295.09987552171907,397.55668997531757,0.4113422309027778
1105,36.86251563943982,677.4546362559475,501.2292405849203,295.7899502086876,424.6563369524665,0.4131325954861111
1106,36.89587538209995,676.731854502379,516.991696233968,299.0659800834751,404.3677489971742,0.4142230902777778
1107,36.929235124760076,676.4427418009516,529.2966784935873,301.87639203338995,429.25484204897657,0.4140809461805555
1108,36.9625948674202,673.3270967203806,543.218671397435,303.75055681335596,424.6349780005403,0.4149913194444444
1109,36.99595461008033,667.5808386881522,560.787468558974,306.0002227253424,430.22328801453114,0.4148003472222222
1110,37.02931435274046,664.5323354752609,578.3149874235896,306.1500890901369,570.4952990054153,0.41549045138888896
1111,37.06267409540058,661.8129341901044,594.3259949694358,306.2100356360548,495.16832100925967,0.41680555555555554
1112,37.09603383806071,682.4751736760418,509.2303979877744,307.73401425442194,835.8800309943035,0.4196321614583334
1113,37.12939358072084,681.7400694704168,463.19215919510964,299.34360570176864,415.6375550082885,0.42293511284722224
1114,37.16275332338096,677.6960277881667,452.2768636780439,290.73744228070746,725.4271180136129,0.4252940538194444
1115,37.196113066041086,669.3284111152667,461.4107454712177,285.794976912283,722.5951779983006,0.42660481770833325
1116,37.22947280870122,665.2313644461067,469.56429818848704,283.0679907649132,737.2293350053951,0.41821072048611113
1117,37.26283255136134,665.0925457784426,475.8257192753947,281.22719630596526,710.282072017435,0.421044921875
1118,37.296192294021466,667.287018311377,482.8302877101579,279.7408785223861,547.0029659918509,0.42371310763888886
1119,37.3295520366816,668.1648073245508,494.6321150840631,275.39635140895433,711.8559909868054,0.42941623263888884
1120,37.36291177934172,672.2659229298204,506.8528460336253,271.40854056358177,570.9603149443865,0.4298318142361111
1121,37.39627152200185,676.1563691719282,516.24113841345,270.5634162254328,529.3042109697126,0.4302018229166667
1122,37.42963126466198,669.4625476687713,509.49645536538003,271.7253664901731,612.4649770208634,0.4253244357638889
1123,37.4629910073221,668.2850190675085,503.79858214615194,272.9401465960692,587.7584129921161,0.4236838107638889
1124,37.49635074998223,668.5640076270034,503.0194328584608,274.17605863842766,555.9842319926247,0.42425889756944446
1125,37.52971049264235,669.4256030508013,504.2077731433843,276.920423455371,564.7964579984546,0.4234244791666667
1126,37.56307023530248,657.7702412203206,495.68310925735375,279.51816938214836,536.1364049604163,0.4226909722222223
1127,37.59642997796261,671.8580964881284,460.7732437029416,282.8072677528593,554.2595239821821,0.420341796875
1128,37.62978972062273,677.4932385952513,449.80929748117666,286.3729071011437,492.30616400018334,0.42046657986111113
1129,37.66314946328286,681.2472954381005,448.4237189924707,290.7991628404575,661.2639569793828,0.42031141493055557
1130,37.69650920594299,683.4989181752403,452.36948759698817,292.8268717907099,853.6017030128278,0.42091796875
1131,37.72986894860311,683.649567270096,458.44779503879533,291.8807487162839,579.2282269685529,0.42352430555555565
1132,37.76322869126324,684.4598269080384,471.37911801551815,293.0022994865135,615.6889870180748,0.4255457899305556
1133,37.79658843392337,686.2839307632155,482.55164720620724,293.4509197946054,589.2314779921435,0.4271495225694444
1134,37.82994817658349,687.7635723052862,494.52065888248285,295.880367917842,549.2161849979311,0.42827148437500007
1135,37.86330791924362,688.3554289221144,502.308263552993,297.8740733709945,651.8686990020797,0.42822916666666666
1136,37.89666766190375,701.3421715688457,479.9233054211971,300.6496293483978,579.970113991294,0.4221213107638889
1137,37.93002740456387,706.5368686275383,464.9693221684788,301.75985173935914,557.242517999839,0.42237304687500005
1138,37.963387147224,698.1147474510153,470.98772886739147,302.9539406957437,615.8718529623002,0.4291189236111111
1139,37.99674688988413,690.2458989804062,476.39509154695673,308.6815762782975,709.5661560306326,0.4236469184027778
1140,38.03010663254425,683.3483595921625,483.05803661878286,310.222630511319,586.4592550205998,0.4229600694444445
1141,38.06346637520438,675.339343836865,487.22321464751303,313.08905220452755,509.13804495939985,0.42386393229166663
1142,38.0968261178645,668.3857375347461,490.3892858590052,314.23562088181103,505.5114579736255,0.4247309027777778
1143,38.130185860524634,665.6042950138985,491.6557143436021,315.4442483527244,475.88087600888684,0.4326649305555556
1144,38.16354560318476,670.4917180055594,483.1622857374408,315.92769934108975,602.0422360161319,0.4347612847222222
1145,38.19690534584488,667.9466872022238,476.7649142949763,313.8710797364359,571.0309260175563,0.4305609809027778
1146,38.230265088505014,660.9286748808895,477.20596571799047,310.7984318945744,714.3551850458607,0.4343381076388889
1147,38.26362483116514,656.6214699523559,474.38238628719614,309.5693727578297,687.4117549741641,0.43807942708333336
1148,38.29698457382526,655.6485879809424,474.7529545148785,309.07774910313185,708.6602459894493,0.4391373697916667
1149,38.330344316485395,655.2594351923769,480.9011818059514,308.1310996412527,643.3088699704967,0.4380262586805555
1150,38.36370405914552,655.8537740769508,490.86047272238056,304.75243985650104,680.5660869576968,0.4365776909722222
1151,38.39706380180564,636.5915096307803,446.84418908895213,301.15097594260044,507.4779349961318,0.43741970486111115
1152,38.43042354446577,631.8866038523122,432.23767563558084,299.7103903770403,623.9788809907623,0.4450054253472222
1153,38.4637832871259,633.0046415409249,432.39507025423234,299.1341561508161,648.1318430160172,0.44461480034722217
1154,38.497143029786024,634.9518566163699,435.458028101693,300.4036624603265,505.5781489936635,0.43969943576388887
1155,38.53050277244615,635.730742646548,436.6832112406772,301.6614649841307,553.1580499955453,0.4387044270833334
1156,38.56386251510628,640.5422970586193,428.17328449627087,302.9145859936523,564.2063919804059,0.43800998263888896
1157,38.597222257766404,644.7169188234477,426.2693137985083,303.4158343974609,553.3577649621293,0.43247938368055555
1158,38.63058200042653,647.1367675293791,430.00772551940327,303.6163337589843,562.130898993928,0.4346451822916666
1159,38.66394174308666,645.8547070117517,430.00309020776143,303.6965335035936,597.3710649996065,0.43622070312500005
1160,38.697301485746785,641.5918828047006,437.5012360831046,305.2286134014374,627.2312300279737,0.4365657552083333
1161,38.73066122840691,639.8867531218802,440.5004944332418,305.841445360575,571.2919689831324,0.4416004774305556
1162,38.76402097106703,648.2047012487521,468.70019777329674,303.83657814423,690.8808330190368,0.4428656684027778
1163,38.797380713727165,635.7818804995009,457.48007910931875,306.784631257692,568.784011004027,0.45086480034722215
1164,38.83074045638729,645.8127521998003,485.9920316437274,298.9638525030768,533.3349580178037,0.45474717881944443
1165,38.864100199047414,637.0751008799202,471.896812657491,294.3355410012307,741.0225549829192,0.4516037326388889
1166,38.897459941707545,633.5800403519681,469.25872506299646,293.2342164004922,670.9093220415525,0.4548491753472222
1167,38.93081968436767,627.6820161407873,474.20349002519856,292.04368656019693,793.329925974831,0.4536794704861111
1168,38.964179427027794,615.5728064563149,492.6813960100794,290.81747462407867,668.8244150136597,0.453212890625
1169,38.99753916968792,606.229122582526,506.07255840403184,286.57698984963145,911.4412199705839,0.45407877604166663
1170,39.03089891234805,615.2416490330104,488.92902336161274,280.3807959398526,769.4687210023403,0.44517469618055555
1171,39.064258655008175,618.8466596132041,479.0716093446451,279.08401691842687,678.3271820168011,0.44550347222222225
1172,39.0976183976683,620.2886638452817,475.12864373785806,279.63360676737074,723.6928440397605,0.44579318576388893
1173,39.13097814032843,620.8654655381126,476.55145749514315,281.3534427069483,988.742530986201,0.4469129774305556
1174,39.164337882988555,621.8461862152451,481.6205829980572,282.04137708277915,728.1787340180017,0.44800889756944445
1175,39.19769762564868,622.2384744860981,486.64823319922283,282.31655083311165,646.0863630054519,0.4408528645833333
1176,39.23105736830881,620.8953897944391,494.65929327968917,282.5177197401696,508.4625110030174,0.44028320312499997
1177,39.264417110968935,615.1081559177757,517.3637173118756,286.25708789606784,482.0359839941375,0.4424717881944444
1178,39.29777685362906,621.7932623671103,487.4454869247502,288.50283515842716,506.94019900402054,0.4431336805555555
1179,39.331136596289184,625.9673049468441,478.47819476990014,291.6511340633708,494.7857049992308,0.44304361979166673
1180,39.364496338949316,628.3869219787377,479.39127790796,285.4104536253483,427.7829499915242,0.4373090277777778
1181,39.39785608160944,639.1047687914952,433.25651116318403,277.6641814501394,441.1232729908079,0.4390060763888889
1182,39.431215824269565,643.3919075165979,414.8026044652737,273.06567258005583,440.91980200028047,0.44032769097222224
1183,39.464575566929696,647.3567630066393,414.9210417861094,270.4762690320223,455.62656596302986,0.4421028645833333
1184,39.49793530958982,646.6927052026557,422.4684167144438,283.690507612809,463.15448702080175,0.43789388020833336
1185,39.531295052249945,644.9270820810623,428.4873666857776,276.2262030451235,491.7133320122957,0.43423394097222223
1186,39.564654794910076,644.9708328324249,435.394946674311,270.99048121804935,500.4712750087492,0.4305870225694444
1187,39.5980145375702,646.48833313297,441.15797866972446,268.14619248721976,440.7673500245437,0.42838867187500007
1188,39.631374280230325,648.5953332531881,455.4631914678897,266.2584769948879,461.19158301735297,0.4212044270833333
1189,39.66473402289045,658.4381333012752,443.18527658715595,266.2533907979552,440.53628301480785,0.4151888020833333
1190,39.69809376555058,664.62525332051,442.7741106348624,263.25135631918204,450.2818579785526,0.40796440972222225
1191,39.731453508210706,671.600101328204,451.60964425394496,259.8005425276728,408.5189960314892,0.4078645833333334
1192,39.76481325087083,662.3900405312816,425.143857701578,258.42021701106916,418.644828023389,0.4091471354166667
1193,39.79817299353096,660.9560162125126,416.0575430806312,257.11808680442766,423.3611639938317,0.4170855034722222
1194,39.831532736191086,661.882406485005,409.4230172322524,259.59723472177103,472.172080015298,0.4172688802083333
1195,39.86489247885121,663.0029625940019,405.2692068929009,254.58889388870847,462.3242469970137,0.4174392361111111
1196,39.89825222151134,664.9511850376008,406.6076827571604,253.33555755548346,420.68228096468374,0.41103298611111116
1197,39.931611964171466,664.2304740150403,407.14307310286404,252.83422302219338,428.9892469532788,0.41148111979166657
1198,39.96497170683159,672.1921896060161,399.85722924114555,251.88368920887734,376.49678299203515,0.41113172743055554
1199,39.998331449491715,676.1268758424064,401.4428916964582,252.25347568355085,406.24767099507153,0.41110677083333336
1200,40.03169119215185,677.7007503369625,405.0771566785832,253.9013902734204,411.77096602041274,0.41223198784722215
1201,40.06505093481197,677.580300134785,408.0308626714333,253.81055610936812,387.8940840368159,0.41268446180555557
1202,40.098410677472096,676.782120053914,410.7123450685732,259.7742224437472,376.3857450103387,0.4132183159722222
1203,40.13177042013223,676.4628480215654,411.78493802742923,263.65968897749883,390.36943402606994,0.4145724826388889
1204,40.16513016279235,675.5851392086263,410.7139752109715,263.71387559099946,416.4539250195958,0.41616102430555557
1205,40.198489905452476,663.2340556834504,389.28559008438856,262.23555023639983,398.89816602226347,0.4172005208333333
1206,40.2318496481126,657.5436222733802,385.21423603375536,261.6442200945599,415.7311160233803,0.4167697482638889
1207,40.26520939077273,652.2674489093521,386.5856944135021,261.40768803782396,388.5243949480355,0.4166851128472222
1208,40.298569133432856,647.1569795637408,390.13427776540084,262.81307521512963,443.300053011626,0.4162141927083334
1209,40.33192887609298,642.1127918254963,394.5537111061603,263.37523008605183,432.27739696158096,0.4166634114583333
1210,40.36528861875311,638.5951167301985,402.32148444246405,265.85009203442075,431.4298530225642,0.4164626736111111
1211,40.39864836141324,643.1880466920793,423.4285937769856,266.8400368137683,487.5252060010098,0.4113585069444445
1212,40.43200810407336,644.2752186768319,433.37143751079424,267.1739857801383,479.1298609925434,0.41176323784722224
1213,40.46536784673349,646.2100874707326,440.3485750043176,268.14440589020296,462.27855602046475,0.4118804253472222
1214,40.49872758939362,648.4840349882932,446.139430001727,269.2577623560811,454.6754459734075,0.4050477430555556
1215,40.53208733205374,650.8936139953173,451.4557720006907,265.20310494243245,503.736024023965,0.40455512152777784
1216,40.565447074713866,645.1074455981268,443.08230880027634,264.6367545647979,472.64532500412315,0.4054926215277778
1217,40.598806817374,639.0429782392507,450.23292352011055,268.4824967907892,415.4152540140785,0.39949435763888885
1218,40.63216656003412,635.1171912957003,459.09316940804433,273.14299871631573,473.1256039813161,0.39765842013888897
1219,40.665526302694246,646.2968765182802,431.13726776321766,273.50719948652625,469.0638819593005,0.4013454861111111
1220,40.69888604535438,647.7687506073121,413.954907105287,271.4028797946104,433.9102760422975,0.4017469618055556
1221,40.7322457880145,649.8575002429249,404.081962842115,271.3111519178441,409.86593399429694,0.3951790364583333
1222,40.76560553067463,646.1930000971699,409.1327851368459,269.0244607671377,400.8407279616222,0.39870659722222224
1223,40.79896527333476,647.727200038868,423.1531140547384,267.359784306855,419.73789798794314,0.4014984809027778
1224,40.83232501599488,648.3408800155472,428.7612456218954,264.44391372274197,426.3093280023895,0.40407552083333337
1225,40.86568475865501,646.3363520062188,429.50449824875807,262.5275654890968,423.12414199113846,0.4056065538194444
1226,40.89904450131513,646.2845408024875,428.30179929950316,259.5110261956387,427.7541299816221,0.40689344618055556
1227,40.93240424397526,635.0138163209949,408.3207197198012,256.05441047825553,411.34460002649575,0.4014149305555556
1228,40.96576398663539,630.505526528398,400.3282878879206,253.92176419130226,384.88585699815303,0.4002191840277778
1229,40.99912372929551,636.9522106113593,377.63131515516824,250.06870567652086,438.88007098576054,0.4061729600694445
1230,41.03248347195564,641.0308842445437,362.5525260620674,250.77748227060832,437.00318603077903,0.40270941840277785
1231,41.06584321461577,639.6623536978175,362.52101042482695,248.0609929082433,431.0960980365053,0.40119574652777784
1232,41.09920295727589,639.1149414791269,362.50840416993066,245.4743971632974,430.1383530255407,0.39721571180555554
1233,41.132562699936024,637.3959765916509,368.50336166797234,242.18975886531894,495.534666988533,0.3940006510416667
1234,41.16592244259615,640.4583906366602,381.40134466718894,242.37590354612763,451.7646710155532,0.39082573784722224
1235,41.19928218525627,640.1833562546642,386.5605378668756,242.45036141845105,447.3898220458068,0.3893131510416667
1236,41.2326419279164,637.0733425018657,397.62421514675043,239.48014456738036,453.59845098573714,0.39404839409722225
1237,41.26600167057653,629.8293370007462,414.0496860587001,238.2920578269522,454.40562500152737,0.39239474826388887
1238,41.29936141323665,627.6817348002986,416.1198744234801,240.06682313078088,436.9547839742154,0.3945757378472222
1239,41.33272115589678,625.3226939201194,413.94794976939204,242.27672925231235,425.42749899439514,0.385087890625
1240,41.36608089855691,628.1290775680477,402.5791799077569,233.41069170092496,425.68917403696105,0.38265407986111116
1241,41.39944064121703,633.0016310272191,363.53167196310267,228.36427668037,469.9959669960663,0.3814312065972222
1242,41.43280038387716,613.9506524108876,371.91266878524107,230.09571067214796,456.3829979742877,0.3825227864583334
1243,41.46616012653728,600.330260964355,363.2650675140965,229.28828426885906,437.2860040166415,0.38456054687499996
1244,41.499519869197414,597.132104385742,349.3060270056385,228.2153137075436,499.22712898114696,0.3843641493055556
1245,41.53287961185754,597.3528417542968,352.7224108022554,221.78612548301749,495.75479002669454,0.38354166666666667
1246,41.56623935451766,598.9411367017187,360.0889643209021,219.214450193207,435.0038610282354,0.38125759548611104
1247,41.599599097177794,594.3264546806874,364.53558572836084,226.43578007728274,446.6020669788122,0.376552734375
1248,41.63295883983792,592.480581872275,369.3142342913444,228.57431203091318,437.1785999974236,0.37689344618055554
1249,41.66631858249804,595.49223274891,369.72569371653776,229.42972481236527,468.6141440179199,0.3774620225694444
1250,41.699678325158175,612.446893099564,386.39027748661505,228.27188992494604,495.1126829837449,0.3786328125
1251,41.7330380678183,617.7287572398257,396.056110994646,227.80875596997845,473.4900150215253,0.37939019097222226
1252,41.76639781047842,618.3415028959303,399.9224443978585,227.6235023879914,450.63136698445305,0.379296875
1253,41.79975755313855,618.5866011583721,404.4689777591435,229.79940095519657,440.9835960250348,0.37999457465277775
1254,41.83311729579868,604.4346404633488,383.78759110365735,229.91976038207872,516.8830499751493,0.37751085069444446
1255,41.866477038458804,597.2738561853396,375.515036441463,230.71790415283152,492.65617597848177,0.37631184895833325
1256,41.89983678111893,593.6595424741358,370.7060145765852,230.28716166113256,497.0797949936241,0.37769639756944445
1257,41.93319652377906,592.2138169896543,365.78240583063416,228.61486466445302,502.1059080027044,0.3785264756944444
1258,41.966556266439184,592.3855267958618,365.3129623322537,227.94594586578114,522.777670994401,0.37829210069444447
1259,41.99991600909931,593.9542107183447,368.12518493290145,228.42837834631246,505.41591504588723,0.37893337673611116
1260,42.03327575175944,595.3316842873379,370.75007397316057,228.62135133852505,515.504144015722,0.38037326388888887
1261,42.066635494419565,596.6326737149352,373.3000295892643,227.94854053541002,506.4958699513227,0.3815516493055556
1262,42.09999523707969,597.903069485974,378.82001183570566,228.42941621416395,493.4942149557173,0.3835546875
1263,42.13335497973981,598.4112277943896,384.02800473428215,227.1217664856655,485.42219103546813,0.3839377170138889
1264,42.166714722399945,598.6144911177558,389.1112018937128,227.3487065942661,468.0068969610147,0.3836545138888889
1265,42.20007446506007,599.4457964471023,398.6444807574852,228.18948263770642,455.48401097767055,0.38352322048611115
1266,42.233434207720194,600.5283185788409,403.95779230299405,230.02579305508254,482.4805280077271,0.38310329861111114
1267,42.266793950380325,601.7113274315365,410.58311692119776,232.260317222033,444.9469310347922,0.38360351562499995
1268,42.30015369304045,602.9345309726145,417.73324676847903,233.9041268888132,409.6508639631793,0.3914192708333333
1269,42.333513435700574,603.4238123890458,423.5932987073915,236.0616507555253,470.46235494781286,0.39014322916666666
1270,42.366873178360706,604.3695249556183,430.4373194829566,236.92466030221013,472.21523796906695,0.39112304687500005
1271,42.40023292102083,599.4978099822473,425.67492779318275,239.51986412088408,463.69831694755703,0.39118489583333327
1272,42.433592663680955,593.7991239928989,428.2699711172731,240.5579456483537,484.89925800822675,0.39000759548611114
1273,42.46695240634108,591.5196495971595,438.3079884469092,243.2231782593415,476.37036797823384,0.3894368489583333
1274,42.50031214900121,589.8578598388639,446.8231953787637,244.28927130373665,482.98857698682696,0.38797851562499996
1275,42.533671891661335,586.9431439355455,445.72927815150535,244.7157085214946,461.72920404933393,0.3861957465277778
1276,42.56703163432146,601.5272575742182,410.791711260602,242.63628340859776,469.9002290144563,0.38619574652777783
1277,42.60039137698159,602.1109030296873,401.31668450424087,244.80451336343916,459.71307600848377,0.3866666666666666
1278,42.633751119641715,600.0943612118749,396.02667380169635,246.42180534537567,451.60414901329204,0.3872352430555556
1279,42.66711086230184,598.53774448475,398.4106695206785,247.81872213815024,486.3894320442341,0.3872450086805555
1280,42.700470604961964,598.6650977938999,403.8642678082714,249.87748885526008,451.1210420168936,0.3882628038194445
1281,42.733830347622096,597.9660391175601,410.5457071233086,252.20099554210407,468.7600419856608,0.3890961371527778
1282,42.76719009028222,596.186415647024,416.2182828493234,253.13039821684163,474.8236780287698,0.38958875868055554
1283,42.800549832942345,594.7245662588095,422.9873131397292,255.75215928673668,484.896011010278,0.38928276909722215
1284,42.833909575602476,608.3898265035238,469.19492525589163,259.80086371469474,460.5420100269839,0.3899055989583333
1285,42.8672693182626,610.1059306014095,498.17797010235665,262.9203454858779,437.5157339964062,0.38865668402777787
1286,42.900629060922725,611.5423722405639,517.2711880409428,265.6681381943512,455.57246200041845,0.3886729600694444
1287,42.93398880358286,623.3669488962255,505.4084752163771,268.26725527774056,448.15413700416684,0.38825086805555553
1288,42.96734854624298,620.5967795584902,491.66339008655086,272.3069021110962,480.0558289862238,0.38780815972222216
1289,43.000708288903105,619.4887118233961,486.16535603462023,276.92276084443847,385.1643580128439,0.3865440538194444
1290,43.03406803156323,629.5454847293583,462.9661424138481,279.5191043377754,425.8196559967473,0.3863042534722222
1291,43.06742777422336,635.0681938917434,414.6864569655392,281.3076417351101,419.33529602829367,0.38570963541666664
1292,43.100787516883486,623.7772775566974,425.3745827862156,282.023056694044,421.0617099888623,0.37976671006944446
1293,43.13414725954361,621.510911022679,428.1498331144863,283.0592226776175,441.9792250264436,0.3757769097222222
1294,43.16750700220374,624.3543644090715,433.7599332457944,284.223689071047,405.30052897520363,0.37039605034722217
1295,43.200866744863866,628.4917457636286,442.00397329831776,284.6894756284188,424.4010890251957,0.3740993923611111
1296,43.23422648752399,634.6466983054514,451.30158931932715,284.8757902513675,416.2974010105245,0.37849717881944445
1297,43.26758623018412,641.6086793221805,467.020635727731,284.20031610054707,387.12815602775663,0.37973415798611115
1298,43.30094597284425,635.3934717288722,461.30825429109234,283.1801264402188,420.37041403818876,0.3745844184027778
1299,43.33430571550437,645.6573886915489,490.523301716437,285.0220505760875,442.69992399495095,0.376962890625
1300,43.367665458164495,640.0129554766195,491.7093206865747,285.75882023043505,392.1396220102906,0.3792328559027778
1301,43.40102520082463,656.5051821906478,460.6837282746298,284.553528092174,390.5385740217753,0.38028320312499997
1302,43.43438494348475,655.6020728762592,445.27349130985186,285.57141123686966,384.0048060519621,0.3742762586805556
1303,43.467744686144876,656.7408291505036,442.10939652394075,285.97856449474784,383.2383000408299,0.37698025173611116
1304,43.50110442880501,661.6963316602015,443.8437586095764,286.14142579789905,426.50523502379656,0.37104058159722225
1305,43.53446417146513,668.9285326640805,443.0375034438305,281.70657031915954,435.3197329910472,0.38537651909722226
1306,43.567823914125256,670.3214130656322,439.71500137753225,281.4326281276638,421.69411602662876,0.3859516059027778
1307,43.60118365678538,673.1285652262528,436.88600055101284,279.8230512510655,444.82967403018847,0.3873328993055556
1308,43.63454339944551,676.5014260905011,431.25440022040505,278.4292205004262,467.1305459924042,0.38631727430555557
1309,43.66790314210564,675.6005704362005,427.501760088162,277.1216882001704,443.90672695590183,0.38645724826388894
1310,43.70126288476576,673.7402281744801,423.0007040352648,271.34867528006816,516.7829240090214,0.38068033854166666
1311,43.73462262742589,670.7460912697921,425.7002816141059,271.2894701120272,427.2796449949965,0.38809461805555556
1312,43.76798237008602,655.2984365079169,458.28011264564236,270.5157880448109,394.4209809997119,0.387841796875
1313,43.80134211274614,661.1193746031668,432.31204505825707,269.45631521792427,439.1875169822015,0.3846039496527778
1314,43.83470185540627,665.6977498412666,414.4248180233028,269.03252608716974,400.6875269697048,0.3729047309027778
1315,43.8680615980664,669.0290999365067,407.2699272093211,271.8630104348679,424.1572849568911,0.37286241319444435
1316,43.90142134072652,668.1116399746027,411.90797088372847,273.7452041739472,445.356402953621,0.3700846354166666
1317,43.934781083386646,666.994655989841,415.2631883534914,273.7480816695789,456.61450299667194,0.3695833333333334
1318,43.96814082604678,664.2978623959364,415.1052753413964,272.2492326678315,433.858637989033,0.3693858506944444
1319,44.0015005687069,661.7191449583745,418.04211013655845,264.89969306713255,442.6889710011892,0.36920247395833333
1320,44.03486031136703,657.6876579833498,416.2168440546235,262.2514165588823,454.0338199585676,0.3692816840277777
1321,44.06822005402716,662.82506319334,404.98673762184933,261.6505666235529,456.90367196220905,0.3680718315972222
1322,44.10157979668728,668.630025277336,398.99469504873963,262.16022664942113,448.7905030255206,0.3765473090277777
1323,44.13493953934741,675.4520101109345,405.5978780194959,261.80543214251867,458.51080102147534,0.3766959635416667
1324,44.16829928200754,687.9308040443738,430.7391512077983,264.47217285700754,441.11569004599005,0.3770258246527778
1325,44.20165902466766,685.4223216177496,431.7956604831194,267.78886914280304,520.0419500470161,0.3776866319444445
1326,44.23501876732779,689.6689286470997,430.71826419324765,269.11554765712117,516.6579490178265,0.38367078993055553
1327,44.26837850998791,695.1175714588398,428.7873056772992,271.14621906284844,541.7058650054969,0.3818967013888889
1328,44.30173825264804,696.5470285835361,426.5149222709198,271.95848762513936,467.54710597451776,0.3807345920138888
1329,44.33509799530817,694.8688114334143,421.1059689083679,270.0333950500558,492.2058299998753,0.38057291666666665
1330,44.36845773796829,692.6975245733659,421.9423875633471,268.51335802002234,655.5734179564752,0.37906032986111104
1331,44.401817480628424,690.3290098293462,422.2769550253388,269.40534320800896,591.2968729971908,0.3786501736111111
1332,44.43517722328855,689.3816039317386,425.41078201013545,272.7621372832035,528.3294579712674,0.3774424913194444
1333,44.46853696594867,688.2526415726954,428.16431280405425,279.35485491328143,477.2634780383669,0.3764984809027778
1334,44.501896708608804,686.3010566290782,426.26572512162176,278.3010339750796,428.9830269990489,0.37175672743055554
1335,44.53525645126893,684.7704226516314,427.0062900486488,273.746776786125,459.1763259959407,0.3736111111111111
1336,44.56861619392905,684.1581690606527,427.3025160194596,272.24871071445,456.26022800570354,0.36627929687499994
1337,44.60197593658918,686.1632676242609,431.92100640778386,273.89948428578003,543.4874700149521,0.3661241319444445
1338,44.63533567924931,699.7153070497043,420.26840256311357,279.059793714312,431.2666439800523,0.3659906684027777
1339,44.66869542190943,705.8861228198816,417.1073610252454,279.62391748572475,413.33640803350136,0.36773763020833333
1340,44.70205516456956,694.1044491279526,429.3429444100981,281.3495669942897,437.53773404750973,0.3689485677083333
1341,44.73541490722969,684.891779651181,434.2371777640392,282.0398267977159,386.97208202211186,0.3681759982638889
1342,44.768774649889814,684.9567118604725,425.6948711056157,280.0659307190864,428.3706310088746,0.36970160590277773
1343,44.80213439254994,683.4826847441889,416.27794844224627,279.2763722876347,371.9465809990652,0.37200195312500006
1344,44.83549413521006,671.6430738976758,402.01117937689855,278.2105489150539,395.65859897993505,0.3709993489583333
1345,44.868853877870194,663.9072295590702,399.3044717507593,279.28421956602153,435.5417980113998,0.37080186631944445
1346,44.90221362053032,657.8128918236281,395.2217887003039,277.46368782640866,449.73498495528474,0.37240668402777777
1347,44.93557336319044,656.8751567294512,393.5887154801216,275.23547513056343,437.78622103855014,0.37337131076388885
1348,44.968933105850574,658.7500626917804,388.43548619204864,272.8441900522254,437.85055400803685,0.3734103732638889
1349,45.0022928485107,660.2500250767122,384.8741944768195,268.1376760208901,411.59850102849305,0.3710394965277778
1350,45.03565259117082,663.1000100306849,384.94967779072783,264.005070408356,379.7601420083083,0.37046657986111114
1351,45.069012333830955,665.740004012274,387.9798711162911,266.85202816334237,339.6372129791416,0.37001627604166665
1352,45.10237207649108,668.2960016049095,392.1919484465164,258.9908112653369,375.43013296090066,0.3690483940972222
1353,45.135731819151204,669.3184006419638,396.87677937860656,252.84632450613472,412.5356270233169,0.36727864583333336
1354,45.16909156181133,668.9773602567855,403.2507117514426,251.13852980245383,420.48010299913585,0.36767903645833333
1355,45.20245130447146,667.340944102714,405.8002847005769,249.7054119209816,431.3359709922224,0.37146158854166667
1356,45.235811047131584,660.6863776410858,406.82011388023085,250.6321647683926,430.7831420446746,0.3739984809027778
1357,45.26917078979171,655.7745510564342,417.72804555209234,252.50286590735703,379.1180469561368,0.36759548611111115
1358,45.30253053245184,648.5598204225737,438.59121822083694,250.25114636294285,453.8938719779253,0.37733181423611106
1359,45.335890275111964,645.6739281690295,446.9364872883348,245.6004585451771,535.0587049615569,0.37541666666666673
1360,45.36925001777209,658.7695712676118,427.774594915334,242.9901834180708,385.20363601855934,0.3741948784722222
1361,45.40260976043222,663.2578285070447,412.6098379661337,241.19607336722828,396.26813295762986,0.3725705295138889
1362,45.435969503092345,665.0531314028178,397.54393518645344,237.47842934689132,425.9411820094101,0.3716145833333333
1363,45.46932924575247,668.7712525611272,391.5175740745814,235.99137173875653,385.01692097634077,0.374560546875
1364,45.502688988412594,677.7585010244508,407.1070296298324,234.6465486955026,383.91731900628656,0.36857421874999996
1365,45.536048731072725,680.6034004097803,411.842811851933,237.10861947820104,399.3228949839249,0.3690190972222222
1366,45.56940847373285,677.2413601639121,410.7371247407731,238.09344779128037,432.31462000403553,0.370732421875
1367,45.602768216392974,671.3965440655647,428.2948498963093,237.73737911651216,374.8077529598959,0.3726573350694445
1368,45.636127959053105,667.5586176262259,441.3179399585237,238.3449516466048,440.1173680089414,0.37391276041666666
1369,45.66948770171323,665.2734470504903,454.0271759834095,239.33798065864195,454.608261003159,0.37451171875
1370,45.702847444373354,675.6093788201962,439.61087039336377,240.48519226345684,465.0865949806757,0.3747710503472222
1371,45.736207187033486,678.2437515280785,436.84434815734556,236.44407690538273,482.2531859972514,0.37926215277777775
1372,45.76956692969361,679.2975006112315,438.73773926293836,236.32763076215303,460.17821301938966,0.38143554687500003
1373,45.802926672353735,682.7190002444925,442.49509570517534,235.5310523048612,505.7418990181759,0.38177517361111113
1374,45.83628641501386,684.0876000977971,449.9980382820702,235.21242092194444,483.34367299685255,0.38247612847222223
1375,45.86964615767399,682.3850400391188,463.4992153128281,236.5849683687777,459.5805020071566,0.38364691840277776
1376,45.903005900334115,692.9540160156475,449.39968612513127,238.6339873475111,451.1953960172832,0.38358506944444437
1377,45.93636564299424,694.931606406259,442.2598744500525,239.45359493900446,445.26553904870525,0.3840125868055555
1378,45.96972538565437,694.2226425625036,439.40394978002104,240.53143797560182,446.0084020392969,0.3843142361111111
1379,46.003085128314495,683.4390570250014,417.26157991200853,241.7125751902407,443.50351102184504,0.3847211371527778
1380,46.03644487097462,681.3756228100006,409.90463196480334,242.18503007609627,459.2477830010466,0.38623046874999994
1381,46.069804613634744,679.8002491240002,402.46185278592134,242.37401203043856,469.1424180055037,0.38585177951388894
1382,46.103164356294876,681.4200996496002,400.9847411143685,243.9496048121754,454.8230369691737,0.3872526041666666
1383,46.136524098955,686.5680398598399,400.3938964457474,244.57984192487015,464.8313520010561,0.38846462673611115
1384,46.169883841615125,691.6272159439359,400.1575585782989,247.08193676994807,468.2710070046596,0.3903287760416667
1385,46.203243584275256,695.9008863775744,401.56302343131955,249.58277470797915,423.07606601389125,0.39265842013888896
1386,46.23660332693538,699.1103545510298,405.1252093725279,252.08310988319167,417.4750699894503,0.38985677083333337
1387,46.269963069595505,701.144141820412,411.05008374901115,252.3332439532767,433.92249196767807,0.39019639756944446
1388,46.30332281225564,701.9576567281648,419.42003349960453,253.93329758131068,477.21688100136817,0.39094943576388885
1389,46.33668255491576,696.283062691266,437.7680133998417,255.3233190325243,485.56775599718094,0.39165473090277775
1390,46.370042297575885,689.5132250765064,448.10720535993664,244.6293276130097,467.3593529732898,0.3938747829861111
1391,46.40340204023601,683.8052900306025,449.2428821439746,242.60173104520396,517.6435940084048,0.3942914496527778
1392,46.43676178289614,678.522116012241,443.69715285758986,239.54069241808153,472.74729498894885,0.39321072048611105
1393,46.470121525556266,669.6588464048964,439.97886114303583,237.56627696723262,451.8917250097729,0.3944618055555556
1394,46.50348126821639,663.1135385619586,441.49154445721433,238.27651078689308,409.43813999183476,0.3865006510416667
1395,46.53684101087652,680.7454154247832,401.5966177828857,238.56060431475723,437.17110104626045,0.38532443576388886
1396,46.570200753536646,689.2981661699133,388.6386471131543,240.92424172590285,446.45592803135514,0.38444118923611104
1397,46.60356049619677,694.2192664679653,386.4554588452617,243.36969669036114,461.05061599519104,0.3850759548611111
1398,46.6369202388569,696.9377065871861,390.0821835381046,244.34787867614443,433.3863330539316,0.3852549913194445
1399,46.67027998151703,698.7750826348745,393.0328734152419,245.4891514704578,455.02838102402166,0.39175238715277777
1400,46.70363972417715,701.0100330539499,397.2131493660968,248.1956605881832,462.5431599561125,0.3920464409722222
1401,46.736999466837275,704.1540132215799,403.3852597464388,250.02826423527327,472.9486989672296,0.3919292534722222
1402,46.77035920949741,707.661605288632,410.3541038985754,253.01130569410924,456.546219997108,0.3928407118055556
1403,46.80371895215753,711.3146421154528,417.6416415594303,256.45452227764366,449.4337340001948,0.3939279513888889
1404,46.837078694817656,715.0258568461811,428.05665662377226,260.08180891105746,469.4309899932705,0.39387695312500004
1405,46.87043843747779,717.2603427384724,436.72266264950883,250.28272356442295,428.66867198608816,0.395380859375
1406,46.90379818013791,710.6541370953889,425.1890650598035,247.1130894257692,452.6883349753916,0.39510742187500003
1407,46.937157922798036,708.0116548381557,420.57562602392136,247.34523577030757,464.4444730365649,0.3964290364583334
1408,46.97051766545817,709.9546619352623,424.73025040956855,248.938094308123,442.7769940230064,0.3986295572916666
1409,47.00387740811829,712.2318647741048,432.3921001638273,251.0752377232492,461.75665402552113,0.4072276475694444
1410,47.03723715077842,713.142745909642,435.45684006553086,253.43009508929973,456.84752601664513,0.40837890624999995
1411,47.07059689343854,705.2570983638568,423.1827360262123,255.87203803571995,503.87411104748026,0.41002278645833334
1412,47.10395663609867,702.8528393455429,422.773094410485,258.34881521428804,475.05828901194036,0.41288736979166674
1413,47.1373163787588,699.6411357382171,421.10923776419395,261.5895260857152,499.1038470179774,0.4135687934027778
1414,47.17067612141892,697.606454295287,421.94369510567765,260.6358104342861,467.76684501674026,0.4147330729166666
1415,47.20403586407905,697.5425817181147,420.777478042271,260.2543241737144,461.20918402448297,0.40947265624999996
1416,47.23739560673918,698.2670326872459,421.81099121690835,259.35172966948574,421.0115610039793,0.4097276475694444
1417,47.2707553493993,698.5568130748983,425.2243964867634,260.4906918677942,449.50366899138317,0.4099858940972222
1418,47.304115092059426,697.9227252299593,431.0897585947054,261.6962767471177,444.76259499788284,0.4108355034722222
1419,47.33747483471956,694.6690900919838,442.43590343788213,262.17851069884705,446.9349210266955,0.41228841145833334
1420,47.37083457737968,705.3676360367936,428.97436137515297,263.87140427953887,431.7233869805932,0.41327148437499994
1421,47.40419432003981,709.6470544147173,423.58974455006114,263.0485617118156,450.5583450081758,0.4124034288194445
1422,47.43755406269994,712.858821765887,424.4358978200245,261.9694246847263,442.1404959866777,0.41393663194444447
1423,47.47091380536006,711.8935287063548,432.2743591280098,261.53776987389045,468.10800197999924,0.4162510850694444
1424,47.50427354802019,710.757411482542,439.90974365120394,262.1151079495562,493.55604202719405,0.4190798611111111
1425,47.53763329068032,709.5529645930168,444.4638974604817,262.3460431798226,480.16515997005627,0.42069010416666663
1426,47.57099303334044,709.0711858372067,449.2855589841926,263.18841727192904,488.9175270218402,0.4146006944444445
1427,47.60435277600057,711.1284743348826,446.7142235936771,264.2753669087715,508.20163398748264,0.41676323784722225
1428,47.63771251866069,701.4513897339532,424.68568943747084,263.9601467635086,459.81296797981486,0.4165386284722222
1429,47.67107226132082,699.0805558935813,418.8742757749884,263.83405870540344,476.2407300295308,0.41605251736111115
1430,47.70443200398095,701.1322223574325,422.5497103099954,265.2836234821613,454.20000795274973,0.41599066840277776
1431,47.73779174664107,704.952888942973,430.01988412399817,264.3634493928645,444.70982695929706,0.4154654947916666
1432,47.771151489301204,705.7311555771892,434.5079536495993,262.4953797571459,398.77298596547917,0.41602322048611107
1433,47.80451123196133,707.5424622308756,442.3031814598397,259.49815190285835,407.7161210007034,0.4149858940972223
1434,47.83787097462145,713.5169848923501,452.9212725839359,256.7992607611434,410.10157100390643,0.41484375
1435,47.871230717281584,718.9067939569401,451.1685090335743,254.21970430445728,403.40538701275364,0.4134049479166667
1436,47.90459045994171,723.312717582776,454.9674036134298,252.43788172178296,396.14792697830126,0.41277886284722226
1437,47.93795020260183,711.5750870331103,432.4869614453719,250.22515268871314,359.90215599304065,0.41051106770833334
1438,47.97130994526196,689.6300348132443,394.9947845781487,249.34006107548532,379.04450501082465,0.4091710069444444
1439,48.00466968792209,680.1020139252977,387.4979138312594,248.98602443019413,381.507785001304,0.4086295572916666
1440,48.03802943058221,674.790805570119,390.49916553250364,249.59440977207763,379.64591797208413,0.41032660590277775
1441,48.07138917324234,672.6663222280476,394.69966621300154,249.83776390883108,442.7145899971947,0.4107465277777778
1442,48.10474891590247,671.816528891219,399.37986648520075,251.43510556353243,450.907223043032,0.4066720920138889
1443,48.138108658562594,672.9766115564877,398.25194659408027,251.32404222541297,413.34228398045525,0.40772026909722214
1444,48.17146840122272,674.1906446225951,402.3007786376321,252.77961689016516,416.72525700414553,0.4077376302083333
1445,48.20482814388285,670.926257849038,411.42031145505285,253.36184675606597,425.543088989798,0.40746636284722226
1446,48.238187886542974,665.8705031396153,419.56812458202114,250.59473870242638,422.32785001397133,0.40589518229166666
1447,48.2715476292031,664.598201255846,421.32724983280855,249.48789548097054,377.45625199750066,0.4064203559027777
1448,48.30490737186322,664.8392805023384,417.53089993312335,248.2951581923883,384.2345059965737,0.3994911024305555
1449,48.338267114523354,664.9357122009354,419.0123599732494,250.0680632769553,417.3023180337623,0.39916015625
1450,48.37162685718348,662.7242848803742,427.1049439892997,251.52722531078206,426.1585680069402,0.3874533420138888
1451,48.4049865998436,657.3397139521496,430.3419775957198,252.11089012431287,421.0293250507675,0.3891558159722222
1452,48.438346342503735,651.4358855808598,433.1367910382879,254.59435604972518,426.5853489632718,0.38401584201388883
1453,48.47170608516386,646.8243542323439,441.75471641531516,255.58774241989016,433.49988298723474,0.3847775607638889
1454,48.505065827823984,646.4797416929376,451.2018865661261,258.235096967956,419.8972409940325,0.38572808159722216
1455,48.53842557048411,650.0918966771751,462.48075462645056,260.0440387871824,416.30537703167647,0.38493815104166673
1456,48.57178531314424,646.28675867087,444.49230185058025,261.517615514873,453.35125096607953,0.39274088541666663
1457,48.605145055804364,655.264703468348,422.29692074023205,263.60704620594925,398.4269310021773,0.39246744791666666
1458,48.63850479846449,658.8558813873391,419.4187682960928,265.9428184823796,410.153470991645,0.3935177951388889
1459,48.67186454112462,661.7923525549356,427.2675073184371,266.8771273929518,407.87693194579333,0.38778645833333325
1460,48.705224283784744,659.2169410219742,425.90700292737483,266.50085095718066,434.68028999632224,0.38767578125
1461,48.73858402644487,654.4367764087897,417.86280117094987,267.1003403828722,411.6412550210953,0.3878656684027778
1462,48.771943769105,653.2747105635158,416.14512046837996,267.3401361531488,446.24838599702343,0.38831271701388886
1463,48.805303511765125,652.8098842254063,427.45804818735195,268.1860544612596,477.94375999365,0.3872374131944445
1464,48.83866325442525,653.3739536901625,433.48321927494084,267.77442178450383,487.3339359764941,0.3863812934027778
1465,48.872022997085374,655.8495814760649,434.39328770997633,266.1097687138015,415.69283400895074,0.3837771267361111
1466,48.905382739745505,659.089832590426,430.25731508399065,262.4439074855205,439.05540398554876,0.38252061631944445
1467,48.93874248240563,667.1359330361704,430.1029260335963,257.2275629942082,404.8137789941393,0.38619140625000004
1468,48.972102225065754,667.3543732144683,418.0411704134384,254.3910251976833,475.95404798630625,0.38518446180555554
1469,49.005461967725886,667.4417492857873,413.2164681653754,252.50641007907342,435.93401403632015,0.383173828125
1470,49.03882171038601,671.9766997143148,426.28658726615004,250.2525640316294,404.8777719726786,0.3798372395833334
1471,49.072181453046134,678.2906798857259,440.51463490645995,247.10102561265177,451.83696801541373,0.3776356336805555
1472,49.105541195706266,686.0662719542904,453.7058539625839,244.34041024506072,437.417289998848,0.3822341579861111
1473,49.13890093836639,694.426508781716,457.48234158503345,242.4861640980243,429.02772600064054,0.37341796875
1474,49.172260681026515,696.2706035126864,446.99293663401335,241.74446563920958,404.6227619983256,0.3806694878472222
1475,49.20562042368664,681.2582414050746,405.2971746536054,242.19778625568384,421.155053016264,0.3803624131944444
1476,49.23898016634677,678.2532965620296,391.61886986144214,243.8791145022735,372.86326597677544,0.3735677083333333
1477,49.272339909006895,683.0513186248118,377.1475479445768,246.05164580090934,384.58948297193274,0.3725954861111111
1478,49.30569965166702,685.7205274499247,372.8590191778307,249.1706583203637,384.6648359904066,0.37145941840277774
1479,49.33905939432715,686.0382109799698,381.6436076711323,252.66826332814554,406.76994394743815,0.3603081597222223
1480,49.372419136987276,684.6652843919879,388.1574430684529,254.06730533125824,418.5692649916746,0.36260525173611113
1481,49.4057788796474,679.6161137567952,393.7629772273812,250.8769221325033,424.1510679712519,0.3651703559027778
1482,49.43913862230753,676.0964455027181,399.00519089095263,249.60076885300128,406.4927180297673,0.3601529947916667
1483,49.472498364967656,676.1885782010871,404.10207635638096,249.0903075412005,434.70414500916377,0.3616037326388889
1484,49.50585810762778,677.7254312804348,409.1408305425524,248.88612301648018,421.10254702856764,0.3639377170138889
1485,49.539217850287905,677.5901725121739,412.6563322170209,245.0544492065921,460.8900130260736,0.3583669704861111
1486,49.572577592948036,680.5360690048695,420.0625328868084,241.2717796826368,457.2033109725453,0.36596896701388887
1487,49.60593733560816,686.2144276019478,426.0250131547234,236.00871187305472,433.7612559902482,0.3654709201388889
1488,49.639297078268285,693.7357710407791,435.91000526188935,237.6534847492219,461.50781703181565,0.36278971354166667
1489,49.67265682092842,680.9943084163116,408.36400210475574,238.31139389968868,467.08132699131966,0.3611675347222222
1490,49.70601656358854,675.1477233665247,395.84560084190235,236.32455755987547,494.4723060471006,0.35867078993055557
1491,49.739376306248666,672.8090893466099,393.8382403367609,237.0298230239502,482.30295500252396,0.3578982204861111
1492,49.77273604890879,672.6236357386439,397.5352961347044,238.06192920958011,448.83978297002614,0.3570290798611111
1493,49.80609579156892,672.5494542954575,402.0141184538818,238.4747716838321,406.3061850029044,0.35538953993055555
1494,49.839455534229046,672.5197817181831,406.8056473815527,239.38990867353277,362.273755017668,0.3538444010416666
1495,49.87281527688917,673.2579126872731,413.2222589526211,240.50596346941313,406.42417600611225,0.3461035156250001
1496,49.9061750195493,675.8031650749092,420.28890358104843,241.70238538776516,438.6166940093972,0.34789496527777775
1497,49.939534762209426,685.0712660299638,415.6155614324195,242.18095415510604,454.84669995494187,0.3504926215277778
1498,49.97289450486955,690.2785064119854,419.7462245729678,242.37238166204241,418.14325499581173,0.35107747395833333
1499,50.00625424752968,681.1114025647942,401.89848982918704,241.69895266481694,398.94431398715824,0.3516145833333334
1500,50.03961399018981,677.4445610259176,394.7593959316747,241.42958106592673,406.5584579948336,0.3497135416666667
1501,50.07297373284993,690.2278244103671,369.40375837267,242.8218324263706,424.31670101359487,0.34894314236111107
1502,50.106333475510056,692.3411297641468,380.261503349068,238.87873297054819,430.67081697518006,0.3474479166666667
1503,50.13969321817019,695.4364519056588,395.10460133962727,241.80149318821924,439.19695797376335,0.34687065972222225
1504,50.17305296083031,685.4245807622635,384.54184053585095,241.4705972752877,425.65329000353813,0.3461653645833333
1505,50.206412703490436,682.1698323049054,384.81673621434027,241.33823891011514,452.19901704695076,0.3466905381944445
1506,50.23977244615057,680.8679329219622,387.9266944857361,241.28529556404607,457.24137796787545,0.3455219184027778
1507,50.27313218881069,682.5971731687848,393.6706777942944,242.76411822561843,453.7288669962436,0.3461273871527778
1508,50.306491931470816,678.038869267514,367.46827111771785,242.60564729024736,455.9310200274922,0.3650802951388889
1509,50.33985167413095,675.4655477070057,355.4873084470871,242.54225891609892,444.4746659719385,0.35929578993055555
1510,50.37321141679107,672.9362190828023,353.69492337883486,241.76690356643962,437.0700370054692,0.3604166666666666
1511,50.4065711594512,666.674487633121,366.47796935153394,240.70676142657584,442.8649769979529,0.36263020833333326
1512,50.43993090211132,663.4197950532484,370.09118774061346,240.2827045706303,420.62329401960596,0.36126410590277774
1513,50.47329064477145,667.3679180212994,364.03647509624545,237.1130818282521,441.243781009689,0.35957031249999993
1514,50.50665038743158,671.9471672085197,358.61459003849825,235.84523273130077,441.45075901178643,0.35343641493055555
1515,50.5400101300917,679.028866883408,354.9458360153993,237.5880930925203,429.72414602991194,0.3541905381944444
1516,50.57336987275183,688.6115467533632,360.9783344061597,238.28523723700812,448.7723920028657,0.35562174479166664
1517,50.60672961541196,687.1946187013452,346.8913337624639,238.56409489480316,503.6412570043467,0.3575944010416666
1518,50.64008935807208,685.1278474805381,344.25653350498567,237.17563795792137,480.490721995011,0.3516764322916667
1519,50.67344910073221,683.5511389922152,344.7026134019943,230.62025518316858,433.1660869647749,0.35288519965277776
1520,50.70680884339234,682.9204555968861,344.88104536079777,224.2481020732675,461.2634510267526,0.3547309027777778
1521,50.74016858605246,679.6681822387545,347.9524181443191,220.1992408293071,472.417259006761,0.3542936197916667
1522,50.77352832871259,677.6172728955019,347.68096725772756,219.3296963317228,464.52061098534614,0.35593207465277776
1523,50.80688807137272,674.5469091582006,349.072386903091,219.7318785326891,478.0108900158666,0.35596137152777774
1524,50.84024781403284,670.3187636632802,349.6289547612365,220.6427514130756,472.10610599722713,0.35645290798611107
1525,50.87360755669297,666.3775054653121,348.35158190449465,220.25710056523025,485.82777701085433,0.3567545572916666
1526,50.9069672993531,663.3010021861251,347.8406327617979,221.60284022609207,482.829344982747,0.35829752604166665
1527,50.94032704201322,660.5704008744499,347.6362531047191,223.64113609043685,471.301837998908,0.3589605034722222
1528,50.97368678467335,662.47816034978,356.5545012418876,226.70645443617477,450.64786699367687,0.36025173611111116
1529,51.00704652733347,664.741264139912,369.12180049675504,228.6825817744699,447.8286469820887,0.3610232204861111
1530,51.0404062699936,665.6465056559648,377.148720198702,232.47303270978796,485.30683101853356,0.3609526909722222
1531,51.07376601265373,664.5086022623859,383.3594880794808,236.23921308391516,501.64856895571575,0.36216145833333324
1532,51.10712575531385,664.0534409049543,394.8437952317923,239.995685233566,453.57785001397133,0.36253797743055555
1533,51.140485497973984,662.3713763619817,402.43751809271686,242.99827409342637,457.6997419935651,0.36391276041666665
1534,51.17384524063411,672.9485505447926,373.97500723708663,244.19930963737056,457.41332398029044,0.36584309895833333
1535,51.20720498329423,671.179420217917,368.5900028948347,246.17972385494826,447.7168479934335,0.3669194878472223
1536,51.240564725954364,671.9717680871668,366.43600115793384,246.9718895419793,438.48462897585705,0.3687771267361111
1537,51.27392446861449,668.5387072348667,370.0744004631735,245.7887558167917,477.24265296710655,0.37601562499999996
1538,51.30728421127461,667.1654828939467,374.5297601852695,244.56550232671668,436.7717049899511,0.3773361545138888
1539,51.34064395393474,665.8661931575787,377.8119040741076,242.57620093068675,437.5982779893093,0.3792784288194444
1540,51.37400369659487,664.5964772630315,380.62476162964316,242.53048037227472,442.07642797846347,0.38101562499999997
1541,51.40736343925499,661.0885909052126,381.74990465185726,241.01219214890995,412.7894779667258,0.3827983940972222
1542,51.44072318191512,657.435436362085,386.69996186074286,240.40487685956393,436.71071203425527,0.3852300347222223
1543,51.47408292457525,652.9741745448341,394.6799847442972,238.6619507438256,440.2793299523182,0.38556532118055553
1544,51.507442667235374,648.9396698179337,405.3719938977189,240.21478029753027,453.11299100285396,0.38101128472222223
1545,51.5408024098955,646.5758679271734,414.1487975590874,241.58591211901222,454.8495259950869,0.3823980034722222
1546,51.57416215255563,645.6303471708693,420.659519023635,242.13436484760484,462.06493000499904,0.3823893229166667
1547,51.607521895215754,642.2521388683479,426.2638076094539,243.85374593904197,418.99216402089223,0.38361545138888886
1548,51.64088163787588,636.4008555473391,437.50552304378164,243.04149837561675,437.72884499048814,0.38681532118055556
1549,51.674241380536,630.3103422189357,443.5022092175127,241.21659935024667,424.9838570249267,0.3869108072916666
1550,51.707601123196135,629.3741368875742,430.90088368700503,241.23663974009867,444.94170701364055,0.3821440972222222
1551,51.74096086585626,622.2496547550297,406.360353474802,238.9946558960395,439.0945609775372,0.3802962239583333
1552,51.77432060851638,622.3998619020119,396.54414138992087,238.0978623584158,439.59089496638626,0.38127712673611114
1553,51.807680351176515,622.4599447608048,395.6176565559683,236.2391449433663,425.4989809705876,0.38162434895833336
1554,51.84104009383664,621.7339779043219,399.7470626223874,235.49565797734653,462.1267429902218,0.3744715711805555
1555,51.874399836496764,621.4435911617288,404.398825048955,234.44826319093863,432.1510530426167,0.37485243055555556
1556,51.907759579156895,622.8274364646916,409.259530019582,234.0293052763754,444.7931009926833,0.3767599826388889
1557,51.94111932181702,625.6309745858766,418.70381200783277,234.61172211055015,445.74963295599446,0.37510525173611114
1558,51.974479064477144,630.5023898343507,426.981524803133,234.84468884422012,448.7802230287343,0.37401150173611114
1559,52.00783880713727,637.7009559337403,431.7926099212532,235.687875537688,435.07979199057445,0.3732552083333333
1560,52.0411985497974,644.3303823734961,438.21704396850134,237.5251502150752,435.0682150106877,0.37394422743055555
1561,52.074558292457525,646.2321529493986,436.2868175874006,240.5100600860301,424.1095160250552,0.3739941406249999
1562,52.10791803511765,646.2428611797594,428.01472703496023,240.954024034412,469.5269849617034,0.3729383680555555
