frame,timestamp,v_mps,w_radps,raw_err_x_px,raw_err_theta_deg,filt_err_x_px,filt_err_theta_deg,confidence,status,innovation_x,innovation_theta_deg,median_width,filt_width,n_two_sided,has_line,pending_count,map_status,map_conf,map_innov_x,map_innov_w,support_old,support_new,shift_px
0,1790599322.2041311,0.1591,0.0210,-43.9,-4.45,-70.5,-0.45,0.63,accepted,0.0,0.00,392,597,10,1,0,no_map,0.38,0.0,0.0,0,3,14.0
1,1790599322.3162344,0.1711,0.1887,-38.1,-6.95,-70.8,-0.46,0.74,accepted,-0.8,-0.04,392,598,10,1,0,map_accept,0.62,0.8,12.9,0,3,14.0
2,1790599322.451606,0.1692,0.2976,-85.3,29.22,-60.4,0.85,0.72,accepted,29.5,3.74,393,563,9,1,0,map_accept,0.75,32.2,-95.3,7,4,14.0
3,1790599322.5335119,0.1680,0.3685,-84.9,29.22,-53.8,1.70,0.71,accepted,18.9,2.43,393,538,9,1,0,map_accept,0.83,24.5,-57.5,7,4,14.0
4,1790599322.6154313,0.1708,0.4145,-41.3,-4.37,-64.7,0.66,0.73,accepted,-31.2,-2.98,394,557,10,1,0,map_accept,0.91,-23.7,85.3,7,3,14.0
5,1790599322.6855114,0.1689,0.4444,1.3,-16.94,-56.2,1.67,0.72,accepted,24.2,2.89,392,534,9,1,0,map_accept,0.93,28.8,-49.4,7,4,14.0
6,1790599322.7838793,0.1714,0.4639,-39.4,-4.73,-66.1,0.65,0.74,accepted,-28.3,-2.91,394,553,10,1,0,map_accept,0.96,-22.0,90.3,7,3,14.0
7,1790599322.909245,0.1687,0.4765,-36.0,-0.42,-56.8,1.47,0.72,accepted,26.6,2.34,395,532,9,1,0,map_accept,0.97,30.1,-44.2,7,4,14.0
8,1790599323.0107079,0.1676,0.4847,-1.0,-15.69,-49.8,2.25,0.71,accepted,20.1,2.24,393,517,9,1,0,map_accept,0.97,26.2,-29.6,7,4,14.0
9,1790599323.0813699,0.1707,0.4901,-40.7,-3.96,-61.1,1.08,0.73,accepted,-32.2,-3.35,395,541,10,1,0,map_accept,0.98,-24.1,101.8,7,3,14.0
10,1790599323.1483927,0.1689,0.4936,2.7,-17.66,-52.3,2.01,0.72,accepted,25.1,2.65,387,523,9,1,0,map_accept,0.98,30.3,-38.5,7,4,14.0
11,1790599323.2190657,0.1677,0.4958,2.6,-17.59,-46.4,2.64,0.71,accepted,16.8,1.81,387,510,9,1,0,map_accept,0.97,24.0,-20.8,7,4,14.0
12,1790599323.290031,0.1671,0.4973,1.6,-17.09,-42.6,3.05,0.70,accepted,10.9,1.15,393,502,9,1,0,map_accept,0.97,19.9,-9.5,7,4,14.0
13,1790599323.4177842,0.1666,0.4982,1.3,-16.92,-40.2,3.31,0.70,accepted,6.8,0.74,393,495,9,1,0,map_accept,0.97,17.1,-2.3,7,4,14.0
14,1790599323.5412018,0.1664,0.4988,3.9,-18.06,-38.8,3.51,0.69,accepted,3.9,0.57,395,491,9,1,0,map_accept,0.97,15.1,2.3,7,4,14.0
15,1790599323.6566002,0.1693,0.4993,-12.0,-9.56,-37.7,3.30,0.72,accepted,3.1,-0.58,398,488,10,1,0,map_accept,0.98,14.7,5.0,7,4,14.0
16,1790599323.7817824,0.1710,0.4995,-4.3,-14.06,-37.0,3.17,0.74,accepted,2.0,-0.40,396,486,10,1,0,map_accept,0.98,14.0,6.7,7,4,14.0
17,1790599323.8973055,0.1720,0.4997,-12.5,-9.42,-36.6,3.06,0.75,accepted,1.3,-0.29,396,484,10,1,0,map_accept,0.99,13.9,7.3,7,4,14.0
18,1790599324.006804,0.1736,0.4998,-34.9,-6.77,-52.8,1.79,0.76,accepted,-46.4,-3.65,396,520,10,1,0,map_accept,0.99,-33.2,129.1,7,3,14.0
19,1790599324.118816,0.1738,0.4999,-13.4,-9.02,-46.9,2.28,0.76,accepted,16.8,1.40,396,509,10,1,0,map_accept,0.99,25.9,-24.6,7,4,14.0
20,1790599324.1928866,0.1710,0.4999,-96.6,14.88,-43.1,3.00,0.74,accepted,10.9,2.05,391,501,9,1,0,map_accept,0.98,21.3,-13.0,7,4,14.0
21,1790599324.2578428,0.1693,0.4999,-96.5,14.88,-40.8,3.44,0.72,accepted,6.6,1.27,391,496,9,1,0,map_accept,0.97,18.1,-5.8,7,4,14.0
22,1790599324.321562,0.1683,0.5000,-96.5,14.88,-39.3,3.72,0.71,accepted,4.3,0.82,391,492,9,1,0,map_accept,0.97,16.6,-1.0,7,4,14.0
23,1790599324.385961,0.1672,0.5000,-36.2,-0.93,-38.8,3.70,0.70,accepted,1.3,-0.07,392,490,9,1,0,map_accept,0.97,14.1,4.2,7,4,14.0
24,1790599324.4484053,0.1665,0.5000,-39.3,0.59,-39.5,3.60,0.70,accepted,-1.9,-0.30,394,488,9,1,0,map_accept,0.97,11.6,3.5,7,4,14.0
25,1790599324.515322,0.1662,0.5000,-41.3,1.51,-39.9,3.51,0.69,accepted,-1.2,-0.25,393,487,9,1,0,map_accept,0.97,12.6,0.2,7,4,14.0
26,1790599324.5848818,0.1653,0.5000,-43.1,1.38,-50.1,2.85,0.68,accepted,-29.1,-1.88,344,520,9,1,0,map_accept,0.96,-15.0,113.8,7,1,14.0
27,1790599324.6478975,0.1661,0.5000,-113.6,30.65,-56.9,1.94,0.69,accepted,-19.4,-2.59,395,544,9,1,0,map_accept,0.96,-7.8,88.7,7,3,14.0
28,1790599324.7147577,0.1664,0.5000,-1.8,-11.42,-61.3,1.32,0.69,accepted,-12.6,-1.77,387,561,9,1,0,map_accept,0.96,-2.9,69.0,7,2,14.0
29,1790599324.7826948,0.1662,0.5000,-116.3,28.65,-61.6,0.95,0.69,accepted,-0.7,-1.08,337,561,9,1,0,map_accept,0.97,7.5,24.1,7,2,14.0
30,1790599324.8611934,0.1659,0.5000,-125.9,29.39,-62.8,0.46,0.69,accepted,-3.4,-1.39,335,561,9,1,0,map_accept,0.96,4.8,25.2,7,2,14.0
31,1790599324.9313517,0.1651,0.5000,-127.9,30.24,-64.4,-0.12,0.68,accepted,-4.7,-1.67,337,560,9,1,0,map_accept,0.96,4.1,29.5,7,2,14.0
32,1790599324.9999754,0.1646,0.5000,-73.9,10.06,-66.2,-0.22,0.68,accepted,-5.1,-0.27,337,558,9,1,0,map_accept,0.96,4.1,32.7,7,2,14.0
33,1790599325.0699925,0.1644,0.5000,-78.2,14.57,-67.9,-0.26,0.68,accepted,-4.8,-0.12,336,557,9,1,0,map_accept,0.96,3.2,37.5,7,2,14.0
34,1790599325.1391802,0.1642,0.5000,-73.0,12.92,-69.8,-0.40,0.67,accepted,-5.6,-0.40,339,557,9,1,0,map_accept,0.96,0.6,49.1,7,2,14.0
35,1790599325.206716,0.1634,0.5000,-55.9,5.65,-70.9,-0.59,0.67,accepted,-2.9,-0.55,355,559,9,1,0,map_accept,0.96,1.5,55.4,7,2,14.0
36,1790599325.271373,0.1634,0.5000,-56.1,2.25,-70.7,-0.99,0.67,accepted,0.4,-1.13,339,561,9,1,0,map_accept,0.96,3.0,60.0,7,2,14.0
37,1790599325.3382437,0.1626,0.5000,-62.3,9.29,-69.4,-1.17,0.66,accepted,3.7,-0.53,357,564,9,1,0,map_accept,0.96,5.8,63.6,7,2,14.0
38,1790599325.4009337,0.1586,0.5000,-33.9,-1.02,-67.7,-1.20,0.62,accepted,4.9,-0.09,351,567,8,1,0,map_accept,0.95,6.8,66.0,7,2,14.0
39,1790599325.4640276,0.1602,0.5000,-55.0,6.84,-66.0,-1.00,0.64,accepted,5.0,0.57,361,567,9,1,0,map_accept,0.96,7.1,60.4,7,2,14.0
40,1790599325.5371032,0.1611,0.5000,-60.7,11.09,-63.4,-0.84,0.65,accepted,7.5,0.47,361,566,9,1,0,map_accept,0.96,10.0,63.1,7,2,14.0
41,1790599325.608299,0.1619,0.5000,-54.8,10.84,-61.3,-0.74,0.65,accepted,5.9,0.27,362,569,9,1,0,map_accept,0.96,8.7,82.0,7,2,14.0
42,1790599325.6747296,0.1628,0.5000,15.8,-4.57,-54.8,0.43,0.66,accepted,18.6,3.34,354,549,9,1,0,map_accept,0.96,21.1,6.7,7,3,14.0
43,1790599325.7422805,0.1635,0.5000,21.7,-4.99,-47.5,1.08,0.67,accepted,20.8,1.87,345,539,9,1,0,map_accept,0.96,24.3,37.0,7,3,14.0
44,1790599325.8149252,0.1647,0.5000,-44.6,15.62,-43.1,0.77,0.68,accepted,12.5,-0.90,355,529,9,1,0,map_accept,0.96,16.4,34.7,7,3,14.0
45,1790599325.8857193,0.1627,0.5000,8.0,-6.33,-44.2,0.50,0.66,accepted,-3.0,-0.77,330,510,8,1,0,map_hold,0.95,12.7,-44.1,7,0,14.0
46,1790599325.9586887,0.1649,0.5000,15.8,0.72,-44.4,0.18,0.68,accepted,-0.5,-0.90,361,492,9,1,0,map_hold,0.95,36.7,45.1,7,0,14.0
47,1790599326.0258613,0.1659,0.5000,38.0,-4.75,-43.9,-0.06,0.69,accepted,1.4,-0.68,343,475,9,1,0,map_hold,0.95,83.2,-30.0,7,0,14.0
48,1790599326.0981941,0.1665,0.5000,-10.9,11.35,-42.9,-0.16,0.70,accepted,3.0,-0.30,371,461,9,1,0,map_hold,0.94,24.7,30.7,7,0,14.0
49,1790599326.1684852,0.1667,0.5000,60.4,-16.41,-41.2,-0.23,0.70,accepted,4.6,-0.18,375,449,9,1,0,map_hold,0.94,44.5,40.8,7,0,14.0
50,1790599326.2359338,0.1664,0.5000,43.3,-8.34,-39.2,-0.22,0.69,accepted,6.0,0.01,377,439,9,1,0,map_hold,0.94,38.8,31.0,7,0,14.0
51,1790599326.3002923,0.1691,0.4701,22.1,2.23,-21.1,1.02,0.72,accepted,51.7,3.54,380,466,10,1,0,map_accept,0.96,44.6,116.1,7,3,14.0
52,1790599326.3672366,0.1687,0.3921,51.1,-4.03,1.2,2.88,0.72,accepted,63.6,5.32,354,442,10,1,0,map_accept,0.98,59.9,-53.6,7,4,14.0
53,1790599326.4339557,0.1703,0.3114,33.3,2.86,14.9,4.00,0.73,accepted,39.3,3.22,342,428,10,1,0,map_accept,0.98,40.6,-25.9,7,4,14.0
54,1790599326.5036924,0.1718,0.2308,35.6,-4.80,14.3,3.74,0.74,accepted,-1.9,-0.74,342,441,10,1,0,map_accept,0.99,3.4,58.1,7,3,14.0
55,1790599326.5702298,0.1720,0.1483,49.5,-10.45,13.8,3.52,0.75,accepted,-1.3,-0.65,330,450,10,1,0,map_accept,0.99,4.6,41.2,7,3,14.0
56,1790599326.6400285,0.1713,0.0670,13.9,3.10,14.1,3.50,0.74,accepted,0.7,-0.06,355,456,10,1,0,map_accept,0.99,6.6,30.0,7,3,14.0
57,1790599326.7072551,0.1707,0.0000,56.5,-10.70,11.6,3.36,0.73,accepted,-7.1,-0.38,357,463,10,1,0,map_accept,0.99,-1.4,29.1,7,2,14.0
58,1790599326.7766135,0.1709,-0.0482,31.8,-2.79,11.8,3.06,0.74,accepted,0.7,-0.85,328,472,10,1,0,map_accept,0.99,5.0,35.7,7,2,14.0
59,1790599326.850982,0.1709,-0.0797,24.5,-0.07,12.1,2.84,0.74,accepted,0.7,-0.63,317,485,10,1,0,map_accept,0.99,6.1,56.7,7,2,14.0
60,1790599326.9350708,0.1706,-0.0871,12.8,6.13,9.8,2.63,0.73,accepted,-6.3,-0.62,319,505,10,1,0,map_accept,0.99,0.5,91.9,7,1,14.0
61,1790599327.026946,0.1716,-0.0648,37.8,-2.91,5.1,2.38,0.74,accepted,-13.6,-0.71,304,483,10,1,0,map_accept,0.99,-7.1,-39.3,7,3,14.0
62,1790599327.093761,0.1715,-0.0298,19.7,4.75,1.6,2.11,0.74,accepted,-9.8,-0.77,300,469,10,1,0,map_accept,0.99,-5.3,-12.3,7,2,14.0
63,1790599327.1646717,0.1714,0.0000,33.8,-3.69,-1.2,1.95,0.74,accepted,-8.1,-0.46,294,461,10,1,0,map_accept,0.99,-5.7,4.5,7,2,14.0
64,1790599327.2302268,0.1681,0.0244,29.7,-0.43,-0.4,1.99,0.71,accepted,2.2,0.12,325,458,9,1,0,map_accept,0.98,2.6,16.0,6,2,14.0
65,1790599327.295096,0.1667,0.0535,41.1,-7.77,-2.9,2.03,0.70,accepted,-7.1,0.12,312,459,9,1,0,map_accept,0.97,-7.3,26.0,6,2,14.0
66,1790599327.359345,0.1660,0.0809,34.8,-4.72,-4.3,1.95,0.69,accepted,-4.1,-0.24,309,462,9,1,0,map_accept,0.97,-5.6,28.6,6,2,14.0
67,1790599327.4250188,0.1653,0.1083,30.6,-4.13,-5.9,1.78,0.68,accepted,-4.4,-0.48,309,466,9,1,0,map_accept,0.96,-6.9,29.8,6,2,14.0
68,1790599327.4898756,0.1633,0.1250,7.7,0.17,-5.6,1.68,0.67,accepted,0.9,-0.27,303,467,9,1,0,map_accept,0.96,-2.2,19.2,6,1,14.0
69,1790599327.5559454,0.1621,0.1336,3.6,1.13,-4.9,1.49,0.66,accepted,1.8,-0.56,301,469,9,1,0,map_accept,0.95,-0.5,21.9,6,1,14.0
70,1790599327.6190746,0.1613,0.1380,25.8,-10.56,-4.5,1.32,0.65,accepted,1.2,-0.48,295,473,9,1,0,map_accept,0.94,-0.3,23.2,6,1,14.0
71,1790599327.682924,0.1606,0.1410,14.3,0.16,-4.3,1.14,0.64,accepted,0.5,-0.50,292,479,9,1,0,map_accept,0.94,-0.0,25.3,6,1,14.0
72,1790599327.747696,0.1615,0.1468,33.9,-7.09,-5.0,1.11,0.65,accepted,-1.9,-0.10,294,488,9,1,0,map_accept,0.94,-1.5,36.7,6,1,14.0
73,1790599327.8149986,0.1609,0.1570,33.1,-8.63,-5.8,0.78,0.64,accepted,-2.2,-0.94,291,503,9,1,0,map_accept,0.93,-1.3,63.6,6,1,14.0
74,1790599327.8755527,0.1616,0.1617,41.7,-14.12,-5.5,0.85,0.65,accepted,0.8,0.21,293,520,9,1,0,map_accept,0.93,3.4,79.6,6,1,14.0
75,1790599327.9438214,0.1609,0.1661,-5.7,3.52,-5.4,0.56,0.64,accepted,0.3,-0.83,293,536,9,1,0,map_accept,0.92,3.5,89.0,6,0,14.0
76,1790599328.00806,0.1604,0.1713,-7.1,3.89,-5.6,0.36,0.64,accepted,-0.6,-0.57,292,551,9,1,0,map_accept,0.91,4.2,91.7,6,0,14.0
77,1790599328.0772328,0.1602,0.1762,-14.8,6.24,-5.8,0.31,0.64,accepted,-0.6,-0.14,293,564,9,1,0,map_accept,0.91,5.6,92.0,6,0,14.0
78,1790599328.1814253,0.1602,0.1765,-16.2,6.57,-5.3,0.31,0.64,accepted,1.6,-0.01,296,576,9,1,0,map_accept,0.90,8.8,96.0,6,0,14.0
79,1790599328.2508676,0.1603,0.1683,-11.7,5.24,-3.9,0.42,0.64,accepted,4.0,0.31,299,586,9,1,0,map_accept,0.90,12.4,91.1,6,0,14.0
80,1790599328.317442,0.1603,0.1944,14.3,-4.52,-9.0,-0.11,0.64,accepted,-14.6,-1.52,301,573,9,1,0,map_accept,0.90,-4.9,21.4,6,1,14.0
81,1790599328.3836727,0.1616,0.1931,10.6,-4.27,-6.1,0.30,0.65,accepted,8.2,1.19,305,545,9,1,0,map_accept,0.90,17.4,-30.9,6,1,14.0
82,1790599328.469374,0.1625,0.1921,-3.8,3.38,-6.2,0.46,0.66,accepted,-0.4,0.46,307,528,9,1,0,map_accept,0.90,9.3,5.6,6,1,14.0
83,1790599328.5321238,0.1627,0.2326,3.9,1.24,-13.5,0.26,0.66,accepted,-20.8,-0.59,309,541,9,1,0,map_accept,0.89,-11.4,102.2,6,0,14.0
84,1790599328.5957,0.1628,0.2928,1.2,3.23,-19.5,0.16,0.66,accepted,-17.2,-0.28,313,547,9,1,0,map_accept,0.89,-11.1,78.2,6,0,14.0
85,1790599328.662417,0.1629,0.3508,10.3,-0.78,-23.0,0.23,0.66,accepted,-10.0,0.20,315,547,9,1,0,map_accept,0.89,-7.2,66.8,6,0,14.0
86,1790599328.7271242,0.1628,0.4030,1.1,3.14,-25.8,0.25,0.66,accepted,-8.0,0.06,315,548,9,1,0,map_accept,0.89,-8.1,70.1,6,0,14.0
87,1790599328.7944865,0.1626,0.4166,24.2,-5.79,-22.5,0.84,0.66,accepted,9.6,1.67,311,535,9,1,0,map_accept,0.89,7.4,24.9,6,1,14.0
88,1790599328.864846,0.1631,0.3834,10.5,4.51,-15.6,1.58,0.66,accepted,19.7,2.12,311,516,9,1,0,map_accept,0.89,17.3,0.9,6,2,14.0
89,1790599328.9267554,0.1632,0.3227,21.7,0.15,-9.2,2.28,0.67,accepted,18.1,2.00,314,505,9,1,0,map_accept,0.88,17.0,21.6,6,2,14.0
90,1790599328.993421,0.1633,0.2579,24.2,0.35,-5.1,2.73,0.67,accepted,11.7,1.30,316,500,9,1,0,map_accept,0.88,12.2,36.1,6,1,14.0
91,1790599329.058981,0.1632,0.1856,41.7,-8.83,-0.2,3.24,0.67,accepted,14.1,1.44,306,500,9,1,0,map_accept,0.88,15.5,44.5,6,1,14.0
92,1790599329.122726,0.1632,0.1072,41.8,-7.75,6.5,3.91,0.67,accepted,19.2,1.92,309,511,9,1,0,map_accept,0.88,21.8,81.5,6,0,14.0
93,1790599329.1899877,0.1630,0.0279,39.1,-4.46,11.6,4.50,0.66,accepted,14.5,1.69,311,521,9,1,0,map_accept,0.88,19.1,77.5,6,0,14.0
94,1790599329.2538571,0.1627,-0.0258,57.6,-8.71,10.0,4.31,0.66,accepted,-4.6,-0.54,313,513,9,1,0,map_accept,0.88,1.6,17.8,6,1,14.0
95,1790599329.3157253,0.1637,-0.0589,62.5,-8.52,9.6,4.30,0.67,accepted,-1.0,-0.02,317,510,9,1,0,map_accept,0.88,5.3,38.0,6,1,14.0
96,1790599329.3787131,0.1630,-0.0812,43.7,-3.73,9.8,4.29,0.66,accepted,0.4,-0.02,317,511,9,1,0,map_accept,0.88,6.6,54.2,6,1,14.0
97,1790599329.4421947,0.1627,-0.0995,7.2,11.81,10.4,4.38,0.66,accepted,1.7,0.23,319,516,9,1,0,map_accept,0.88,7.6,64.9,6,1,14.0
98,1790599329.5039713,0.1623,-0.1213,71.3,-11.76,12.1,4.49,0.66,accepted,4.9,0.34,319,522,9,1,0,map_accept,0.88,10.1,71.1,6,1,14.0
99,1790599329.5693693,0.1623,-0.1574,76.7,-13.28,15.9,4.77,0.66,accepted,10.9,0.78,312,523,9,1,0,map_accept,0.87,15.8,58.0,6,1,14.0
100,1790599329.636951,0.1634,-0.2006,33.3,4.49,19.4,4.91,0.67,accepted,10.1,0.43,313,526,9,1,0,map_accept,0.88,15.3,66.9,6,1,14.0
101,1790599329.7001414,0.1630,-0.2287,58.2,-4.49,19.4,4.97,0.66,accepted,-0.2,0.16,317,515,9,1,0,map_accept,0.87,5.2,23.0,6,1,14.0
102,1790599329.7624006,0.1630,-0.2568,63.9,-1.25,20.9,5.24,0.66,accepted,4.4,0.79,319,509,9,1,0,map_accept,0.87,8.3,37.2,6,1,14.0
103,1790599329.8233635,0.1660,-0.2891,73.4,-7.49,23.2,5.58,0.69,accepted,6.6,0.95,315,506,10,1,0,map_accept,0.91,8.6,49.5,6,1,14.0
104,1790599329.8877072,0.1679,-0.3198,53.6,2.89,25.0,5.66,0.71,accepted,5.0,0.23,318,502,10,1,0,map_accept,0.93,6.0,42.8,7,2,14.0
105,1790599329.9498837,0.1692,-0.3774,62.7,1.66,31.8,6.10,0.72,accepted,19.5,1.25,320,499,10,1,0,map_accept,0.96,19.9,42.9,7,2,14.0
106,1790599330.0156229,0.1700,-0.4203,81.1,-4.85,39.2,6.45,0.73,accepted,21.2,1.01,323,495,10,1,0,map_accept,0.97,22.6,40.8,7,2,14.0
107,1790599330.0817523,0.1710,-0.4482,80.1,-3.00,48.6,6.94,0.74,accepted,26.8,1.40,328,489,10,1,0,map_accept,0.98,29.7,28.4,7,3,14.0
108,1790599330.1460295,0.1721,-0.4663,93.6,-7.33,54.6,7.24,0.75,accepted,17.2,0.87,332,481,10,1,0,map_accept,0.99,22.3,22.7,7,3,14.0
109,1790599330.2156715,0.1728,-0.4781,93.9,-4.65,55.9,7.31,0.75,accepted,3.6,0.19,334,478,10,1,0,map_accept,0.99,9.9,31.4,7,3,14.0
110,1790599330.2855062,0.1732,-0.4858,102.8,-5.97,59.8,7.50,0.76,accepted,11.1,0.55,332,481,10,1,0,map_accept,0.99,16.6,49.4,7,2,14.0
111,1790599330.3553987,0.1734,-0.4908,108.6,-9.31,66.2,7.88,0.76,accepted,18.2,1.07,332,486,10,1,0,map_accept,0.99,23.4,51.4,7,2,14.0
112,1790599330.4256282,0.1734,-0.4940,109.9,-7.20,69.4,8.08,0.76,accepted,9.3,0.57,342,482,10,1,0,map_accept,0.99,15.3,21.0,7,3,14.0
113,1790599330.4937918,0.1731,-0.4961,119.7,-11.07,72.9,8.38,0.76,accepted,10.1,0.86,315,482,10,1,0,map_accept,0.99,15.9,32.2,7,2,14.0
114,1790599330.5591662,0.1731,-0.4975,112.2,-8.66,76.3,8.62,0.76,accepted,9.6,0.68,322,485,10,1,0,map_accept,0.99,15.4,37.7,7,2,14.0
115,1790599330.6283402,0.1730,-0.4983,100.4,-1.58,82.1,9.11,0.75,accepted,16.7,1.43,321,489,10,1,0,map_accept,0.99,22.2,41.3,7,2,14.0
116,1790599330.7157323,0.1730,-0.4989,121.0,-6.57,87.1,9.52,0.75,accepted,14.1,1.17,322,493,10,1,0,map_accept,0.99,20.3,38.5,7,2,14.0
117,1790599330.7956529,0.1731,-0.4993,106.9,1.79,91.3,9.91,0.76,accepted,11.9,1.11,325,496,10,1,0,map_accept,0.99,19.2,41.0,7,2,14.0
118,1790599330.8658628,0.1730,-0.4995,119.8,-9.17,93.4,10.09,0.75,accepted,6.2,0.51,328,503,10,1,0,map_accept,0.99,14.8,51.8,7,2,14.0
119,1790599330.9359784,0.1729,-0.4997,145.1,-21.24,96.2,10.12,0.75,accepted,7.8,0.09,317,508,10,1,0,map_accept,0.99,17.7,54.6,7,2,14.0
120,1790599331.0069132,0.1728,-0.4998,118.8,-6.89,97.9,10.25,0.75,accepted,4.8,0.36,332,507,10,1,0,map_accept,0.99,15.9,36.3,7,2,14.0
121,1790599331.0813184,0.1725,-0.4999,140.0,-12.30,96.2,10.22,0.75,accepted,-4.9,-0.06,319,493,10,1,0,map_accept,0.99,7.2,-0.0,7,2,14.0
122,1790599331.1448016,0.1728,-0.4999,170.1,-21.46,97.7,10.43,0.75,accepted,4.3,0.58,302,487,10,1,0,map_accept,0.99,15.7,22.0,7,2,14.0
123,1790599331.2128594,0.1731,-0.4999,151.6,-12.34,99.5,10.75,0.76,accepted,5.1,0.92,306,485,10,1,0,map_accept,0.99,16.1,36.6,7,2,14.0
124,1790599331.276909,0.1732,-0.5000,156.4,-21.88,100.5,10.74,0.76,accepted,3.0,-0.02,307,487,10,1,0,map_accept,0.99,13.6,45.9,7,1,14.0
125,1790599331.3416884,0.1734,-0.5000,134.8,-13.34,102.7,10.87,0.76,accepted,6.2,0.36,291,493,10,1,0,map_accept,0.99,16.2,56.9,7,1,14.0
126,1790599331.4030483,0.1740,-0.5000,147.2,-18.43,104.9,10.99,0.76,accepted,6.3,0.34,292,496,10,1,0,map_accept,0.99,16.5,50.1,7,1,14.0
127,1790599331.4656699,0.1597,-0.5000,122.7,-9.60,100.5,10.65,0.63,pending,-54.9,-4.23,288,489,10,1,0,map_accept,0.99,-43.8,-114.2,7,4,14.0
128,1790599331.5284956,0.1649,-0.5000,118.4,-6.67,100.1,10.84,0.68,accepted,-1.3,0.55,294,486,10,1,0,map_accept,0.99,20.0,62.3,7,2,14.0
129,1790599331.5910623,0.1681,-0.5000,154.4,-20.25,99.6,10.95,0.71,accepted,-1.3,0.32,298,487,10,1,0,map_accept,0.98,14.6,57.0,7,2,14.0
130,1790599331.6566815,0.1706,-0.5000,120.8,-9.43,98.4,10.70,0.73,accepted,-3.4,-0.73,300,489,10,1,0,map_accept,0.99,8.7,49.3,7,2,14.0
131,1790599331.7243643,0.1723,-0.5000,120.0,-7.75,97.6,10.53,0.75,accepted,-2.4,-0.48,304,490,10,1,0,map_accept,0.99,8.4,41.4,7,2,14.0
132,1790599331.7886493,0.1733,-0.5000,119.3,-8.41,97.8,10.43,0.76,accepted,0.7,-0.28,308,496,10,1,0,map_accept,0.99,11.1,59.6,7,2,14.0
133,1790599331.852441,0.1736,-0.5000,136.1,-15.18,98.7,10.46,0.76,accepted,2.4,0.08,310,507,10,1,0,map_accept,0.99,13.0,81.7,7,0,14.0
134,1790599331.914037,0.1737,-0.5000,127.7,-6.52,94.4,10.28,0.76,accepted,-12.2,-0.50,312,484,10,1,0,map_accept,0.99,-1.3,-30.7,7,2,14.0
135,1790599331.9764538,0.1730,-0.5000,118.0,-2.03,91.2,10.11,0.75,accepted,-9.2,-0.50,318,472,10,1,0,map_accept,0.99,-0.3,-3.6,7,2,14.0
136,1790599332.0418477,0.1726,-0.5000,113.4,-0.51,90.3,9.91,0.75,accepted,-2.5,-0.56,304,464,10,1,0,map_accept,0.99,4.5,5.6,7,2,14.0
137,1790599332.106715,0.1724,-0.5000,146.6,-13.08,90.2,9.72,0.75,accepted,-0.3,-0.55,328,462,10,1,0,map_accept,0.99,5.8,15.3,7,2,14.0
138,1790599332.1848104,0.1726,-0.5000,137.3,-20.23,90.5,9.51,0.75,accepted,0.8,-0.60,312,465,10,1,0,map_accept,0.99,7.3,26.5,7,2,14.0
139,1790599332.276279,0.1729,-0.5000,132.1,-17.20,93.0,9.53,0.75,accepted,7.3,0.06,312,478,10,1,0,map_accept,0.99,14.9,54.6,7,1,14.0
140,1790599332.3523118,0.1730,-0.5000,118.0,-8.94,94.2,9.55,0.75,accepted,3.5,0.07,312,495,10,1,0,map_accept,0.99,12.9,71.3,7,1,14.0
141,1790599332.416712,0.1721,-0.5000,99.4,0.67,96.5,9.64,0.75,accepted,6.5,0.23,308,509,10,1,0,map_accept,0.99,17.1,66.1,7,1,14.0
142,1790599332.4800446,0.1715,-0.5000,98.9,0.97,96.0,9.62,0.74,accepted,-1.5,-0.05,315,521,10,1,0,map_accept,0.98,10.3,60.4,7,1,14.0
143,1790599332.5468383,0.1720,-0.5000,100.1,0.82,95.1,9.37,0.75,accepted,-2.5,-0.69,318,533,10,1,0,map_accept,0.98,9.2,67.4,7,1,14.0
144,1790599332.6134074,0.1729,-0.5000,144.0,-11.61,94.7,9.34,0.75,accepted,-1.1,-0.10,322,544,10,1,0,map_accept,0.99,10.9,71.1,7,1,14.0
145,1790599332.6804128,0.1732,-0.5000,159.1,-15.42,92.7,9.29,0.76,accepted,-5.7,-0.13,314,544,10,1,0,map_accept,0.99,6.6,43.9,7,1,14.0
146,1790599332.7492375,0.1736,-0.5000,135.5,-21.43,91.1,9.20,0.76,accepted,-4.7,-0.26,316,547,10,1,0,map_accept,0.99,6.7,57.7,7,1,14.0
147,1790599332.816449,0.1732,-0.5000,94.4,4.21,90.6,9.26,0.76,accepted,-1.3,0.18,320,553,10,1,0,map_accept,0.99,9.0,68.3,7,1,14.0
148,1790599332.8798747,0.1729,-0.5000,104.3,-1.44,90.7,9.35,0.75,accepted,0.4,0.25,319,561,10,1,0,map_accept,0.99,9.5,76.5,7,1,14.0
149,1790599332.9448693,0.1732,-0.5000,141.6,-12.62,84.5,9.38,0.76,accepted,-17.7,0.09,326,556,10,1,0,map_accept,0.99,-9.5,35.7,7,1,14.0
150,1790599333.009311,0.1738,-0.5000,158.1,-21.05,78.7,9.36,0.76,accepted,-16.5,-0.06,332,551,10,1,0,map_accept,0.99,-12.5,43.6,7,1,14.0
151,1790599333.077325,0.1740,-0.5000,149.6,-17.34,74.5,9.41,0.76,accepted,-12.2,0.13,338,551,10,1,0,map_accept,0.99,-12.6,60.6,7,1,14.0
152,1790599333.1431065,0.1737,-0.5000,148.0,-17.68,73.4,9.62,0.76,accepted,-3.0,0.62,342,544,10,1,0,map_accept,0.99,-6.6,37.9,7,2,14.0
153,1790599333.2092092,0.1737,-0.5000,120.0,-6.11,69.9,9.46,0.76,accepted,-10.2,-0.47,340,542,10,1,0,map_accept,0.99,-15.2,53.2,7,1,14.0
154,1790599333.2769992,0.1739,-0.5000,116.4,-5.51,71.6,9.50,0.76,accepted,4.9,0.13,345,531,10,1,0,map_accept,0.99,-1.2,23.1,7,3,14.0
155,1790599333.3419318,0.1747,-0.5000,107.5,-1.76,77.5,9.75,0.77,accepted,16.9,0.69,334,520,10,1,0,map_accept,0.99,12.2,19.8,7,2,14.0
156,1790599333.4078925,0.1750,-0.5000,106.9,-1.81,84.1,10.02,0.77,accepted,19.0,0.79,337,514,10,1,0,map_accept,0.99,17.8,31.8,7,2,14.0
157,1790599333.4726698,0.1741,-0.5000,104.0,-5.69,89.6,9.95,0.76,accepted,15.6,-0.21,330,512,10,1,0,map_accept,0.99,18.8,37.9,7,2,14.0
158,1790599333.5355358,0.1737,-0.5000,112.9,-9.58,96.7,10.03,0.76,accepted,20.4,0.23,330,524,10,1,0,map_accept,0.99,28.4,78.5,7,1,14.0
159,1790599333.6016512,0.1741,-0.5000,97.4,-2.94,94.7,9.58,0.76,accepted,-5.7,-1.29,332,516,10,1,0,map_accept,0.99,7.5,11.9,7,2,14.0
160,1790599333.6717815,0.1742,-0.5000,105.4,-15.53,93.0,9.05,0.77,accepted,-5.0,-1.52,322,513,10,1,0,map_accept,0.99,10.6,28.6,7,2,14.0
161,1790599333.7380521,0.1738,-0.5000,76.8,-3.02,88.4,8.33,0.76,accepted,-13.2,-2.05,323,530,10,1,0,map_accept,0.99,4.6,94.5,7,1,14.0
162,1790599333.8040006,0.1731,-0.5000,73.0,0.12,87.7,8.01,0.76,accepted,-1.9,-0.91,330,546,10,1,0,map_accept,0.98,16.8,104.0,7,1,14.0
163,1790599333.8707669,0.1731,-0.5000,104.6,-3.27,78.0,7.22,0.76,accepted,-27.7,-2.26,333,526,10,1,0,map_accept,0.99,-8.0,-8.1,7,2,14.0
164,1790599333.9376082,0.1726,-0.5000,112.5,-7.54,70.8,6.76,0.75,accepted,-20.5,-1.32,324,515,10,1,0,map_accept,0.99,-3.0,22.4,7,2,14.0
165,1790599334.003176,0.1725,-0.5000,115.9,-7.06,62.1,6.27,0.75,accepted,-24.8,-1.38,321,496,10,1,0,map_accept,0.99,-10.4,-4.1,7,3,14.0
166,1790599334.070891,0.1723,-0.5000,128.4,-11.36,55.5,6.15,0.75,accepted,-18.9,-0.36,307,485,10,1,0,map_accept,0.99,-9.4,13.7,7,3,14.0
167,1790599334.1349225,0.1728,-0.5000,130.6,-12.16,51.1,6.18,0.75,accepted,-12.8,0.10,310,479,10,1,0,map_accept,0.99,-9.1,23.9,7,3,14.0
168,1790599334.20333,0.1732,-0.5000,107.7,-3.74,51.6,6.26,0.76,accepted,1.7,0.23,311,467,10,1,0,map_accept,0.99,-0.2,-1.8,7,3,14.0
169,1790599334.2810543,0.1736,-0.5000,109.0,-6.40,55.2,6.46,0.76,accepted,10.1,0.55,306,462,10,1,0,map_accept,0.99,4.9,14.1,7,3,14.0
170,1790599334.3631063,0.1739,-0.5000,111.7,-4.78,57.0,6.68,0.76,accepted,5.3,0.62,304,466,10,1,0,map_accept,0.99,-0.6,37.0,7,2,14.0
171,1790599334.4337234,0.1739,-0.5000,126.8,-12.64,63.9,7.15,0.76,accepted,19.7,1.35,306,472,10,1,0,map_accept,0.99,13.2,42.9,7,2,14.0
172,1790599334.49611,0.1707,-0.5000,132.0,-14.87,68.6,7.32,0.73,accepted,13.3,0.50,317,476,9,1,0,map_accept,0.98,8.3,37.9,6,2,14.0
173,1790599334.5609336,0.1687,-0.5000,122.5,-16.21,71.7,7.30,0.72,accepted,8.9,-0.06,322,480,9,1,0,map_accept,0.98,5.4,38.2,6,2,14.0
174,1790599334.627451,0.1711,-0.5000,95.2,-1.07,74.8,7.40,0.74,accepted,8.8,0.28,296,486,10,1,0,map_accept,0.98,7.5,49.3,7,1,14.0
175,1790599334.6986883,0.1724,-0.5000,100.2,-3.20,77.7,7.48,0.75,accepted,8.2,0.24,304,493,10,1,0,map_accept,0.99,9.2,60.5,7,2,14.0
176,1790599334.7656162,0.1734,-0.5000,104.5,-2.09,82.3,7.78,0.76,accepted,13.3,0.86,308,494,10,1,0,map_accept,0.99,16.5,43.3,7,2,14.0
177,1790599334.832328,0.1735,-0.5000,114.5,-1.44,84.5,8.10,0.76,accepted,6.2,0.90,310,502,10,1,0,map_accept,0.99,11.5,67.9,7,2,14.0
178,1790599334.9023826,0.1730,-0.5000,114.8,-7.45,80.6,7.86,0.75,accepted,-11.0,-0.68,315,492,10,1,0,map_accept,0.99,-5.2,12.6,7,2,14.0
179,1790599334.972041,0.1797,-0.5000,105.9,-4.38,81.0,7.99,0.82,accepted,1.1,0.37,305,495,10,1,0,map_accept,0.99,5.8,54.7,7,2,14.0
180,1790599335.040361,0.1772,-0.5000,102.6,-2.87,82.8,8.16,0.79,accepted,5.0,0.50,307,486,10,1,0,map_accept,0.99,10.1,12.2,7,2,14.0
181,1790599335.1118643,0.1757,-0.5000,99.6,-1.44,88.5,8.58,0.78,accepted,16.5,1.18,308,494,10,1,0,map_accept,0.99,22.7,69.4,7,2,14.0
182,1790599335.1805882,0.1747,-0.5000,133.7,-11.55,92.5,8.77,0.77,accepted,11.5,0.57,308,503,10,1,0,map_accept,0.99,20.2,75.4,7,2,14.0
183,1790599335.2521136,0.1742,-0.5000,93.1,0.95,91.0,8.78,0.77,accepted,-4.5,0.01,302,496,10,1,0,map_accept,0.99,6.8,24.9,7,2,14.0
184,1790599335.3296838,0.1739,-0.5000,122.1,-7.91,89.0,8.73,0.76,accepted,-5.7,-0.13,303,488,10,1,0,map_accept,0.99,6.0,16.2,7,2,14.0
185,1790599335.3944407,0.1722,-0.5000,119.6,-9.82,87.4,8.74,0.75,accepted,-4.5,0.01,289,483,10,1,0,map_accept,0.98,6.8,25.5,7,1,14.0
186,1790599335.4579017,0.1710,-0.5000,120.5,-9.52,86.2,8.80,0.74,accepted,-3.4,0.19,290,479,10,1,0,map_accept,0.98,7.4,23.7,7,1,14.0
187,1790599335.5209892,0.1714,-0.5000,127.9,-11.94,85.9,9.05,0.74,accepted,-1.0,0.70,294,480,10,1,0,map_accept,0.99,9.3,35.9,7,1,14.0
188,1790599335.5858862,0.1797,-0.5000,124.5,-9.46,83.8,9.09,0.82,accepted,-5.9,0.11,296,476,10,1,0,map_accept,0.99,3.0,22.0,7,2,14.0
189,1790599335.6499293,0.1765,-0.5000,130.0,-10.16,83.0,9.16,0.79,accepted,-2.3,0.20,299,479,10,1,0,map_accept,0.99,4.5,41.6,7,1,14.0
190,1790599335.7197816,0.1749,-0.5000,132.9,-13.57,82.7,9.17,0.77,accepted,-0.8,0.03,300,486,10,1,0,map_accept,0.99,4.6,56.3,7,1,14.0
191,1790599335.7858922,0.1742,-0.5000,126.9,-8.86,83.3,9.19,0.77,accepted,1.5,0.05,303,493,10,1,0,map_accept,0.99,5.8,59.4,7,1,14.0
192,1790599335.84818,0.1741,-0.5000,121.0,-2.63,84.8,9.36,0.76,accepted,4.2,0.51,296,501,10,1,0,map_accept,0.99,7.6,65.8,7,1,14.0
193,1790599335.9151306,0.1740,-0.5000,146.6,-15.47,89.0,9.69,0.76,accepted,12.2,0.93,301,496,10,1,0,map_accept,0.99,15.0,22.9,7,2,14.0
194,1790599335.978701,0.1738,-0.5000,136.1,-9.90,91.1,9.81,0.76,accepted,6.0,0.35,304,494,10,1,0,map_accept,0.99,9.0,34.4,7,2,14.0
195,1790599336.0406768,0.1738,-0.5000,143.9,-9.87,92.4,9.91,0.76,accepted,3.6,0.29,296,492,10,1,0,map_accept,0.99,6.7,35.6,7,1,14.0
196,1790599336.1044836,0.1744,-0.5000,131.1,-5.67,95.3,10.08,0.77,accepted,8.4,0.48,301,487,10,1,0,map_accept,0.99,11.3,21.2,7,2,14.0
197,1790599336.1682053,0.1749,-0.5000,148.7,-15.22,97.9,10.11,0.77,accepted,7.4,0.10,304,484,10,1,0,map_accept,0.99,10.9,22.8,7,2,14.0
198,1790599336.2303188,0.1750,-0.5000,121.5,-5.55,98.3,10.15,0.77,accepted,1.1,0.10,300,479,10,1,0,map_accept,0.99,5.0,16.5,7,2,14.0
199,1790599336.297745,0.1748,-0.5000,150.5,-14.19,98.7,10.15,0.77,accepted,1.2,0.01,293,478,10,1,0,map_accept,0.99,4.9,23.2,7,2,14.0
200,1790599336.365066,0.1732,-0.5000,125.1,-7.41,99.7,10.15,0.76,accepted,2.8,-0.01,296,480,10,1,0,map_accept,0.99,6.5,30.1,7,2,14.0
201,1790599336.4337056,0.1732,-0.5000,143.4,-15.07,100.4,10.02,0.76,accepted,2.1,-0.37,296,483,10,1,0,map_accept,0.99,6.2,32.7,7,2,14.0
202,1790599336.4951675,0.1720,-0.5000,106.2,-4.21,101.8,9.74,0.75,accepted,3.8,-0.81,282,487,10,1,0,map_accept,0.99,9.0,33.7,7,1,14.0
203,1790599336.5569828,0.1707,-0.5000,113.7,-6.22,103.4,9.49,0.73,accepted,4.7,-0.71,280,490,10,1,0,map_accept,0.98,11.5,33.1,7,1,14.0
204,1790599336.6256888,0.1696,-0.5000,121.0,-7.82,104.4,9.28,0.72,accepted,2.8,-0.61,282,497,10,1,0,map_accept,0.98,11.3,49.1,7,0,14.0
205,1790599336.6923296,0.1691,-0.5000,155.6,-16.49,105.3,9.23,0.72,accepted,2.6,-0.12,284,504,10,1,0,map_accept,0.98,12.4,52.1,7,0,14.0
206,1790599336.7553735,0.1687,-0.5000,153.2,-14.73,103.9,9.10,0.72,accepted,-4.1,-0.39,288,502,10,1,0,map_accept,0.98,7.0,24.8,7,1,14.0
207,1790599336.8191345,0.1684,-0.5000,152.0,-13.58,104.3,8.89,0.71,accepted,1.1,-0.58,291,503,10,1,0,map_accept,0.98,12.0,34.5,7,1,14.0
208,1790599336.8828661,0.1689,-0.5000,172.4,-20.21,106.1,8.57,0.72,accepted,5.2,-0.93,293,507,10,1,0,map_accept,0.98,16.5,47.5,7,1,14.0
209,1790599336.9447277,0.1695,-0.5000,190.2,-25.39,107.6,8.35,0.72,accepted,4.4,-0.63,296,513,10,1,0,map_accept,0.98,17.4,61.3,7,1,14.0
210,1790599337.0089917,0.1701,-0.5000,114.3,-1.01,106.8,8.23,0.73,accepted,-2.4,-0.34,298,522,10,1,0,map_accept,0.99,12.1,80.6,7,1,14.0
211,1790599337.0721214,0.1708,-0.5000,127.1,-6.08,106.9,8.10,0.73,accepted,0.2,-0.36,304,532,10,1,0,map_accept,0.99,14.1,90.0,7,1,14.0
212,1790599337.1389775,0.1709,-0.5000,136.0,-10.03,106.9,8.06,0.74,accepted,0.1,-0.11,305,543,10,1,0,map_accept,0.99,13.0,100.8,7,1,14.0
213,1790599337.2055461,0.1712,-0.5000,189.9,-31.64,100.6,7.92,0.74,accepted,-17.9,-0.41,292,547,10,1,0,map_accept,0.99,-6.2,83.6,7,0,14.0
214,1790599337.2733245,0.1717,-0.5000,170.4,-24.63,91.8,7.61,0.74,accepted,-25.4,-0.87,294,525,10,1,0,map_accept,0.99,-17.5,1.0,7,2,14.0
215,1790599337.3391843,0.1722,-0.5000,165.2,-23.17,85.1,7.45,0.75,accepted,-19.0,-0.46,298,506,10,1,0,map_accept,0.98,-15.9,11.1,7,2,14.0
216,1790599337.4135337,0.1725,-0.5000,149.9,-17.37,84.2,7.61,0.75,accepted,-2.6,0.44,302,495,10,1,0,map_accept,0.98,-3.3,31.6,7,2,14.0
217,1790599337.5046566,0.1727,-0.5000,146.9,-17.23,84.0,7.72,0.75,accepted,-0.4,0.31,304,491,10,1,0,map_accept,0.98,-2.3,42.2,7,2,14.0
218,1790599337.569266,0.1729,-0.5000,119.1,-8.50,84.5,7.65,0.75,accepted,1.5,-0.18,306,488,10,1,0,map_accept,0.99,-0.4,44.2,7,2,14.0
219,1790599337.6346166,0.1732,-0.5000,115.4,-6.50,92.6,8.04,0.76,accepted,23.0,1.10,294,464,10,1,0,map_accept,0.99,22.7,-29.6,7,3,14.0
220,1790599337.701275,0.1733,-0.5000,114.1,-5.58,98.3,8.32,0.76,accepted,16.4,0.82,296,450,10,1,0,map_accept,0.98,20.6,-4.5,7,3,14.0
221,1790599337.7736495,0.1737,-0.5000,130.1,-14.53,101.5,8.38,0.76,accepted,9.2,0.18,294,450,10,1,0,map_accept,0.99,17.3,35.2,7,2,14.0
222,1790599337.8370242,0.1739,-0.5000,136.2,-17.40,104.6,8.46,0.76,accepted,8.7,0.23,296,455,10,1,0,map_accept,0.99,19.7,47.1,7,2,14.0
223,1790599337.9032135,0.1742,-0.5000,113.3,-4.71,106.6,8.57,0.77,accepted,5.7,0.31,299,463,10,1,0,map_accept,0.99,19.0,54.8,7,2,14.0
224,1790599337.9673097,0.1743,-0.5000,139.1,-19.47,105.8,8.41,0.77,accepted,-2.1,-0.46,301,476,10,1,0,map_accept,0.99,13.1,69.6,7,1,14.0
225,1790599338.0282218,0.1725,-0.5000,131.7,-10.61,104.5,8.19,0.75,accepted,-3.8,-0.64,304,488,10,1,0,map_accept,0.98,11.8,71.7,7,1,14.0
226,1790599338.0922027,0.1710,-0.5000,105.4,-3.83,96.4,7.60,0.74,accepted,-23.2,-1.68,306,479,10,1,0,map_accept,0.98,-6.9,-1.9,7,2,14.0
227,1790599338.1592712,0.1699,-0.5000,96.7,-1.34,91.5,7.22,0.73,accepted,-13.9,-1.09,310,475,10,1,0,map_accept,0.98,0.7,12.4,7,2,14.0
228,1790599338.226637,0.1713,-0.5000,109.1,-4.24,88.9,6.95,0.74,accepted,-7.5,-0.78,310,476,10,1,0,map_accept,0.98,5.5,20.6,7,2,14.0
229,1790599338.294404,0.1722,-0.5000,104.9,-2.32,88.0,6.80,0.75,accepted,-2.6,-0.42,313,480,10,1,0,map_accept,0.98,9.1,32.3,7,2,14.0
230,1790599338.3596342,0.1724,-0.5000,94.1,1.67,83.2,6.45,0.75,accepted,-13.5,-0.99,318,495,10,1,0,map_accept,0.98,-2.5,73.6,7,1,14.0
231,1790599338.4276452,0.1719,-0.5000,124.1,-8.62,81.0,6.35,0.74,accepted,-6.5,-0.30,307,508,10,1,0,map_accept,0.99,2.1,71.9,7,1,14.0
232,1790599338.4900038,0.1708,-0.5000,122.8,-4.67,77.5,6.31,0.73,accepted,-10.0,-0.10,306,506,10,1,0,map_accept,0.99,-2.9,28.9,7,1,14.0
233,1790599338.5590236,0.1775,-0.5000,116.9,-5.92,76.2,6.18,0.80,accepted,-3.7,-0.39,308,503,10,1,0,map_accept,0.99,0.1,30.6,7,2,14.0
234,1790599338.6256404,0.1761,-0.5000,112.3,-3.67,77.1,6.23,0.78,accepted,2.6,0.15,309,498,10,1,0,map_accept,0.99,4.3,35.4,7,2,14.0
235,1790599338.6910837,0.1758,-0.5000,112.5,-4.69,76.5,6.21,0.78,accepted,-1.6,-0.04,310,499,10,1,0,map_accept,0.99,-0.5,56.4,7,1,14.0
236,1790599338.7571595,0.1749,-0.5000,114.0,-5.24,81.4,6.55,0.77,accepted,14.0,0.97,303,471,10,1,0,map_accept,0.99,14.4,-36.6,7,3,14.0
237,1790599338.821383,0.1736,-0.5000,119.6,-6.11,83.3,6.42,0.76,accepted,5.3,-0.36,304,448,10,1,0,map_accept,0.99,7.2,-28.8,7,3,14.0
238,1790599338.8831108,0.1735,-0.5000,125.5,-7.31,66.4,5.26,0.76,accepted,-48.3,-3.33,306,465,10,1,0,map_accept,0.99,-45.0,91.5,7,2,14.0
239,1790599338.9460337,0.1740,-0.5000,106.9,-2.13,71.8,5.40,0.76,accepted,15.6,0.39,300,450,10,1,0,map_accept,0.99,13.2,-15.0,7,3,14.0
240,1790599339.009969,0.1743,-0.5000,107.7,-1.40,75.8,5.35,0.77,accepted,11.2,-0.14,301,444,10,1,0,map_accept,0.99,9.7,10.7,7,3,14.0
241,1790599339.075084,0.1748,-0.5000,129.3,-8.25,78.5,5.33,0.77,accepted,7.7,-0.04,303,444,10,1,0,map_accept,0.99,7.6,23.5,7,3,14.0
242,1790599339.1402352,0.1708,-0.5000,137.3,-9.45,80.9,5.36,0.73,accepted,7.0,0.07,291,446,9,1,0,map_accept,0.98,8.2,28.2,7,2,14.0
243,1790599339.2046173,0.1721,-0.5000,113.0,-2.82,82.7,5.40,0.75,accepted,5.1,0.12,309,450,10,1,0,map_accept,0.98,8.0,36.1,7,2,14.0
244,1790599339.2676623,0.1726,-0.5000,112.0,-1.91,84.0,5.41,0.75,accepted,3.8,0.03,313,456,10,1,0,map_accept,0.98,8.4,41.9,7,2,14.0
245,1790599339.330184,0.1691,-0.5000,110.5,-2.29,84.7,5.58,0.72,accepted,2.0,0.48,310,463,9,1,0,map_accept,0.98,7.7,49.0,7,2,14.0
246,1790599339.3921862,0.1708,-0.5000,114.4,-3.15,86.7,5.43,0.73,accepted,5.5,-0.43,312,470,10,1,0,map_accept,0.98,11.8,56.2,7,2,14.0
247,1790599339.4597723,0.1715,-0.5000,123.6,-5.01,84.8,5.23,0.74,accepted,-5.4,-0.57,324,468,10,1,0,map_accept,0.98,2.1,26.3,7,3,14.0
248,1790599339.5294507,0.1715,-0.5000,147.7,-11.22,66.8,3.59,0.74,accepted,-51.3,-4.68,324,430,10,1,0,map_accept,0.99,-44.2,-94.4,7,4,14.0
249,1790599339.5919101,0.1721,-0.5000,161.7,-14.19,57.0,2.61,0.75,accepted,-28.1,-2.80,313,408,10,1,0,map_accept,0.99,-26.5,-45.8,7,4,14.0
250,1790599339.6568155,0.1728,-0.5000,148.3,-9.02,59.4,3.41,0.75,accepted,7.0,2.27,317,433,10,1,0,map_accept,0.99,4.2,108.9,7,2,14.0
251,1790599339.7203374,0.1713,-0.5000,152.4,-10.03,61.9,3.69,0.74,accepted,6.9,0.82,315,426,9,1,0,map_hold,0.98,43.7,4.5,7,0,14.0
252,1790599339.7923715,0.1699,-0.5000,143.8,-7.53,64.9,3.96,0.73,accepted,8.6,0.76,279,420,9,1,0,map_hold,0.97,35.5,14.2,7,0,14.0
253,1790599339.858714,0.1716,-0.5000,139.9,-6.02,72.9,4.79,0.74,accepted,22.9,2.37,307,445,10,1,0,map_accept,0.98,13.8,106.0,7,2,14.0
254,1790599339.921752,0.1724,-0.5000,144.6,-9.07,83.0,5.58,0.75,accepted,28.9,2.26,311,467,10,1,0,map_accept,0.98,20.2,96.5,7,2,14.0
255,1790599339.9848752,0.1727,-0.5000,142.3,-7.31,90.7,6.15,0.75,accepted,22.0,1.64,314,473,10,1,0,map_accept,0.99,15.4,51.0,7,2,14.0
256,1790599340.0514958,0.1731,-0.5000,138.2,-5.50,97.2,6.56,0.76,accepted,18.6,1.15,307,476,10,1,0,map_accept,0.99,14.2,44.4,7,2,14.0
257,1790599340.1143382,0.1737,-0.5000,128.9,2.23,103.6,6.99,0.76,accepted,18.3,1.23,310,470,10,1,0,map_accept,0.99,16.4,15.0,7,2,14.0
258,1790599340.1777923,0.1739,-0.5000,144.4,-9.71,106.7,7.11,0.76,accepted,8.9,0.35,312,463,10,1,0,map_accept,0.99,9.5,14.8,7,2,14.0
259,1790599340.2433302,0.1736,-0.5000,142.6,-9.69,107.1,7.06,0.76,accepted,1.0,-0.14,312,461,10,1,0,map_accept,0.99,3.5,26.1,7,2,14.0
260,1790599340.3033562,0.1733,-0.5000,147.6,-12.81,105.5,6.91,0.76,accepted,-4.6,-0.43,316,462,10,1,0,map_accept,0.99,-1.0,35.2,7,2,14.0
261,1790599340.3657334,0.1731,-0.5000,160.2,-20.78,104.2,6.64,0.76,accepted,-3.7,-0.76,315,464,10,1,0,map_accept,0.99,-0.0,35.2,7,2,14.0
262,1790599340.434118,0.1732,-0.5000,130.1,-8.24,102.4,6.44,0.76,accepted,-4.9,-0.57,292,468,10,1,0,map_accept,0.99,-1.1,41.1,7,1,14.0
263,1790599340.4995964,0.1737,-0.5000,129.2,-8.04,101.2,6.38,0.76,accepted,-3.4,-0.19,293,467,10,1,0,map_accept,0.99,0.2,23.3,7,2,14.0
264,1790599340.5646548,0.1728,-0.5000,139.9,-13.90,99.4,6.20,0.75,accepted,-5.2,-0.53,294,468,10,1,0,map_accept,0.98,-2.0,27.5,7,2,14.0
265,1790599340.6325176,0.1716,-0.5000,124.2,-10.71,97.6,5.99,0.74,accepted,-5.2,-0.58,294,471,10,1,0,map_accept,0.98,-1.9,32.2,7,2,14.0
266,1790599340.6981106,0.1719,-0.5000,116.9,-9.03,96.5,5.72,0.74,accepted,-3.1,-0.79,299,479,10,1,0,map_accept,0.98,0.5,45.5,7,2,14.0
267,1790599340.7605903,0.1725,-0.5000,117.3,-9.25,95.9,5.48,0.75,accepted,-1.8,-0.68,300,490,10,1,0,map_accept,0.99,3.3,58.0,7,1,14.0
268,1790599340.8267198,0.1728,-0.5000,112.8,-9.46,93.1,5.25,0.75,accepted,-7.9,-0.64,284,495,10,1,0,map_accept,0.99,-0.1,49.6,7,0,14.0
269,1790599340.8927848,0.1728,-0.5000,103.8,-6.28,92.7,5.13,0.75,accepted,-1.1,-0.35,288,501,10,1,0,map_accept,0.99,7.6,58.0,7,0,14.0
270,1790599340.9573078,0.1732,-0.5000,79.3,3.03,83.2,4.36,0.76,accepted,-27.2,-2.21,292,495,10,1,0,map_accept,0.99,-17.3,24.8,7,1,14.0
271,1790599341.0224411,0.1726,-0.5000,84.2,-0.71,71.6,3.49,0.75,accepted,-33.2,-2.47,287,484,10,1,0,map_accept,0.98,-24.9,9.6,7,1,14.0
272,1790599341.0868113,0.1711,-0.5000,73.5,4.96,62.5,2.74,0.74,accepted,-26.1,-2.16,290,477,10,1,0,map_accept,0.98,-21.2,23.7,7,1,14.0
273,1790599341.1500366,0.1693,-0.5000,52.0,5.84,61.9,2.68,0.72,accepted,-1.6,-0.18,277,464,9,1,0,map_hold,0.98,-4.1,-0.5,7,0,14.0
274,1790599341.217618,0.1692,-0.5000,50.8,5.75,60.9,2.40,0.72,accepted,-2.9,-0.78,287,459,10,1,0,map_accept,0.98,-2.2,21.7,7,2,14.0
275,1790599341.2862153,0.1701,-0.5000,74.4,3.84,60.1,2.01,0.73,accepted,-2.4,-1.13,290,459,10,1,0,map_accept,0.98,-2.1,34.6,7,2,14.0
276,1790599341.3503487,0.1705,-0.5000,88.2,-6.14,57.8,1.55,0.73,accepted,-6.3,-1.29,293,454,10,1,0,map_accept,0.99,-6.0,8.8,7,2,14.0
277,1790599341.415297,0.1693,-0.5000,60.8,3.45,54.9,1.21,0.72,accepted,-8.3,-0.99,296,451,10,1,0,map_accept,0.98,-7.9,9.5,7,2,14.0
278,1790599341.4844794,0.1688,-0.5000,56.0,4.41,52.7,1.18,0.72,accepted,-6.4,-0.07,296,453,10,1,0,map_accept,0.98,-5.7,21.5,7,2,14.0
279,1790599341.5459213,0.1704,-0.5000,57.4,3.49,51.9,1.65,0.73,accepted,-2.2,1.35,300,461,10,1,0,map_accept,0.99,-2.0,38.6,7,1,14.0
280,1790599341.610615,0.1715,-0.5000,109.1,-12.63,51.2,1.60,0.74,accepted,-2.2,-0.14,302,471,10,1,0,map_accept,0.99,-4.4,51.1,7,1,14.0
281,1790599341.6746893,0.1721,-0.5000,106.8,-12.16,50.6,1.58,0.75,accepted,-1.7,-0.08,304,481,10,1,0,map_accept,0.99,-4.8,58.1,7,1,14.0
282,1790599341.7389657,0.1721,-0.5000,48.9,12.53,49.5,1.27,0.75,accepted,-3.1,-0.88,306,494,10,1,0,map_accept,0.99,-6.3,70.6,7,0,14.0
283,1790599341.8063629,0.1721,-0.5000,39.1,16.94,47.8,1.00,0.75,accepted,-5.0,-0.75,311,511,10,1,0,map_accept,0.99,-7.2,94.5,7,0,14.0
284,1790599341.873099,0.1722,-0.5000,61.9,-2.03,42.9,0.46,0.75,accepted,-13.8,-1.54,314,528,10,1,0,map_accept,0.99,-15.0,104.4,7,0,14.0
285,1790599341.9347217,0.1725,-0.5000,42.8,5.33,39.1,0.00,0.75,accepted,-10.9,-1.32,317,545,10,1,0,map_accept,0.99,-11.8,112.7,7,0,14.0
286,1790599341.9967892,0.1728,-0.5000,52.1,1.39,51.1,0.67,0.75,accepted,34.1,1.91,318,521,10,1,0,map_accept,0.98,33.8,-11.1,7,3,14.0
287,1790599342.0634334,0.1731,-0.5000,67.1,-6.04,58.7,1.19,0.76,accepted,21.9,1.47,323,506,10,1,0,map_accept,0.98,27.1,18.7,7,3,14.0
288,1790599342.1277237,0.1739,-0.5000,36.8,7.85,53.1,0.98,0.76,accepted,-16.0,-0.59,327,492,10,1,0,map_accept,0.99,-6.3,18.2,7,3,14.0
289,1790599342.1918864,0.1742,-0.5000,45.8,6.83,47.9,0.77,0.77,accepted,-14.9,-0.60,329,482,10,1,0,map_accept,0.99,-5.6,20.9,7,3,14.0
290,1790599342.2668152,0.1736,-0.5000,51.7,4.04,40.8,0.37,0.76,accepted,-20.4,-1.15,337,466,10,1,0,map_accept,0.99,-12.6,-3.3,7,3,14.0
291,1790599342.340705,0.1699,-0.5000,51.1,4.15,33.7,0.17,0.73,accepted,-20.3,-0.56,325,458,9,1,0,map_accept,0.98,-15.1,6.4,7,3,14.0
292,1790599342.4051623,0.1716,-0.5000,43.8,5.27,29.9,0.31,0.74,accepted,-10.9,0.40,345,453,10,1,0,map_accept,0.98,-8.8,10.7,7,3,14.0
293,1790599342.4695916,0.1721,-0.5000,46.3,4.70,26.8,0.19,0.75,accepted,-8.6,-0.35,349,460,10,1,0,map_accept,0.98,-8.8,39.3,7,3,14.0
294,1790599342.5407577,0.1728,-0.5000,33.7,8.35,26.9,0.30,0.75,accepted,0.2,0.31,354,469,10,1,0,map_accept,0.98,-1.6,43.5,7,3,14.0
295,1790599342.6089246,0.1733,-0.5000,37.6,7.99,28.5,0.46,0.76,accepted,4.6,0.47,358,479,10,1,0,map_accept,0.98,2.3,44.2,7,3,14.0
296,1790599342.683736,0.1734,-0.5000,94.4,-6.47,32.8,0.56,0.76,accepted,12.2,0.29,364,491,10,1,0,map_accept,0.98,9.9,52.1,7,3,14.0
297,1790599342.7754385,0.1733,-0.5000,97.2,-7.33,31.1,0.40,0.76,accepted,-4.8,-0.48,369,514,10,1,0,map_accept,0.98,-5.7,95.8,7,2,14.0
298,1790599342.8400834,0.1731,-0.5000,84.6,-5.01,29.3,0.25,0.76,accepted,-5.1,-0.41,364,535,10,1,0,map_accept,0.98,-6.1,93.9,7,1,14.0
299,1790599342.9045105,0.1695,-0.5000,76.4,-3.24,27.0,0.27,0.72,accepted,-6.6,0.05,351,554,9,1,0,map_accept,0.98,-8.3,93.9,7,1,14.0
300,1790599342.968798,0.1668,-0.5000,71.4,-2.64,29.5,0.48,0.70,accepted,7.0,0.61,344,557,9,1,0,map_accept,0.97,3.3,55.9,7,2,14.0
301,1790599343.0309563,0.1654,-0.5000,63.1,-0.03,29.1,0.45,0.69,accepted,-1.0,-0.09,346,560,9,1,0,map_accept,0.97,-5.0,63.7,7,2,14.0
302,1790599343.0962417,0.1680,-0.5000,71.3,-3.21,25.9,0.47,0.71,accepted,-9.1,0.05,380,565,10,1,0,map_accept,0.98,-14.0,83.9,7,2,14.0
303,1790599343.161556,0.1698,-0.5000,72.2,0.45,23.2,0.45,0.73,accepted,-7.7,-0.03,384,573,10,1,0,map_accept,0.98,-14.9,94.9,7,2,14.0
304,1790599343.228804,0.1713,-0.5000,76.3,-1.47,23.4,0.56,0.74,accepted,0.5,0.29,386,573,10,1,0,map_accept,0.98,-8.8,73.3,7,2,14.0
305,1790599343.297897,0.1699,-0.5000,84.4,-6.08,27.0,0.71,0.73,accepted,10.2,0.44,352,550,9,1,0,map_hold,0.98,15.4,-27.1,7,0,14.0
306,1790599343.3613212,0.1691,-0.5000,66.2,1.22,30.2,0.85,0.72,accepted,9.0,0.39,359,529,9,1,0,map_hold,0.97,7.5,-11.6,7,0,14.0
307,1790599343.4230583,0.1682,-0.5000,81.6,-7.47,32.8,0.96,0.71,accepted,7.4,0.31,363,511,9,1,0,map_hold,0.96,6.2,4.5,7,0,14.0
308,1790599343.4871001,0.1701,-0.5000,84.5,-1.64,41.7,1.29,0.73,accepted,25.5,0.94,403,504,10,1,0,map_accept,0.97,19.6,31.0,7,4,14.0
309,1790599343.5509958,0.1713,-0.5000,79.1,-3.53,48.1,1.62,0.74,accepted,18.3,0.94,394,504,10,1,0,map_accept,0.98,15.9,41.5,7,3,14.0
310,1790599343.6151998,0.1794,-0.5000,90.5,-8.00,52.1,1.84,0.81,accepted,11.4,0.63,393,508,10,1,0,map_accept,0.99,12.0,47.2,7,3,14.0
311,1790599343.6790736,0.1773,-0.5000,91.6,-6.10,49.5,1.70,0.79,accepted,-7.3,-0.38,398,510,10,1,0,map_accept,0.99,-5.0,35.9,7,3,14.0
312,1790599343.7432811,0.1757,-0.5000,70.6,-0.18,49.3,1.53,0.78,accepted,-0.5,-0.50,406,514,10,1,0,map_accept,0.99,0.6,34.4,7,3,14.0
313,1790599343.8105392,0.1746,-0.5000,70.0,4.00,49.2,1.33,0.77,accepted,-0.3,-0.57,375,521,10,1,0,map_accept,0.99,0.6,40.3,7,3,14.0
314,1790599343.880942,0.1738,-0.5000,57.2,3.53,50.5,1.41,0.76,accepted,3.8,0.24,382,528,10,1,0,map_accept,0.99,5.5,35.2,7,3,14.0
315,1790599343.9478185,0.1734,-0.5000,75.6,-1.41,42.9,1.08,0.76,accepted,-21.8,-0.93,388,539,10,1,0,map_accept,0.99,-19.1,43.9,7,2,14.0
316,1790599344.013355,0.1732,-0.5000,81.4,-4.73,38.9,1.07,0.76,accepted,-11.4,-0.03,387,552,10,1,0,map_accept,0.99,-11.9,52.7,7,2,14.0
317,1790599344.0792167,0.1727,-0.5000,75.2,-2.03,37.4,1.26,0.75,accepted,-4.4,0.53,393,564,10,1,0,map_accept,0.99,-7.4,52.5,7,2,14.0
318,1790599344.1461887,0.1726,-0.5000,68.7,-3.44,38.6,1.35,0.75,accepted,3.4,0.25,400,577,10,1,0,map_accept,0.99,-1.4,55.3,7,2,14.0
319,1790599344.2168715,0.1712,-0.5000,42.4,6.47,43.3,1.58,0.74,accepted,13.4,0.68,367,583,10,1,0,map_accept,0.98,8.5,36.8,7,1,14.0
320,1790599344.2864802,0.1703,-0.5000,65.0,-2.89,46.4,1.77,0.73,accepted,9.0,0.53,372,592,10,1,0,map_accept,0.98,6.4,45.1,7,1,14.0
321,1790599344.3535707,0.1711,-0.5000,54.6,4.05,47.5,2.01,0.74,accepted,3.1,0.69,371,603,10,1,0,map_accept,0.99,3.2,53.9,7,1,14.0
322,1790599344.4169219,0.1721,-0.5000,63.8,0.55,47.8,2.22,0.75,accepted,1.0,0.58,374,616,10,1,0,map_accept,0.99,3.2,71.5,7,1,14.0
323,1790599344.4818327,0.1729,-0.5000,48.4,4.75,44.0,2.02,0.75,accepted,-10.8,-0.55,374,630,10,1,0,map_accept,0.99,-7.4,86.9,7,1,14.0
324,1790599344.5532818,0.1736,-0.5000,70.4,-3.94,41.8,2.01,0.76,accepted,-6.5,-0.04,378,609,10,1,0,map_accept,0.99,-3.3,-22.5,7,2,14.0
325,1790599344.6198282,0.1734,-0.5000,72.1,-6.94,42.5,1.84,0.76,accepted,2.2,-0.48,380,590,10,1,0,map_accept,0.99,4.9,-14.4,7,2,14.0
326,1790599344.682657,0.1730,-0.5000,77.7,-6.24,40.1,1.71,0.75,accepted,-7.0,-0.37,357,589,10,1,0,map_accept,0.99,-4.0,42.8,7,1,14.0
327,1790599344.7523844,0.1725,-0.5000,53.3,3.08,38.1,1.39,0.75,accepted,-5.6,-0.92,360,594,10,1,0,map_accept,0.99,-3.6,55.9,7,1,14.0
328,1790599344.81951,0.1727,-0.5000,62.3,-2.08,37.4,1.17,0.75,accepted,-2.1,-0.65,363,600,10,1,0,map_accept,0.99,-0.7,62.8,7,1,14.0
329,1790599344.8836021,0.1730,-0.5000,58.0,2.33,38.6,1.11,0.75,accepted,3.6,-0.16,366,598,10,1,0,map_accept,0.99,4.4,41.2,7,1,14.0
330,1790599344.9536152,0.1728,-0.5000,88.8,-10.56,37.1,1.02,0.75,accepted,-4.4,-0.26,372,590,10,1,0,map_accept,0.99,-3.3,24.8,7,2,14.0
331,1790599345.019014,0.1731,-0.5000,21.5,27.76,35.8,1.01,0.76,accepted,-3.9,-0.02,376,581,10,1,0,map_accept,0.99,-3.8,20.6,7,3,14.0
332,1790599345.085382,0.1732,-0.5000,43.6,6.19,36.7,0.83,0.76,accepted,2.7,-0.52,376,579,10,1,0,map_accept,0.99,1.6,41.5,7,2,14.0
333,1790599345.1570084,0.1732,-0.5000,39.5,8.10,41.2,1.07,0.76,accepted,12.8,0.70,332,577,10,1,0,map_accept,0.99,12.8,42.9,7,1,14.0
334,1790599345.2262418,0.1724,-0.5000,100.5,-27.61,36.8,0.65,0.75,accepted,-12.4,-1.21,344,554,10,1,0,map_accept,0.99,-9.6,-21.8,7,2,14.0
335,1790599345.2915092,0.1723,-0.5000,104.3,-28.25,33.0,0.15,0.75,accepted,-10.8,-1.44,350,539,10,1,0,map_accept,0.99,-7.8,-1.5,7,2,14.0
336,1790599345.3612275,0.1717,-0.5000,58.7,-2.30,28.8,-0.07,0.74,accepted,-12.0,-0.61,354,533,10,1,0,map_accept,0.99,-9.5,18.0,7,2,14.0
337,1790599345.4313684,0.1709,-0.5000,-13.0,25.37,26.2,-0.30,0.74,accepted,-7.6,-0.67,352,541,10,1,0,map_accept,0.99,-6.0,56.4,7,2,14.0
338,1790599345.4960747,0.1705,-0.5000,-17.5,14.32,22.4,-0.95,0.73,accepted,-10.7,-1.85,321,552,10,1,0,map_accept,0.99,-7.9,70.4,7,1,14.0
339,1790599345.5642962,0.1714,-0.5000,32.1,1.10,22.3,-0.98,0.74,accepted,-0.4,-0.08,317,550,10,1,0,map_accept,0.99,5.1,37.2,7,1,14.0
340,1790599345.6338792,0.1712,-0.5000,29.9,4.06,14.5,-1.50,0.74,accepted,-22.3,-1.49,320,534,10,1,0,map_accept,0.99,-13.1,-8.1,7,2,14.0
341,1790599345.7021892,0.1705,-0.4475,56.1,-2.68,5.1,-1.74,0.73,accepted,-26.7,-0.70,326,533,10,1,0,map_accept,0.99,-17.3,43.8,7,1,14.0
342,1790599345.7711775,0.1697,-0.3666,16.8,7.97,-7.3,-2.09,0.72,accepted,-35.6,-1.01,324,529,10,1,0,map_accept,0.99,-29.1,30.4,7,1,14.0
343,1790599345.8379717,0.1698,-0.2828,43.7,-6.97,-14.0,-2.17,0.73,accepted,-19.2,-0.22,328,524,10,1,0,map_accept,0.99,-19.7,27.1,7,2,14.0
344,1790599345.9083755,0.1697,-0.2006,31.9,1.51,-18.6,-2.15,0.72,accepted,-13.0,0.06,325,524,10,1,0,map_accept,0.99,-19.4,45.3,7,2,14.0
345,1790599345.9778204,0.1700,-0.1214,40.2,-0.43,-18.7,-1.94,0.73,accepted,-0.4,0.60,328,518,10,1,0,map_accept,0.99,-11.8,22.0,7,2,14.0
346,1790599346.0425925,0.1702,-0.1150,34.1,5.74,-11.0,-1.31,0.73,accepted,22.0,1.81,325,514,10,1,0,map_accept,0.99,7.7,27.7,7,2,14.0
347,1790599346.1099725,0.1700,-0.1548,47.1,1.39,-3.7,-0.67,0.73,accepted,21.0,1.82,327,512,10,1,0,map_accept,0.99,7.3,31.1,7,2,14.0
348,1790599346.1779618,0.1663,-0.2117,53.8,0.99,1.6,-0.33,0.69,accepted,15.2,0.96,320,515,9,1,0,map_accept,0.98,2.8,47.8,6,1,14.0
349,1790599346.2452517,0.1672,-0.2736,6.9,9.43,6.0,-0.15,0.70,accepted,12.4,0.52,315,519,10,1,0,map_accept,0.99,0.9,49.5,7,1,14.0
350,1790599346.308674,0.1677,-0.3299,0.4,9.69,8.8,-0.05,0.71,accepted,8.0,0.30,314,524,10,1,0,map_accept,0.99,-2.8,51.8,7,1,14.0
351,1790599346.3771002,0.1672,-0.3749,9.7,6.80,10.1,0.14,0.70,accepted,3.7,0.53,316,531,10,1,0,map_accept,0.98,-6.3,56.1,7,1,14.0
352,1790599346.444288,0.1673,-0.4120,9.8,5.74,11.3,0.35,0.70,accepted,3.4,0.60,320,537,10,1,0,map_accept,0.98,-5.7,57.0,7,1,14.0
353,1790599346.509453,0.1682,-0.4355,27.4,-1.48,11.1,0.40,0.71,accepted,-0.5,0.14,317,543,10,1,0,map_accept,0.98,-8.4,54.4,7,1,14.0
354,1790599346.576818,0.1686,-0.4581,-0.1,8.25,16.1,0.85,0.71,accepted,14.4,1.29,320,541,10,1,0,map_accept,0.98,8.1,27.1,7,1,14.0
355,1790599346.6463256,0.1700,-0.4728,17.9,0.69,18.6,0.84,0.73,accepted,7.1,-0.03,322,541,10,1,0,map_accept,0.98,4.6,34.6,7,1,14.0
356,1790599346.7117534,0.1709,-0.4823,-1.3,6.82,19.6,0.61,0.74,accepted,2.9,-0.64,315,545,10,1,0,map_accept,0.99,4.9,47.1,7,1,14.0
357,1790599346.7802718,0.1711,-0.4885,-3.8,6.48,19.0,0.54,0.74,accepted,-1.9,-0.22,318,554,10,1,0,map_accept,0.98,5.1,70.0,7,1,14.0
358,1790599346.8473694,0.1707,-0.4925,6.4,2.22,16.5,0.52,0.73,accepted,-7.0,-0.03,322,568,10,1,0,map_accept,0.99,3.3,96.9,7,1,14.0
359,1790599346.9118881,0.1703,-0.4951,-17.3,16.38,13.4,0.49,0.73,accepted,-9.0,-0.09,325,581,10,1,0,map_accept,0.98,2.6,103.7,7,1,14.0
360,1790599346.982731,0.1699,-0.4472,3.5,3.94,3.7,0.03,0.73,accepted,-27.6,-1.34,320,574,10,1,0,map_accept,0.99,-16.0,47.1,7,0,14.0
361,1790599347.05234,0.1697,-0.3739,6.1,2.18,-3.7,-0.23,0.72,accepted,-21.2,-0.73,324,572,10,1,0,map_accept,0.99,-12.5,68.0,7,0,14.0
362,1790599347.1213522,0.1696,-0.2914,-12.0,11.38,-14.5,-0.70,0.72,accepted,-30.8,-1.34,327,554,10,1,0,map_accept,0.99,-25.1,17.2,7,2,14.0
363,1790599347.1922736,0.1700,-0.2081,41.0,-9.26,-19.8,-0.98,0.73,accepted,-15.3,-0.78,332,539,10,1,0,map_accept,0.99,-14.0,21.1,7,2,14.0
364,1790599347.2564712,0.1703,-0.1244,-13.7,9.83,-22.4,-1.14,0.73,accepted,-7.4,-0.46,333,529,10,1,0,map_accept,0.99,-8.4,29.1,7,2,14.0
365,1790599347.3249378,0.1700,-0.0610,-15.8,9.42,-21.5,-1.16,0.73,accepted,2.7,-0.07,338,515,10,1,0,map_accept,0.99,0.2,5.3,7,3,14.0
366,1790599347.3930874,0.1701,0.0000,-26.7,13.89,-21.7,-1.23,0.73,accepted,-0.5,-0.21,343,508,10,1,0,map_accept,0.99,-2.9,19.3,7,3,14.0
367,1790599347.4603596,0.1703,0.0262,-23.2,11.62,-22.4,-1.35,0.73,accepted,-2.1,-0.32,347,507,10,1,0,map_accept,0.98,-4.3,28.2,7,3,14.0
368,1790599347.5377822,0.1708,0.0425,16.6,-4.10,-22.4,-1.11,0.73,accepted,-0.1,0.67,350,509,10,1,0,map_accept,0.99,-2.2,30.4,7,3,14.0
369,1790599347.6271076,0.1712,0.0700,11.4,1.37,-25.4,-1.19,0.74,accepted,-8.6,-0.21,354,525,10,1,0,map_accept,0.99,-11.5,77.7,7,2,14.0
370,1790599347.7013817,0.1714,0.0823,31.7,-6.97,-24.5,-1.04,0.74,accepted,2.7,0.42,357,539,10,1,0,map_accept,0.99,-2.6,73.3,7,1,14.0
371,1790599347.7728345,0.1714,0.0681,43.6,-9.87,-20.5,-0.91,0.74,accepted,11.5,0.38,353,537,10,1,0,map_accept,0.99,4.6,25.2,7,3,14.0
372,1790599347.853281,0.1716,0.0398,17.4,-0.40,-17.1,-0.77,0.74,accepted,9.7,0.41,354,533,10,1,0,map_accept,0.99,2.2,23.1,7,3,14.0
373,1790599347.9840505,0.1718,0.0000,14.8,1.05,-13.4,-0.51,0.74,accepted,10.6,0.74,355,534,10,1,0,map_accept,0.99,2.6,37.5,7,2,14.0
374,1790599348.0764606,0.1720,-0.0476,12.1,1.88,-9.7,-0.24,0.75,accepted,10.6,0.77,360,537,10,1,0,map_accept,0.99,2.6,45.8,7,2,14.0
375,1790599348.1449847,0.1729,-0.1120,17.4,3.43,-3.6,-0.12,0.75,accepted,17.2,0.34,365,530,10,1,0,map_accept,0.99,9.5,12.2,7,3,14.0
376,1790599348.217224,0.1727,-0.1801,34.6,-3.27,1.0,0.06,0.75,accepted,13.1,0.52,369,529,10,1,0,map_accept,0.99,8.6,30.5,7,3,14.0
377,1790599348.2815752,0.1725,-0.2530,22.9,2.10,6.0,0.25,0.75,accepted,14.3,0.53,375,531,10,1,0,map_accept,0.99,12.6,47.7,7,3,14.0
378,1790599348.3498578,0.1724,-0.3323,29.4,-0.94,11.6,0.45,0.75,accepted,16.0,0.56,380,543,10,1,0,map_accept,0.98,17.4,80.1,7,3,14.0
379,1790599348.4226768,0.1722,-0.3910,5.2,11.97,15.0,0.44,0.75,accepted,9.9,-0.02,386,560,10,1,0,map_accept,0.99,14.3,104.2,7,1,14.0
380,1790599348.4919295,0.1722,-0.4292,-2.5,16.77,18.5,0.45,0.75,accepted,10.0,0.01,391,578,10,1,0,map_accept,0.98,16.7,108.6,7,1,14.0
381,1790599348.5566437,0.1722,-0.4453,-7.9,21.39,11.8,-0.10,0.75,accepted,-19.3,-1.56,398,568,10,1,0,map_accept,0.98,-10.5,22.2,7,3,14.0
382,1790599348.6226254,0.1729,-0.4506,0.9,5.59,10.8,-0.08,0.75,accepted,-2.8,0.04,406,550,10,1,0,map_accept,0.99,3.9,-7.8,7,3,14.0
383,1790599348.6928918,0.1738,-0.4500,15.6,10.07,10.0,-0.04,0.76,accepted,-2.3,0.12,412,541,10,1,0,map_accept,0.99,2.8,8.0,7,3,14.0
384,1790599348.7568693,0.1742,-0.4675,75.5,-26.56,14.6,0.02,0.77,accepted,13.0,0.19,419,552,10,1,0,map_accept,0.99,17.3,66.6,7,3,14.0
385,1790599348.8228114,0.1745,-0.4789,12.6,6.36,15.6,-0.01,0.77,accepted,2.9,-0.10,427,568,10,1,0,map_accept,0.99,9.0,77.0,7,3,14.0
386,1790599348.887926,0.1742,-0.4863,13.6,1.40,16.1,-0.04,0.77,accepted,1.4,-0.09,434,584,10,1,0,map_accept,0.99,8.9,82.5,7,3,14.0
387,1790599348.9503608,0.1744,-0.4911,32.8,1.88,13.7,0.20,0.77,accepted,-6.8,0.70,433,592,10,1,0,map_accept,0.99,2.4,59.8,7,3,14.0
388,1790599349.015625,0.1744,-0.4942,30.3,3.63,15.5,0.62,0.77,accepted,5.3,1.20,434,599,10,1,0,map_accept,0.99,13.4,63.2,7,3,14.0
389,1790599349.0933597,0.1745,-0.4842,35.5,1.08,10.5,0.37,0.77,accepted,-14.5,-0.72,432,594,10,1,0,map_accept,0.99,-6.8,31.0,7,3,14.0
390,1790599349.163387,0.1745,-0.4541,67.1,-6.84,6.6,-0.09,0.77,accepted,-11.0,-1.31,444,602,10,1,0,map_accept,0.99,-5.5,73.8,7,3,14.0
391,1790599349.2446845,0.1749,-0.4685,19.7,6.16,12.4,0.24,0.77,accepted,16.6,0.94,445,587,10,1,0,map_accept,0.99,21.2,5.1,7,3,14.0
392,1790599349.31547,0.1748,-0.4795,18.2,5.27,17.1,0.68,0.77,accepted,13.3,1.26,435,581,10,1,0,map_accept,0.99,20.1,34.3,7,3,14.0
393,1790599349.3846035,0.1748,-0.4785,35.0,-1.75,10.9,0.48,0.77,accepted,-17.6,-0.57,444,557,10,1,0,map_accept,0.99,-9.3,-28.9,7,3,14.0
394,1790599349.451033,0.1747,-0.4628,57.8,-0.96,8.2,0.47,0.77,accepted,-7.9,-0.02,435,547,10,1,0,map_accept,0.99,-2.6,9.6,7,3,14.0
395,1790599349.5140586,0.1741,-0.4206,56.5,-11.13,2.7,0.14,0.76,accepted,-15.7,-0.94,424,556,10,1,0,map_accept,0.99,-13.3,61.7,7,3,14.0
396,1790599349.577461,0.1753,-0.3874,44.8,1.57,1.4,0.33,0.78,accepted,-3.7,0.55,417,560,10,1,0,map_accept,0.99,-5.4,39.4,7,2,14.0
397,1790599349.644992,0.1758,-0.3881,56.5,-2.76,4.9,0.81,0.78,accepted,10.1,1.37,426,566,10,1,0,map_accept,0.99,4.9,42.7,7,2,14.0
398,1790599349.7119136,0.1755,-0.4125,104.6,-23.14,8.8,1.28,0.78,accepted,11.1,1.32,425,577,10,1,0,map_accept,0.99,4.3,52.5,7,2,14.0
399,1790599349.7788815,0.1748,-0.4431,100.1,-19.55,16.8,1.72,0.77,accepted,22.9,1.26,413,591,10,1,0,map_accept,0.99,14.8,65.8,7,2,14.0
400,1790599349.8455343,0.1743,-0.4630,93.1,-14.62,27.4,2.53,0.77,accepted,30.2,2.32,400,618,10,1,0,map_accept,0.99,22.7,112.3,7,2,14.0
401,1790599349.9116654,0.1740,-0.4760,68.7,-2.42,24.5,2.13,0.76,accepted,-8.4,-1.15,387,586,10,1,0,map_accept,0.99,-14.0,-74.3,7,3,14.0
402,1790599349.9771245,0.1743,-0.4844,62.5,-2.92,28.8,2.01,0.77,accepted,12.3,-0.33,391,567,10,1,0,map_accept,0.99,5.9,-32.7,7,3,14.0
403,1790599350.0465622,0.1745,-0.4898,95.4,-10.25,40.4,2.53,0.77,accepted,33.2,1.49,374,581,10,1,0,map_accept,0.99,29.2,72.1,7,1,14.0
404,1790599350.112333,0.1733,-0.4934,69.7,-1.70,47.7,2.74,0.76,accepted,20.9,0.58,373,593,10,1,0,map_accept,0.98,22.6,62.4,7,1,14.0
405,1790599350.1764662,0.1721,-0.4957,53.8,-1.04,45.6,2.38,0.75,accepted,-5.9,-1.02,376,589,10,1,0,map_accept,0.99,1.1,12.5,7,2,14.0
406,1790599350.2434497,0.1709,-0.4972,58.3,1.63,41.2,2.16,0.74,accepted,-12.6,-0.63,373,584,10,1,0,map_accept,0.98,-4.2,5.2,7,3,14.0
407,1790599350.3116362,0.1690,-0.4982,79.4,-3.39,38.7,1.91,0.72,accepted,-7.2,-0.71,376,590,10,1,0,map_accept,0.98,0.2,32.9,7,1,14.0
408,1790599350.37391,0.1689,-0.4988,104.5,-10.20,37.6,1.53,0.72,accepted,-3.2,-1.09,379,604,10,1,0,map_accept,0.98,3.1,48.6,7,1,14.0
409,1790599350.4425035,0.1690,-0.4992,111.8,-19.33,38.5,1.48,0.72,accepted,2.7,-0.14,382,626,10,1,0,map_accept,0.98,7.6,74.6,7,0,14.0
410,1790599350.507396,0.1689,-0.4995,9.6,19.73,38.2,1.67,0.72,accepted,-1.0,0.53,374,651,10,1,0,map_accept,0.98,3.2,84.0,7,0,14.0
411,1790599350.5680053,0.1698,-0.4997,60.8,1.89,39.0,1.55,0.73,accepted,2.3,-0.35,377,679,10,1,0,map_accept,0.98,4.9,103.6,7,0,14.0
412,1790599350.6321929,0.1703,-0.4998,91.8,-7.12,40.2,1.69,0.73,accepted,3.5,0.40,384,703,10,1,0,map_accept,0.99,6.6,115.0,7,0,14.0
413,1790599350.7033322,0.1712,-0.4999,51.5,6.42,42.9,2.12,0.74,accepted,7.8,1.25,409,704,10,1,0,map_accept,0.99,11.2,57.3,7,0,14.0
414,1790599350.7658808,0.1717,-0.4999,24.1,22.00,44.9,2.44,0.74,accepted,5.6,0.90,416,711,10,1,0,map_accept,0.99,9.3,86.7,7,0,14.0
415,1790599350.8311887,0.1719,-0.4999,56.5,5.20,38.0,2.24,0.74,accepted,-19.6,-0.56,394,688,10,1,0,map_accept,0.99,-16.0,0.2,7,2,14.0
416,1790599350.8981357,0.1725,-0.5000,93.7,-15.25,37.0,2.40,0.75,accepted,-3.0,0.46,408,681,10,1,0,map_accept,0.99,-2.7,53.6,7,1,14.0
417,1790599350.9617388,0.1694,-0.5000,85.1,-7.92,40.6,2.86,0.72,accepted,10.5,1.31,433,662,9,1,0,map_accept,0.98,8.8,18.5,6,2,14.0
418,1790599351.0226417,0.1712,-0.5000,89.9,-11.80,40.2,3.03,0.74,accepted,-1.4,0.49,408,642,10,1,0,map_accept,0.98,-3.3,17.6,7,2,14.0
419,1790599351.087226,0.1688,-0.5000,79.0,-3.38,36.3,3.19,0.72,accepted,-11.2,0.44,355,626,9,1,0,map_accept,0.98,-13.6,30.0,7,2,14.0
420,1790599351.1515224,0.1702,-0.5000,71.8,-5.65,38.0,4.28,0.73,accepted,5.0,3.12,389,604,10,1,0,map_accept,0.98,1.2,8.4,7,2,14.0
421,1790599351.2169282,0.1686,-0.5000,84.2,-10.35,41.9,4.64,0.71,accepted,11.0,1.02,351,585,9,1,0,map_accept,0.98,5.3,17.4,6,1,14.0
422,1790599351.2797143,0.1679,-0.5000,61.7,-4.23,44.8,4.77,0.71,accepted,8.4,0.37,351,573,9,1,0,map_accept,0.97,3.8,35.0,6,1,14.0
423,1790599351.3415291,0.1652,-0.5000,24.4,23.64,45.2,4.69,0.68,accepted,1.2,-0.23,346,554,8,1,0,map_hold,0.96,-3.7,3.3,6,0,14.0
424,1790599351.4036465,0.1690,-0.5000,64.6,9.07,50.7,5.29,0.72,accepted,15.8,1.73,389,526,10,1,0,map_accept,0.98,16.5,-34.7,7,4,14.0
425,1790599351.4687932,0.1718,-0.5000,134.3,-35.06,50.2,5.06,0.74,accepted,-1.5,-0.66,399,523,10,1,0,map_accept,0.98,1.4,29.6,7,4,14.0
426,1790599351.535119,0.1731,-0.5000,21.0,10.65,50.8,5.09,0.76,accepted,1.8,0.08,372,527,10,1,0,map_accept,0.99,5.9,41.1,7,3,14.0
427,1790599351.6002984,0.1736,-0.5000,100.3,-19.83,53.0,4.96,0.76,accepted,6.2,-0.38,378,537,10,1,0,map_accept,0.99,11.5,52.1,7,3,14.0
428,1790599351.6585732,0.1706,-0.5000,89.7,-18.70,55.1,5.18,0.73,accepted,6.0,0.64,375,550,9,1,0,map_accept,0.98,13.4,58.6,6,1,14.0
429,1790599351.727927,0.1688,-0.5000,10.2,26.17,56.5,5.22,0.72,accepted,3.9,0.11,379,570,9,1,0,map_accept,0.97,14.1,79.4,6,1,14.0
430,1790599351.792702,0.1673,-0.5000,43.0,4.66,59.2,5.09,0.70,accepted,7.8,-0.36,383,595,9,1,0,map_accept,0.97,20.3,101.5,6,0,14.0
431,1790599351.8543618,0.1695,-0.5000,19.8,16.85,54.0,4.58,0.72,accepted,-14.9,-1.46,397,598,10,1,0,map_accept,0.98,0.7,32.7,7,2,14.0
432,1790599351.9204397,0.1682,-0.5000,17.2,16.50,48.0,4.54,0.71,accepted,-17.0,-0.12,399,604,9,1,0,map_accept,0.97,-1.0,47.9,7,1,14.0
433,1790599351.9851289,0.1674,-0.5000,44.5,-3.48,42.3,4.17,0.70,accepted,-16.3,-1.05,401,606,9,1,0,map_accept,0.97,-0.9,33.6,7,3,14.0
434,1790599352.0491931,0.1666,-0.5000,18.0,6.70,36.1,3.30,0.70,accepted,-17.8,-2.50,413,609,9,1,0,map_accept,0.97,-3.4,35.8,7,3,14.0
435,1790599352.1182768,0.1682,-0.5000,56.5,-5.15,26.9,2.49,0.71,accepted,-26.3,-2.29,376,619,10,1,0,map_accept,0.97,-12.1,53.9,7,2,14.0
436,1790599352.1846423,0.1669,-0.5000,45.6,-2.48,22.0,2.68,0.70,accepted,-13.9,0.52,337,634,9,1,0,map_accept,0.97,-0.9,73.2,7,1,14.0
437,1790599352.2473915,0.1669,-0.5000,87.6,-11.04,11.2,2.29,0.70,accepted,-30.8,-1.12,339,653,9,1,0,map_accept,0.97,-20.6,98.3,7,0,14.0
438,1790599352.3084767,0.1668,-0.4587,10.9,14.36,3.3,1.77,0.70,accepted,-22.7,-1.49,339,670,9,1,0,map_accept,0.97,-18.5,111.1,7,0,14.0
439,1790599352.3705304,0.1665,-0.3939,60.7,-6.20,-3.0,1.20,0.70,accepted,-18.0,-1.62,341,692,9,1,0,map_accept,0.96,-19.6,144.9,7,0,14.0
440,1790599352.4305024,0.1639,-0.3666,38.5,-4.29,-0.7,1.54,0.67,accepted,6.6,0.98,318,665,8,1,0,map_hold,0.96,11.4,-107.4,7,0,14.0
441,1790599352.4969385,0.1611,-0.3654,40.7,-4.63,2.1,1.76,0.65,accepted,8.0,0.61,318,637,8,1,0,map_hold,0.95,3.7,-59.0,7,0,14.0
442,1790599352.5626416,0.1642,-0.3806,50.4,8.44,4.9,1.90,0.67,accepted,7.9,0.41,351,609,9,1,0,map_hold,0.95,30.0,-31.7,7,0,14.0
443,1790599352.6330295,0.1660,-0.4042,30.2,2.46,7.3,2.01,0.69,accepted,6.9,0.31,353,584,9,1,0,map_hold,0.95,22.5,-38.7,7,0,14.0
444,1790599352.6990972,0.1669,-0.4304,23.4,5.38,9.2,2.07,0.70,accepted,5.5,0.17,356,562,9,1,0,map_hold,0.95,21.2,-6.9,7,0,14.0
445,1790599352.7699003,0.1671,-0.4547,15.2,8.61,10.6,2.06,0.70,accepted,4.1,-0.00,339,544,9,1,0,map_hold,0.95,19.5,24.8,7,0,14.0
446,1790599352.8324382,0.1673,-0.4706,67.2,-7.28,11.6,1.96,0.70,accepted,2.8,-0.29,339,530,9,1,0,map_hold,0.94,16.6,45.2,7,0,14.0
447,1790599352.8956122,0.1695,-0.4809,51.5,-0.02,25.0,2.56,0.72,accepted,38.4,1.70,365,531,10,1,0,map_accept,0.97,36.5,42.8,7,2,14.0
448,1790599352.9651954,0.1704,-0.4876,49.2,-1.44,33.3,2.43,0.73,accepted,23.7,-0.36,358,538,10,1,0,map_accept,0.98,26.0,47.4,7,2,14.0
449,1790599353.0277739,0.1702,-0.4919,9.0,17.86,35.8,2.12,0.73,accepted,7.2,-0.90,358,550,10,1,0,map_accept,0.98,12.8,58.1,7,2,14.0
450,1790599353.0909615,0.1713,-0.4947,72.5,-10.43,33.6,1.59,0.74,accepted,-6.3,-1.51,362,569,10,1,0,map_accept,0.98,1.0,74.6,7,1,14.0
451,1790599353.1637173,0.1720,-0.4966,48.8,3.34,28.9,1.21,0.75,accepted,-13.4,-1.08,360,585,10,1,0,map_accept,0.98,-7.3,66.3,7,0,14.0
452,1790599353.253773,0.1714,-0.4978,-5.8,16.74,17.6,0.82,0.74,accepted,-32.4,-1.10,355,599,10,1,0,map_accept,0.99,-28.6,66.8,7,1,14.0
453,1790599353.3204467,0.1712,-0.4986,12.2,7.92,15.3,1.00,0.74,accepted,-6.6,0.50,359,597,10,1,0,map_accept,0.99,-7.6,23.1,7,1,14.0
454,1790599353.3857067,0.1720,-0.4991,20.4,5.73,14.6,0.71,0.75,accepted,-2.0,-0.82,368,602,10,1,0,map_accept,0.99,-5.0,42.3,7,1,14.0
455,1790599353.4465237,0.1728,-0.4994,10.5,11.93,19.0,0.83,0.75,accepted,12.7,0.34,372,609,10,1,0,map_accept,0.99,11.2,66.1,7,1,14.0
456,1790599353.5123043,0.1738,-0.4996,-2.7,16.62,18.9,0.81,0.76,accepted,-0.3,-0.07,356,621,10,1,0,map_accept,0.99,2.4,88.9,7,1,14.0
457,1790599353.576458,0.1740,-0.4997,50.1,3.14,29.1,2.24,0.76,accepted,29.1,4.10,354,633,10,1,0,map_accept,0.99,34.4,104.5,7,1,14.0
458,1790599353.6393864,0.1741,-0.4998,36.9,1.64,15.9,1.81,0.76,accepted,-37.6,-1.22,358,603,10,1,0,map_accept,0.99,-29.8,-24.4,7,2,14.0
459,1790599353.7036183,0.1741,-0.4662,45.9,-5.75,5.1,1.38,0.76,accepted,-30.9,-1.23,358,584,10,1,0,map_accept,0.99,-27.9,16.0,7,2,14.0
460,1790599353.7742918,0.1744,-0.4780,54.7,-5.23,13.8,2.14,0.77,accepted,24.9,2.17,358,545,10,1,0,map_accept,0.99,23.1,-59.3,7,4,14.0
461,1790599353.8369815,0.1734,-0.4778,32.0,3.24,9.2,2.01,0.76,accepted,-13.3,-0.38,382,547,10,1,0,map_accept,0.99,-13.7,66.5,7,3,14.0
462,1790599353.8988829,0.1729,-0.4770,52.4,-8.94,8.7,2.34,0.75,accepted,-1.4,0.94,393,539,10,1,0,map_accept,0.99,-3.1,25.3,7,4,14.0
463,1790599353.965067,0.1731,-0.4850,42.2,1.48,9.7,2.81,0.76,accepted,3.1,1.37,394,540,10,1,0,map_accept,0.99,1.6,50.4,7,3,14.0
464,1790599354.0296607,0.1738,-0.4903,42.3,2.14,14.0,3.31,0.76,accepted,12.3,1.41,373,537,10,1,0,map_accept,0.99,11.8,29.7,7,3,14.0
465,1790599354.1005194,0.1742,-0.4937,76.3,-11.46,14.5,3.82,0.77,accepted,1.5,1.45,377,536,10,1,0,map_accept,0.99,3.3,32.8,7,3,14.0
466,1790599354.1720328,0.1747,-0.4959,57.9,-6.93,13.2,4.04,0.77,accepted,-3.8,0.64,380,535,10,1,0,map_accept,0.99,-1.9,29.3,7,3,14.0
467,1790599354.2463832,0.1738,-0.4744,54.1,-7.39,4.6,3.63,0.76,accepted,-24.7,-1.17,401,541,10,1,0,map_accept,0.99,-24.4,49.6,7,3,14.0
468,1790599354.3107383,0.1738,-0.4761,71.8,-9.89,7.1,3.99,0.76,accepted,7.2,1.03,408,549,10,1,0,map_accept,0.99,3.5,55.2,7,3,14.0
469,1790599354.3834713,0.1736,-0.4845,54.5,-4.17,8.8,4.44,0.76,accepted,4.9,1.29,409,558,10,1,0,map_accept,0.99,1.0,58.0,7,3,14.0
470,1790599354.4506972,0.1734,-0.4899,50.9,-5.77,13.7,4.94,0.76,accepted,13.9,1.42,408,562,10,1,0,map_accept,0.99,9.8,42.0,7,3,14.0
471,1790599354.5160356,0.1742,-0.4934,67.4,-11.39,12.5,4.87,0.77,accepted,-3.4,-0.20,384,569,10,1,0,map_accept,0.99,-6.0,55.3,7,3,14.0
472,1790599354.584422,0.1752,-0.4957,35.5,-0.19,11.6,4.86,0.77,accepted,-2.5,-0.03,391,579,10,1,0,map_accept,0.99,-4.2,70.3,7,2,14.0
473,1790599354.6500692,0.1757,-0.4972,58.8,-11.76,9.6,4.85,0.78,accepted,-5.9,-0.01,394,590,10,1,0,map_accept,0.99,-6.6,77.5,7,1,14.0
474,1790599354.7146404,0.1760,-0.4982,57.9,-12.92,12.0,4.98,0.78,accepted,6.9,0.37,398,590,10,1,0,map_accept,0.99,5.9,52.4,7,3,14.0
475,1790599354.7821963,0.1757,-0.4988,41.7,-11.20,12.7,4.80,0.78,accepted,2.0,-0.52,407,597,10,1,0,map_accept,0.99,2.2,78.6,7,2,14.0
476,1790599354.8530712,0.1754,-0.4934,4.0,10.40,7.2,4.12,0.78,accepted,-15.7,-1.95,400,586,10,1,0,map_accept,0.99,-13.6,23.8,7,3,14.0
477,1790599354.915333,0.1761,-0.4912,10.2,8.30,7.7,3.92,0.78,accepted,1.3,-0.56,388,570,10,1,0,map_accept,0.99,3.1,2.6,7,3,14.0
478,1790599354.978034,0.1767,-0.4772,58.6,-11.06,5.7,3.62,0.79,accepted,-5.7,-0.87,394,560,10,1,0,map_accept,0.99,-3.0,19.3,7,3,14.0
479,1790599355.0436063,0.1726,-0.4565,61.3,-14.73,3.7,3.47,0.75,accepted,-5.7,-0.41,359,553,9,1,0,map_accept,0.98,-3.3,21.0,6,2,14.0
480,1790599355.1063807,0.1741,-0.4336,41.7,-6.60,2.4,3.07,0.76,accepted,-3.7,-1.17,392,552,10,1,0,map_accept,0.99,-2.6,28.6,7,2,14.0
481,1790599355.1730247,0.1747,-0.4230,32.9,-4.03,3.5,2.81,0.77,accepted,3.1,-0.73,405,562,10,1,0,map_accept,0.99,3.6,63.4,7,2,14.0
482,1790599355.239083,0.1743,-0.4344,-0.3,5.51,7.3,2.46,0.77,accepted,10.8,-1.01,386,573,10,1,0,map_accept,0.99,12.4,62.3,7,2,14.0
483,1790599355.301721,0.1736,-0.4418,-13.9,7.76,7.7,2.05,0.76,accepted,1.2,-1.15,394,573,10,1,0,map_accept,0.99,6.8,24.5,7,2,14.0
484,1790599355.3645928,0.1731,-0.3995,15.4,-1.88,-1.3,2.37,0.76,accepted,-25.7,0.91,382,585,10,1,0,map_accept,0.99,-16.4,62.5,7,2,14.0
485,1790599355.4292035,0.1739,-0.3255,-18.4,8.40,-16.0,1.11,0.76,accepted,-41.9,-3.59,382,590,10,1,0,map_accept,0.99,-36.1,50.6,7,2,14.0
486,1790599355.4935691,0.1746,-0.2461,-6.3,-0.02,-23.2,0.36,0.77,accepted,-20.5,-2.15,384,598,10,1,0,map_accept,0.99,-17.8,63.8,7,1,14.0
487,1790599355.5627732,0.1716,-0.1692,9.5,-7.03,-34.7,-0.21,0.74,accepted,-33.1,-1.64,387,609,9,1,0,map_accept,0.98,-30.7,71.1,7,1,14.0
488,1790599355.629381,0.1732,-0.0832,22.2,-7.40,-41.5,0.00,0.76,accepted,-19.3,0.61,394,621,10,1,0,map_accept,0.98,-21.0,80.7,7,1,14.0
489,1790599355.6945236,0.1740,0.0000,-48.3,13.64,-49.5,-0.67,0.76,accepted,-22.8,-1.91,376,635,10,1,0,map_accept,0.98,-27.9,94.2,7,0,14.0
490,1790599355.7624345,0.1796,0.0806,-25.3,5.21,-47.0,-0.38,0.81,accepted,7.1,0.81,342,617,9,1,0,map_hold,0.98,-13.2,-83.3,7,0,14.0
491,1790599355.8306074,0.1776,0.1621,-25.4,4.99,-38.8,0.09,0.80,accepted,23.2,1.36,372,606,10,1,0,map_accept,0.98,16.3,24.5,7,2,14.0
492,1790599355.8942127,0.1764,0.2273,-6.0,0.81,-41.0,0.10,0.79,accepted,-6.2,0.02,382,580,10,1,0,map_accept,0.98,-9.5,-25.6,7,3,14.0
493,1790599355.9603448,0.1752,0.2812,10.2,-3.87,-42.9,-0.03,0.77,accepted,-5.5,-0.37,387,565,10,1,0,map_accept,0.98,-8.3,5.6,7,3,14.0
494,1790599356.0269182,0.1746,0.3409,19.5,-8.37,-47.1,-0.27,0.77,accepted,-12.1,-0.66,396,559,10,1,0,map_accept,0.98,-15.4,26.5,7,3,14.0
495,1790599356.0928717,0.1747,0.3667,31.5,-11.62,-44.8,-0.10,0.77,accepted,6.6,0.46,407,562,10,1,0,map_accept,0.99,1.5,49.2,7,3,14.0
496,1790599356.1641817,0.1743,0.3750,6.2,-3.15,-43.3,0.09,0.77,accepted,4.3,0.56,370,562,10,1,0,map_accept,0.98,-0.4,37.0,7,3,14.0
497,1790599356.2347956,0.1740,0.3778,-2.0,-0.53,-42.9,0.22,0.76,accepted,1.3,0.37,376,568,10,1,0,map_accept,0.98,-3.6,54.2,7,1,14.0
498,1790599356.3067548,0.1743,0.3562,6.4,-5.29,-38.8,0.57,0.77,accepted,11.6,1.00,385,565,10,1,0,map_accept,0.98,6.4,30.6,7,3,14.0
499,1790599356.3761914,0.1741,0.3409,-4.5,-0.59,-38.4,0.51,0.76,accepted,1.0,-0.19,368,561,10,1,0,map_accept,0.99,-3.5,26.0,7,2,14.0
500,1790599356.441634,0.1742,0.3076,-0.7,-3.16,-34.2,0.58,0.77,accepted,12.2,0.22,363,556,10,1,0,map_accept,0.98,7.8,24.2,7,2,14.0
501,1790599356.5079358,0.1739,0.2718,0.2,-1.37,-31.7,0.71,0.76,accepted,7.2,0.36,382,550,10,1,0,map_accept,0.98,4.5,19.4,7,3,14.0
502,1790599356.5733497,0.1740,0.2454,11.2,-6.44,-30.9,0.59,0.76,accepted,2.2,-0.35,388,542,10,1,0,map_accept,0.99,0.5,10.4,7,3,14.0
503,1790599356.6406736,0.1739,0.2276,4.1,-0.60,-30.7,0.52,0.76,accepted,0.7,-0.20,394,538,10,1,0,map_accept,0.99,-0.8,18.4,7,3,14.0
504,1790599356.7076578,0.1737,0.2147,-11.5,8.22,-30.3,0.39,0.76,accepted,1.2,-0.36,399,539,10,1,0,map_accept,0.99,-0.5,27.6,7,3,14.0
505,1790599356.7753491,0.1735,0.1852,27.0,-15.97,-26.3,0.35,0.76,accepted,11.3,-0.12,382,546,10,1,0,map_accept,0.99,9.5,42.9,7,3,14.0
506,1790599356.841251,0.1736,0.1503,-8.3,4.16,-23.3,0.27,0.76,accepted,8.6,-0.23,380,557,10,1,0,map_accept,0.99,8.4,52.0,7,2,14.0
507,1790599356.9056334,0.1735,0.1210,-40.9,17.08,-21.6,-0.18,0.76,accepted,4.8,-1.29,359,566,10,1,0,map_accept,0.99,6.5,46.1,7,2,14.0
508,1790599356.9666083,0.1733,0.1069,9.0,1.13,-22.1,-0.55,0.76,accepted,-1.4,-1.06,362,580,10,1,0,map_accept,0.99,2.1,72.7,7,1,14.0
509,1790599357.0298595,0.1729,0.0977,20.4,-1.90,-21.7,-0.91,0.75,accepted,1.1,-1.01,370,595,10,1,0,map_accept,0.99,5.1,86.4,7,2,14.0
510,1790599357.0944047,0.1725,0.1014,34.0,-5.77,-23.0,-1.33,0.75,accepted,-3.8,-1.20,376,606,10,1,0,map_accept,0.98,0.5,83.6,7,2,14.0
511,1790599357.158042,0.1723,0.1251,-2.1,7.48,-26.7,-1.57,0.75,accepted,-10.5,-0.69,382,611,10,1,0,map_accept,0.99,-6.8,71.4,7,2,14.0
512,1790599357.2248232,0.1720,0.1758,26.5,-7.23,-32.8,-2.04,0.75,accepted,-17.3,-1.36,382,607,10,1,0,map_accept,0.99,-17.0,49.4,7,2,14.0
513,1790599357.2886994,0.1718,0.2001,21.0,1.70,-31.2,-1.96,0.74,accepted,4.5,0.25,386,592,10,1,0,map_accept,0.99,-0.0,20.1,7,2,14.0
514,1790599357.3510573,0.1719,0.1716,50.2,-14.37,-23.2,-1.67,0.74,accepted,22.9,0.81,393,564,10,1,0,map_accept,0.99,15.5,-28.5,7,3,14.0
515,1790599357.41445,0.1728,0.1215,23.3,1.31,-17.6,-1.35,0.75,accepted,15.9,0.92,390,548,10,1,0,map_accept,0.98,8.8,0.6,7,2,14.0
516,1790599357.4764292,0.1729,0.0601,45.4,-10.63,-12.6,-1.04,0.75,accepted,14.3,0.89,360,545,10,1,0,map_accept,0.98,8.2,29.3,7,2,14.0
517,1790599357.5409021,0.1723,0.0000,48.5,-12.39,-10.8,-0.97,0.75,accepted,5.1,0.21,357,547,10,1,0,map_accept,0.98,0.2,40.6,7,2,14.0
518,1790599357.606721,0.1702,-0.0515,3.1,5.91,-6.8,-0.85,0.73,accepted,11.5,0.34,353,552,10,1,0,map_accept,0.98,7.4,40.9,7,2,14.0
519,1790599357.6691687,0.1706,-0.1023,76.8,-29.63,-3.5,-0.90,0.73,accepted,9.3,-0.17,358,560,10,1,0,map_accept,0.98,7.0,46.9,7,2,14.0
520,1790599357.7337532,0.1704,-0.1530,76.8,-25.75,-0.5,-0.67,0.73,accepted,8.5,0.66,364,573,10,1,0,map_accept,0.98,8.4,60.9,7,1,14.0
521,1790599357.798459,0.1708,-0.1943,67.8,-23.36,0.9,-0.57,0.73,accepted,4.0,0.31,364,587,10,1,0,map_accept,0.98,5.6,68.9,7,1,14.0
522,1790599357.8640592,0.1557,-0.1763,-26.1,8.90,-6.5,-1.35,0.60,pending,-91.6,-9.85,345,578,9,1,0,map_accept,0.98,-88.7,-157.3,7,4,14.0
523,1790599357.933268,0.1564,-0.0904,-40.9,12.01,-35.8,-4.47,0.60,accepted,-83.8,-8.92,307,527,9,1,0,map_accept,0.97,-66.0,-106.3,7,4,14.0
524,1790599357.9996815,0.1524,0.0000,20.0,0.11,-53.2,-6.29,0.57,accepted,-49.7,-5.18,322,491,8,1,0,map_accept,0.96,-48.0,-83.8,6,3,14.0
525,1790599358.0649383,0.1633,0.0792,6.2,-4.33,-33.0,-4.73,0.67,accepted,57.7,4.45,361,527,9,1,0,map_accept,0.97,49.5,140.6,6,1,14.0
526,1790599358.1317523,0.1621,0.0900,20.2,-0.49,-20.0,-3.74,0.66,accepted,37.0,2.83,366,556,9,1,0,map_accept,0.97,34.1,114.4,6,1,14.0
527,1790599358.202382,0.1601,0.0627,18.8,0.34,-14.3,-3.01,0.64,accepted,16.3,2.07,375,579,9,1,0,map_accept,0.96,19.3,92.1,6,1,14.0
528,1790599358.2695358,0.1594,0.0465,29.4,-1.82,-14.6,-3.04,0.63,accepted,-0.7,-0.06,383,608,9,1,0,map_accept,0.96,6.8,114.6,6,1,14.0
529,1790599358.3383708,0.1599,0.0805,25.7,-6.40,-22.6,-3.31,0.64,accepted,-22.9,-0.78,388,616,9,1,0,map_accept,0.96,-12.5,52.8,6,1,14.0
530,1790599358.411766,0.1602,0.1582,16.5,0.23,-32.7,-3.71,0.64,accepted,-28.9,-1.14,391,630,9,1,0,map_accept,0.96,-20.6,79.5,6,1,14.0
531,1790599358.493296,0.1606,0.2510,1.9,4.16,-41.9,-3.90,0.64,accepted,-26.3,-0.55,401,647,9,1,0,map_accept,0.97,-22.5,98.8,6,0,14.0
532,1790599358.5597072,0.1608,0.3158,10.4,1.32,-41.7,-3.40,0.64,accepted,0.7,1.43,411,633,9,1,0,map_accept,0.97,-1.1,9.7,6,2,14.0
533,1790599358.629333,0.1646,0.3705,-6.1,7.35,-44.2,-3.19,0.68,accepted,-7.1,0.61,382,617,10,1,0,map_accept,0.98,-12.0,7.9,7,2,14.0
534,1790599358.69613,0.1670,0.4048,3.8,2.15,-43.8,-3.16,0.70,accepted,0.9,0.09,397,604,10,1,0,map_accept,0.98,-7.9,13.6,7,2,14.0
535,1790599358.7601433,0.1653,0.4047,-1.5,6.42,-39.8,-2.84,0.68,accepted,11.6,0.91,381,589,9,1,0,map_accept,0.97,0.3,3.2,6,2,14.0
536,1790599358.8278234,0.1640,0.3601,15.0,-0.58,-31.9,-2.20,0.67,accepted,22.5,1.82,389,579,9,1,0,map_accept,0.97,11.1,9.3,6,2,14.0
537,1790599358.8919277,0.1619,0.2966,16.7,0.32,-25.9,-1.68,0.65,accepted,17.1,1.51,345,576,9,1,0,map_accept,0.97,7.6,27.4,6,1,14.0
538,1790599358.954839,0.1608,0.2237,22.4,-0.72,-20.6,-1.07,0.64,accepted,15.1,1.73,349,579,9,1,0,map_accept,0.96,7.0,40.0,6,1,14.0
539,1790599359.0193877,0.1610,0.1486,17.5,2.42,-15.3,-1.21,0.65,accepted,15.1,-0.40,353,589,9,1,0,map_accept,0.96,7.2,56.9,6,1,14.0
540,1790599359.0831566,0.1611,0.0730,14.0,5.26,-10.3,-1.26,0.65,accepted,14.3,-0.13,362,605,9,1,0,map_accept,0.96,9.2,84.2,6,1,14.0
541,1790599359.1456316,0.1608,0.0000,16.1,6.37,-5.6,-1.06,0.64,accepted,13.3,0.57,367,624,9,1,0,map_accept,0.96,11.2,101.3,6,1,14.0
542,1790599359.208847,0.1604,-0.0775,15.2,7.88,2.5,-0.64,0.64,accepted,23.4,1.19,370,644,9,1,0,map_accept,0.96,22.7,122.0,6,1,14.0
543,1790599359.2737505,0.1613,-0.0804,24.8,2.46,-8.7,-1.63,0.65,accepted,-32.0,-2.85,375,652,9,1,0,map_accept,0.96,-30.4,92.3,6,1,14.0
544,1790599359.3379326,0.1621,-0.1121,23.5,4.67,-3.4,-1.48,0.66,accepted,15.2,0.45,376,618,9,1,0,map_accept,0.96,12.3,-34.8,6,2,14.0
545,1790599359.3996928,0.1623,-0.1520,-16.3,27.91,-0.2,-1.18,0.66,accepted,9.1,0.86,339,599,9,1,0,map_accept,0.96,6.5,5.1,6,1,14.0
546,1790599359.465822,0.1615,-0.1882,55.4,-2.86,1.6,-1.04,0.65,accepted,4.9,0.41,343,588,9,1,0,map_accept,0.96,2.2,26.6,6,1,14.0
547,1790599359.5269437,0.1611,-0.2206,60.2,-2.94,3.1,-0.98,0.65,accepted,4.4,0.15,351,583,9,1,0,map_accept,0.96,1.3,32.3,6,1,14.0
548,1790599359.5908287,0.1611,-0.2712,29.2,3.58,8.4,-0.92,0.65,accepted,15.1,0.17,353,583,9,1,0,map_accept,0.96,11.9,43.9,6,1,14.0
549,1790599359.6583602,0.1609,-0.3297,43.9,-0.65,12.5,-0.39,0.64,accepted,11.6,1.52,361,587,9,1,0,map_accept,0.96,9.9,46.4,6,1,14.0
550,1790599359.7241323,0.1621,-0.3643,-24.1,21.42,11.7,-0.26,0.66,accepted,-2.2,0.38,367,596,9,1,0,map_accept,0.96,-3.5,61.9,6,1,14.0
551,1790599359.7913141,0.1596,-0.3869,45.4,0.13,11.4,0.04,0.63,accepted,-0.9,0.85,371,600,8,1,0,map_accept,0.95,-3.7,41.7,6,1,14.0
552,1790599359.8641877,0.1615,-0.3982,-10.5,11.47,12.2,-1.33,0.65,accepted,2.4,-3.92,379,606,9,1,0,map_accept,0.95,-1.7,50.6,6,1,14.0
553,1790599359.9362369,0.1623,-0.4013,-36.3,17.32,12.1,-2.03,0.66,accepted,-0.2,-1.99,381,623,9,1,0,map_accept,0.96,0.6,100.5,6,0,14.0
554,1790599360.0030253,0.1594,-0.4351,74.5,-23.91,16.8,-1.04,0.63,accepted,13.4,2.84,387,632,8,1,0,map_accept,0.95,18.8,102.5,6,1,14.0
555,1790599360.070647,0.1577,-0.4578,37.9,-5.02,19.9,-0.44,0.62,accepted,8.9,1.71,393,645,8,1,0,map_accept,0.94,17.1,121.5,6,1,14.0
556,1790599360.1364388,0.1604,-0.4726,-31.8,32.37,21.9,-0.06,0.64,accepted,5.6,1.07,401,660,9,1,0,map_accept,0.95,14.9,134.6,7,2,14.0
557,1790599360.2093406,0.1600,-0.3911,64.9,-7.87,-4.2,-2.26,0.64,accepted,-74.4,-6.28,408,610,9,1,0,map_accept,0.95,-64.7,-77.1,7,5,14.0
558,1790599360.279038,0.1627,-0.3359,30.5,5.81,0.3,-1.39,0.66,accepted,12.7,2.49,421,605,9,1,0,map_accept,0.96,14.8,62.5,7,4,14.0
559,1790599360.3439584,0.1610,-0.3182,73.8,-8.17,3.2,-0.99,0.65,accepted,8.2,1.12,425,608,8,1,0,map_accept,0.95,8.6,81.6,7,4,14.0
560,1790599360.4075615,0.1597,-0.3291,54.3,-2.58,6.8,-0.59,0.63,accepted,10.3,1.15,434,618,8,1,0,map_accept,0.94,9.8,107.4,7,4,14.0
561,1790599360.474986,0.1568,-0.3376,46.8,-0.81,6.9,-0.51,0.61,accepted,0.4,0.24,441,595,7,1,0,map_hold,0.93,22.3,213.5,7,1,14.0
562,1790599360.5457695,0.1586,-0.3457,69.6,-7.87,7.3,-0.45,0.62,accepted,1.1,0.18,449,571,8,1,0,map_hold,0.93,16.0,24.4,7,0,14.0
563,1790599360.6153355,0.1596,-0.3545,24.6,9.22,7.9,-0.40,0.63,accepted,1.7,0.13,457,550,8,1,0,map_hold,0.93,14.7,59.9,7,0,14.0
564,1790599360.684855,0.1597,-0.3651,32.4,5.70,8.7,-0.35,0.63,accepted,2.3,0.14,438,531,8,1,0,map_hold,0.93,12.1,80.8,7,0,14.0
565,1790599360.7640119,0.1601,-0.3776,43.1,3.42,9.7,-0.33,0.64,accepted,2.8,0.07,442,517,8,1,0,map_hold,0.93,15.5,103.6,7,0,14.0
566,1790599360.825252,0.1605,-0.3922,-5.7,13.35,10.8,-0.29,0.64,accepted,3.2,0.11,478,507,8,1,0,map_hold,0.93,13.6,121.4,7,0,14.0
567,1790599360.8888314,0.1605,-0.4088,73.7,-8.85,12.1,-0.26,0.64,accepted,3.5,0.09,483,501,8,1,0,map_hold,0.93,11.2,135.2,7,0,14.0
568,1790599360.9553697,0.1637,-0.4269,62.9,-0.84,13.4,-0.25,0.67,accepted,3.7,0.03,488,499,9,1,0,map_hold,0.93,21.2,120.6,7,0,14.0
569,1790599361.0205212,0.1657,-0.4460,54.5,1.33,14.7,-0.24,0.69,accepted,3.7,0.01,497,500,9,1,0,map_hold,0.93,14.9,136.3,7,0,14.0
570,1790599361.0836782,0.1658,-0.4649,0.1,15.51,16.0,-0.32,0.69,accepted,3.7,-0.23,509,504,9,1,0,map_hold,0.94,12.6,157.1,7,0,14.0
571,1790599361.1477938,0.1536,-0.4772,65.7,-5.97,17.7,-0.23,0.58,pending,22.3,1.13,521,512,10,1,0,map_accept,0.96,19.0,148.0,7,3,14.0
572,1790599361.2122376,0.1455,-0.4852,47.7,-5.08,18.8,-0.27,0.50,pending,12.8,-0.51,487,521,10,1,0,map_accept,0.98,5.7,129.9,7,2,14.0
573,1790599361.2749577,0.1396,-0.4904,53.6,-8.46,19.8,-0.31,0.45,pending,12.7,-0.49,501,533,10,1,0,map_accept,0.98,6.5,154.9,7,2,14.0
574,1790599361.335201,0.1516,-0.4743,39.0,5.44,13.3,-1.33,0.56,accepted,-18.5,-2.91,516,570,10,1,0,map_accept,0.99,-23.7,32.3,7,4,14.0
575,1790599361.4018385,0.1593,-0.4553,32.2,9.12,12.4,-1.97,0.63,accepted,-2.5,-1.83,535,585,10,1,0,map_accept,0.99,-7.9,0.5,7,5,14.0
576,1790599361.4663198,0.1641,-0.4609,44.5,5.67,15.7,-2.03,0.67,accepted,9.3,-0.15,501,600,10,1,0,map_accept,0.99,3.8,26.9,7,5,14.0
577,1790599361.531811,0.1668,-0.4746,74.6,-9.94,26.2,-1.29,0.70,accepted,30.1,2.11,494,591,10,1,0,map_accept,0.99,25.0,-40.3,7,5,14.0
578,1790599361.5973322,0.1686,-0.4835,42.5,-1.20,26.8,-1.35,0.71,accepted,1.8,-0.16,498,615,10,1,0,map_accept,0.99,-1.0,77.4,7,3,14.0
579,1790599361.6617281,0.1696,-0.4893,47.6,1.43,26.7,-1.68,0.72,accepted,-0.3,-0.96,496,636,10,1,0,map_accept,0.99,-3.6,76.5,7,4,14.0
580,1790599361.7270188,0.1702,-0.4930,70.2,-15.52,33.2,-1.78,0.73,accepted,18.5,-0.27,502,641,10,1,0,map_accept,0.99,16.2,26.7,7,5,14.0
581,1790599361.7932334,0.1712,-0.4955,18.4,8.47,35.8,-1.71,0.74,accepted,7.3,0.20,493,652,10,1,0,map_accept,0.99,9.3,46.8,7,5,14.0
582,1790599361.8563774,0.1714,-0.4971,31.0,-4.31,27.9,-2.29,0.74,accepted,-22.5,-1.66,489,663,10,1,0,map_accept,0.99,-16.4,47.7,7,4,14.0
583,1790599361.9191582,0.1714,-0.4981,34.8,5.93,18.8,-2.72,0.74,accepted,-25.9,-1.24,492,676,10,1,0,map_accept,0.99,-19.4,54.3,7,3,14.0
584,1790599361.983384,0.1721,-0.4467,15.9,12.70,8.9,-3.15,0.75,accepted,-28.3,-1.24,498,693,10,1,0,map_accept,0.99,-25.0,74.4,7,3,14.0
585,1790599362.0498512,0.1728,-0.4234,14.9,-1.75,10.9,-3.30,0.75,accepted,5.6,-0.42,503,688,10,1,0,map_accept,0.99,5.1,14.4,7,4,14.0
586,1790599362.1163507,0.1734,-0.4248,34.6,0.31,13.3,-2.80,0.76,accepted,6.9,1.42,510,685,10,1,0,map_accept,0.99,8.7,26.4,7,4,14.0
587,1790599362.1818588,0.1731,-0.3606,18.4,3.83,2.2,-3.39,0.76,accepted,-31.8,-1.68,508,669,10,1,0,map_accept,0.99,-26.9,-11.4,7,4,14.0
588,1790599362.2528331,0.1732,-0.2801,18.6,-2.66,-4.5,-3.76,0.76,accepted,-19.2,-1.05,508,663,10,1,0,map_accept,0.99,-16.0,18.5,7,4,14.0
589,1790599362.3267999,0.1733,-0.1962,44.6,-7.86,-10.5,-3.65,0.76,accepted,-17.0,0.31,519,666,10,1,0,map_accept,0.99,-16.3,43.3,7,4,14.0
590,1790599362.392007,0.1728,-0.1158,49.4,-3.77,-26.5,-4.49,0.75,accepted,-45.8,-2.40,543,638,10,1,0,map_accept,0.99,-49.3,-65.2,7,5,14.0
591,1790599362.4582834,0.1730,-0.0408,49.6,-2.40,-19.5,-3.68,0.75,accepted,20.0,2.31,556,668,10,1,0,map_accept,0.99,9.4,127.1,7,3,14.0
592,1790599362.5250242,0.1731,-0.0359,19.0,2.81,-11.5,-3.40,0.76,accepted,22.8,0.80,519,692,10,1,0,map_accept,0.99,10.7,112.7,7,3,14.0
593,1790599362.5889158,0.1736,-0.1004,16.5,6.74,0.3,-2.80,0.76,accepted,33.8,1.74,529,695,10,1,0,map_accept,0.99,23.8,48.4,7,3,14.0
594,1790599362.652552,0.1734,-0.1769,32.5,2.31,16.5,-1.25,0.76,accepted,46.5,4.42,549,664,10,1,0,map_accept,0.99,42.4,-59.1,7,4,14.0
595,1790599362.7219708,0.1732,-0.2292,46.8,-5.08,5.9,-1.76,0.76,accepted,-30.5,-1.44,528,668,10,1,0,map_accept,0.99,-28.1,53.6,7,4,14.0
596,1790599362.786267,0.1730,-0.2771,32.3,9.09,8.0,-1.43,0.75,accepted,6.1,0.92,505,647,10,1,0,map_accept,0.99,5.4,-39.6,7,4,14.0
597,1790599362.8496187,0.1730,-0.2981,78.8,-20.30,6.7,-1.92,0.75,accepted,-3.8,-1.39,465,672,10,1,0,map_accept,0.99,-5.5,103.3,7,2,14.0
598,1790599362.9162545,0.1730,-0.3415,95.8,-34.90,12.5,-2.33,0.75,accepted,16.6,-1.15,497,683,10,1,0,map_accept,0.99,13.6,50.4,7,3,14.0
599,1790599362.9840531,0.1729,-0.3931,7.0,8.34,16.2,-1.84,0.75,accepted,10.5,1.38,522,698,10,1,0,map_accept,0.99,10.6,59.0,7,3,14.0
600,1790599363.050265,0.1726,-0.4083,-6.6,5.61,13.8,-2.81,0.75,accepted,-6.7,-2.76,463,713,10,1,0,map_accept,0.99,-2.2,66.2,7,2,14.0
601,1790599363.1261992,0.1726,-0.3634,58.7,-1.61,4.0,-2.86,0.75,accepted,-28.1,-0.16,507,746,10,1,0,map_accept,0.99,-20.5,135.0,7,1,14.0
602,1790599363.2118843,0.1724,-0.2777,-42.7,22.36,-5.0,-4.04,0.75,accepted,-25.8,-3.36,468,757,10,1,0,map_accept,0.99,-19.2,81.9,7,2,14.0
603,1790599363.2991633,0.1724,-0.1745,45.8,2.03,-14.1,-3.80,0.75,accepted,-26.0,0.68,502,748,10,1,0,map_accept,0.99,-21.5,40.5,7,3,14.0
604,1790599363.3707452,0.1726,-0.0892,35.3,-0.29,-30.9,-5.35,0.75,accepted,-47.9,-4.42,483,693,10,1,0,map_accept,0.99,-50.4,-103.1,7,5,14.0
605,1790599363.435433,0.1734,-0.0764,48.0,3.17,-9.6,-3.69,0.76,accepted,60.9,4.75,488,695,10,1,0,map_accept,0.99,50.3,73.7,7,2,14.0
606,1790599363.500307,0.1732,-0.1477,46.8,3.45,4.3,-3.00,0.76,accepted,39.6,1.96,497,679,10,1,0,map_accept,0.99,32.6,5.3,7,5,14.0
607,1790599363.5672104,0.1740,-0.2123,62.0,0.80,7.3,-2.77,0.76,accepted,8.7,0.65,508,687,10,1,0,map_accept,0.99,4.7,65.0,7,4,14.0
608,1790599363.6382308,0.1740,-0.2754,78.3,-6.09,10.8,-2.47,0.76,accepted,9.9,0.84,511,701,10,1,0,map_accept,0.99,4.6,75.6,7,2,14.0
609,1790599363.7291937,0.1727,-0.3540,59.8,1.98,19.6,-2.29,0.75,accepted,25.2,0.53,493,728,10,1,0,map_accept,0.99,18.8,111.6,7,1,14.0
610,1790599363.801967,0.1717,-0.4051,58.4,1.75,28.4,-2.07,0.74,accepted,25.1,0.62,506,752,10,1,0,map_accept,0.99,23.4,103.2,7,1,14.0
611,1790599363.8686502,0.1713,-0.4383,29.1,6.00,25.5,-2.57,0.74,accepted,-8.4,-1.43,504,750,10,1,0,map_accept,0.99,-4.8,23.6,7,3,14.0
612,1790599363.9335032,0.1711,-0.4493,66.3,1.01,15.9,-2.93,0.74,accepted,-27.2,-1.04,523,755,10,1,0,map_accept,0.99,-23.6,47.1,7,3,14.0
613,1790599364.0012488,0.1708,-0.4224,63.1,0.84,10.0,-3.13,0.73,accepted,-16.9,-0.55,534,769,10,1,0,map_accept,0.99,-19.0,82.8,7,3,14.0
614,1790599364.0712016,0.1704,-0.4496,51.3,3.72,19.8,-2.87,0.73,accepted,28.0,0.74,544,760,10,1,0,map_accept,0.99,20.5,9.7,7,3,14.0
615,1790599364.1366975,0.1704,-0.4672,43.2,5.65,28.2,-2.39,0.73,accepted,23.9,1.36,546,762,10,1,0,map_accept,0.99,18.4,42.8,7,3,14.0
616,1790599364.2030628,0.1713,-0.4787,64.8,-1.11,28.1,-3.42,0.74,accepted,-0.2,-2.93,530,782,10,1,0,map_accept,0.99,-4.4,110.1,7,2,14.0
617,1790599364.2695405,0.1711,-0.4862,96.5,-12.10,36.3,-3.69,0.74,accepted,23.4,-0.77,520,765,10,1,0,map_accept,0.99,22.4,8.6,7,3,14.0
618,1790599364.3434064,0.1719,-0.4910,26.5,14.19,42.1,-3.35,0.74,accepted,16.7,0.97,538,758,10,1,0,map_accept,0.99,21.8,51.4,7,3,14.0
619,1790599364.4087014,0.1715,-0.4941,74.6,-6.47,25.0,-4.13,0.74,accepted,-48.9,-2.23,536,711,10,1,0,map_accept,0.99,-40.9,-77.4,7,7,14.0
620,1790599364.4741185,0.1713,-0.4788,70.6,-4.34,15.9,-4.50,0.74,accepted,-26.0,-1.08,529,676,10,1,0,map_accept,0.99,-25.2,-43.1,7,6,14.0
621,1790599364.5384953,0.1721,-0.4862,81.9,-12.13,21.8,-4.08,0.75,accepted,16.8,1.21,542,668,10,1,0,map_accept,0.98,11.6,31.8,7,6,14.0
622,1790599364.6039257,0.1729,-0.4910,-21.3,39.49,27.3,-3.51,0.75,accepted,15.7,1.64,539,655,10,1,0,map_accept,0.99,10.3,2.8,7,5,14.0
623,1790599364.67348,0.1723,-0.4942,53.9,1.03,30.2,-3.27,0.75,accepted,8.2,0.69,528,654,10,1,0,map_accept,0.99,4.2,30.3,7,5,14.0
624,1790599364.7439668,0.1720,-0.4962,26.0,12.03,32.0,-3.26,0.75,accepted,5.3,0.02,534,664,10,1,0,map_accept,0.99,3.1,56.2,7,5,14.0
625,1790599364.8136015,0.1717,-0.4975,35.4,10.62,30.1,-3.44,0.74,accepted,-5.5,-0.53,552,686,10,1,0,map_accept,0.99,-5.6,84.0,7,3,14.0
626,1790599364.886475,0.1723,-0.4984,6.6,21.49,22.5,-3.93,0.75,accepted,-21.6,-1.40,538,710,10,1,0,map_accept,0.99,-21.6,92.8,7,3,14.0
627,1790599364.954417,0.1714,-0.4990,-21.1,32.15,24.6,-4.06,0.74,accepted,6.0,-0.36,524,717,10,1,0,map_accept,0.99,4.2,34.8,7,4,14.0
628,1790599365.0252743,0.1711,-0.4993,53.5,8.46,24.4,-3.52,0.74,accepted,-0.6,1.55,527,736,10,1,0,map_accept,0.99,-1.2,77.4,7,2,14.0
629,1790599365.0904975,0.1714,-0.4996,61.6,4.83,18.1,-3.66,0.74,accepted,-17.9,-0.40,533,761,10,1,0,map_accept,0.99,-20.5,104.2,7,2,14.0
630,1790599365.1588662,0.1717,-0.4997,70.7,3.35,24.7,-2.83,0.74,accepted,18.9,2.38,501,750,10,1,0,map_accept,0.99,10.9,-1.7,7,5,14.0
631,1790599365.2240536,0.1718,-0.4998,45.8,11.85,29.3,-2.41,0.74,accepted,13.0,1.18,516,748,10,1,0,map_accept,0.99,1.3,35.0,7,4,14.0
632,1790599365.2914915,0.1723,-0.4999,20.5,16.33,46.7,-1.70,0.75,accepted,49.7,2.04,522,720,10,1,0,map_accept,0.99,35.4,-42.4,7,5,14.0
633,1790599365.3575199,0.1724,-0.4999,93.4,-10.99,56.6,-1.55,0.75,accepted,28.3,0.43,526,705,10,1,0,map_accept,0.99,19.4,0.1,7,5,14.0
634,1790599365.4237466,0.1718,-0.4999,42.8,-0.46,60.5,-1.51,0.74,accepted,11.2,0.12,516,699,10,1,0,map_accept,0.99,8.2,27.0,7,4,14.0
635,1790599365.4893374,0.1716,-0.5000,91.0,-16.31,53.6,-2.25,0.74,accepted,-19.8,-2.11,536,702,10,1,0,map_accept,0.99,-17.9,50.6,7,4,14.0
636,1790599365.5597014,0.1721,-0.5000,83.4,-18.55,49.0,-2.49,0.75,accepted,-13.1,-0.71,556,707,10,1,0,map_accept,0.99,-9.6,56.8,7,4,14.0
637,1790599365.6276526,0.1715,-0.5000,-23.1,12.90,44.9,-3.25,0.74,accepted,-11.8,-2.17,494,716,10,1,0,map_accept,0.99,-6.8,64.1,7,3,14.0
638,1790599365.6952536,0.1719,-0.5000,58.9,6.28,39.2,-3.40,0.74,accepted,-16.4,-0.43,568,719,10,1,0,map_accept,0.99,-10.8,44.8,7,4,14.0
639,1790599365.7651992,0.1723,-0.5000,55.7,8.77,34.0,-3.57,0.75,accepted,-14.7,-0.47,581,726,10,1,0,map_accept,0.99,-12.0,64.8,7,4,14.0
640,1790599365.8334231,0.1728,-0.5000,57.7,7.98,28.4,-3.72,0.75,accepted,-16.0,-0.44,554,737,10,1,0,map_accept,0.99,-17.0,90.8,7,4,14.0
641,1790599365.8980217,0.1734,-0.4777,52.7,7.11,13.8,-4.67,0.76,accepted,-41.7,-2.72,562,777,10,1,0,map_accept,0.99,-46.5,196.0,7,2,14.0
642,1790599365.9675167,0.1738,-0.4855,78.0,-8.01,22.0,-4.32,0.76,accepted,23.4,1.01,574,741,10,1,0,map_accept,0.99,12.1,-45.4,7,5,14.0
643,1790599366.0388384,0.1736,-0.4906,89.7,-13.27,28.4,-3.75,0.76,accepted,18.2,1.62,577,719,10,1,0,map_accept,0.99,8.4,-1.5,7,5,14.0
644,1790599366.1063898,0.1733,-0.4939,82.2,-10.34,30.4,-3.44,0.76,accepted,5.6,0.87,608,716,10,1,0,map_accept,0.99,-1.9,50.9,7,5,14.0
645,1790599366.1790953,0.1697,-0.4960,74.3,-5.14,26.7,-3.86,0.72,accepted,-10.4,-1.18,645,733,9,1,0,map_accept,0.98,-16.2,109.1,6,4,14.0
646,1790599366.244527,0.1718,-0.4974,-10.1,31.84,32.1,-4.32,0.74,accepted,15.3,-1.32,521,723,10,1,0,map_accept,0.98,8.9,17.8,7,4,14.0
647,1790599366.307889,0.1728,-0.4983,46.7,4.51,37.8,-4.08,0.75,accepted,16.4,0.67,535,726,10,1,0,map_accept,0.99,13.6,53.7,7,4,14.0
648,1790599366.380976,0.1728,-0.4989,39.6,10.68,32.6,-4.39,0.75,accepted,-14.8,-0.86,568,722,10,1,0,map_accept,0.99,-13.7,26.7,7,4,14.0
649,1790599366.4472709,0.1732,-0.4993,69.6,3.65,28.9,-4.25,0.76,accepted,-10.6,0.38,536,725,10,1,0,map_accept,0.99,-10.1,39.8,7,4,14.0
650,1790599366.5137255,0.1729,-0.4995,3.3,-3.20,28.5,-5.82,0.75,accepted,-1.2,-4.48,502,730,10,1,0,map_accept,0.99,-3.2,46.7,7,4,14.0
651,1790599366.580003,0.1696,-0.4811,118.9,-11.64,16.6,-6.89,0.72,accepted,-34.0,-3.07,544,668,9,1,0,map_accept,0.98,-31.8,-163.5,6,5,14.0
652,1790599366.6483328,0.1695,-0.4877,27.5,16.64,27.8,-5.08,0.72,accepted,31.9,5.19,514,693,10,1,0,map_accept,0.99,34.9,117.2,7,2,14.0
653,1790599366.7157488,0.1716,-0.4920,3.4,27.53,29.2,-4.25,0.74,accepted,4.2,2.35,568,718,10,1,0,map_accept,0.99,10.2,108.6,7,3,14.0
654,1790599366.7843776,0.1730,-0.4948,96.2,-7.87,29.0,-3.87,0.75,accepted,-0.7,1.11,582,742,10,1,0,map_accept,0.99,4.0,96.2,7,3,14.0
655,1790599366.8510926,0.1709,-0.4780,100.0,-10.24,14.0,-4.35,0.74,accepted,-42.7,-1.37,571,727,9,1,0,map_accept,0.98,-40.5,-35.1,6,2,14.0
656,1790599366.9163387,0.1692,-0.4261,80.3,-2.10,7.1,-4.71,0.72,accepted,-19.8,-1.04,601,731,9,1,0,map_accept,0.97,-27.1,32.8,6,2,14.0
657,1790599366.98161,0.1660,-0.4231,104.5,-12.51,12.2,-4.32,0.69,accepted,14.5,1.11,464,721,8,1,0,map_hold,0.96,16.4,245.3,6,1,14.0
658,1790599367.0479543,0.1664,-0.4500,80.4,1.38,34.2,-2.84,0.69,accepted,62.8,4.23,505,722,9,1,0,map_accept,0.96,47.0,42.4,6,2,14.0
659,1790599367.1200354,0.1668,-0.4675,144.6,-29.58,44.3,-2.41,0.70,accepted,28.8,1.23,617,708,9,1,0,map_accept,0.96,18.7,-2.3,6,3,14.0
660,1790599367.1907387,0.1662,-0.4789,-36.3,32.46,49.8,-2.05,0.69,accepted,15.7,1.05,634,702,9,1,0,map_accept,0.97,8.9,19.7,6,2,14.0
661,1790599367.254595,0.1660,-0.4863,28.6,34.68,54.2,-1.55,0.69,accepted,12.7,1.41,465,706,9,1,0,map_accept,0.97,7.4,42.4,6,2,14.0
662,1790599367.3193672,0.1657,-0.4911,84.5,-4.35,60.4,-1.14,0.69,accepted,17.8,1.18,469,716,9,1,0,map_accept,0.96,13.9,58.9,6,1,14.0
663,1790599367.3863332,0.1651,-0.4942,12.4,26.83,65.3,-1.04,0.68,accepted,13.8,0.28,479,741,9,1,0,map_accept,0.96,14.0,103.0,6,1,14.0
664,1790599367.4537485,0.1639,-0.4962,143.9,-21.41,62.4,-1.42,0.67,accepted,-8.3,-1.07,479,740,9,1,0,map_accept,0.96,-3.1,22.2,6,1,14.0
665,1790599367.5193455,0.1603,-0.4975,141.7,-33.87,46.7,-2.28,0.64,accepted,-44.9,-2.47,474,752,8,1,0,map_accept,0.95,-39.8,61.2,5,0,14.0
666,1790599367.5853133,0.1578,-0.4984,164.5,-25.43,24.7,-3.94,0.62,accepted,-62.7,-4.74,479,718,8,1,0,map_accept,0.95,-63.3,-90.2,6,3,14.0
667,1790599367.6507788,0.1539,-0.4990,140.2,-9.69,40.1,-1.97,0.58,accepted,43.8,5.63,458,746,8,1,0,map_accept,0.95,32.6,117.2,6,0,14.0
668,1790599367.7154064,0.1535,-0.4993,119.6,-1.62,48.1,-1.02,0.58,accepted,22.9,2.73,470,750,8,1,0,map_accept,0.94,10.5,55.1,6,1,14.0
669,1790599367.7787151,0.1544,-0.4996,145.6,-7.76,55.7,-0.26,0.59,accepted,21.7,2.18,485,762,8,1,0,map_accept,0.94,7.6,92.1,6,1,14.0
670,1790599367.8483748,0.1584,-0.4997,152.3,-12.70,72.8,0.99,0.62,accepted,48.8,3.57,483,744,9,1,0,map_accept,0.95,34.4,3.3,7,4,14.0
671,1790599367.9127789,0.1579,-0.4998,119.0,-0.00,87.4,1.79,0.62,accepted,41.7,2.28,488,730,8,1,0,map_accept,0.94,31.9,17.5,7,4,14.0
672,1790599367.9755013,0.1577,-0.4999,169.8,-13.58,95.6,2.07,0.62,accepted,23.6,0.80,472,730,8,1,0,map_accept,0.94,21.0,68.3,7,3,14.0
673,1790599368.0486019,0.1571,-0.4999,68.5,15.52,95.2,1.62,0.61,accepted,-1.1,-1.29,465,712,8,1,0,map_accept,0.93,2.2,13.0,7,3,14.0
674,1790599368.1138904,0.1602,-0.4999,105.3,6.03,92.2,0.94,0.64,accepted,-8.7,-1.95,513,700,9,1,0,map_accept,0.94,-3.0,39.7,7,4,14.0
675,1790599368.1770272,0.1612,-0.5000,110.9,9.38,90.1,0.41,0.65,accepted,-5.9,-1.51,489,676,8,1,0,map_hold,0.94,24.0,-38.6,7,0,14.0
676,1790599368.2434466,0.1608,-0.5000,140.4,-9.73,88.3,0.07,0.64,accepted,-5.1,-0.96,499,653,8,1,0,map_hold,0.94,17.5,-28.3,7,0,14.0
677,1790599368.310468,0.1635,-0.5000,132.7,-4.32,87.1,-0.13,0.67,accepted,-3.4,-0.58,481,632,9,1,0,map_hold,0.94,-55.4,249.6,7,2,14.0
678,1790599368.3796136,0.1674,-0.5000,112.1,12.39,59.0,-1.28,0.70,accepted,-80.4,-3.27,524,665,10,1,0,map_accept,0.96,-79.0,169.7,7,3,14.0
679,1790599368.4540877,0.1676,-0.5000,100.7,-2.77,63.2,-1.18,0.71,accepted,11.9,0.27,482,649,9,1,0,map_hold,0.96,30.1,9.0,7,0,14.0
680,1790599368.5178888,0.1701,-0.5000,156.7,-18.07,78.1,-0.24,0.73,accepted,42.6,2.70,497,654,10,1,0,map_accept,0.97,27.8,63.5,7,4,14.0
681,1790599368.5833461,0.1717,-0.5000,107.9,-4.92,89.2,0.55,0.74,accepted,31.9,2.25,506,663,10,1,0,map_accept,0.98,19.1,67.4,7,4,14.0
682,1790599368.6517885,0.1726,-0.5000,78.4,4.18,93.5,0.34,0.75,accepted,12.3,-0.61,512,673,10,1,0,map_accept,0.98,2.4,56.6,7,4,14.0
683,1790599368.718196,0.1729,-0.5000,28.8,16.35,100.6,0.86,0.75,accepted,20.2,1.50,490,700,10,1,0,map_accept,0.99,15.1,112.2,7,2,14.0
684,1790599368.781127,0.1695,-0.5000,102.5,-5.41,106.7,1.08,0.72,accepted,17.4,0.62,473,744,9,1,0,map_accept,0.98,19.2,168.1,7,0,14.0
685,1790599368.848989,0.1680,-0.5000,74.1,4.65,95.6,-0.82,0.71,accepted,-31.7,-5.41,514,737,10,1,0,map_accept,0.99,-23.1,9.8,7,3,14.0
686,1790599368.925734,0.1685,-0.5000,1.5,22.28,82.8,-1.44,0.71,accepted,-36.6,-1.79,506,745,10,1,0,map_accept,0.99,-23.4,69.7,7,2,14.0
687,1790599369.0061536,0.1636,-0.5000,71.8,2.87,55.7,-3.24,0.67,accepted,-77.3,-5.14,460,719,9,1,0,map_accept,0.98,-67.6,-41.9,7,3,14.0
688,1790599369.0752952,0.1669,-0.5000,49.2,11.20,66.0,-2.21,0.70,accepted,29.3,2.96,478,748,10,1,0,map_accept,0.98,29.1,138.2,7,1,14.0
689,1790599369.1446774,0.1660,-0.5000,104.6,-0.56,64.7,-2.26,0.69,accepted,-3.8,-0.16,441,733,9,1,0,map_hold,0.97,-29.2,-5.1,7,0,14.0
690,1790599369.215153,0.1680,-0.5000,41.5,17.73,52.4,-2.42,0.71,accepted,-34.9,-0.45,492,726,10,1,0,map_accept,0.98,-30.9,31.6,7,2,14.0
691,1790599369.283734,0.1690,-0.5000,50.5,13.69,43.9,-2.64,0.72,accepted,-24.4,-0.64,500,729,10,1,0,map_accept,0.98,-24.2,69.0,7,2,14.0
692,1790599369.3498518,0.1702,-0.5000,63.4,7.71,43.6,-2.53,0.73,accepted,-0.9,0.32,488,706,10,1,0,map_accept,0.99,-4.4,-17.6,7,4,14.0
693,1790599369.4140027,0.1711,-0.5000,85.4,3.94,46.3,-2.02,0.74,accepted,7.9,1.46,492,698,10,1,0,map_accept,0.99,3.1,25.7,7,3,14.0
694,1790599369.4842892,0.1716,-0.5000,93.2,-4.51,48.5,-1.80,0.74,accepted,6.2,0.63,455,701,10,1,0,map_accept,0.99,0.9,53.5,7,2,14.0
695,1790599369.5524492,0.1720,-0.5000,100.8,-0.01,51.7,-1.15,0.75,accepted,9.0,1.86,470,711,10,1,0,map_accept,0.99,3.5,66.8,7,2,14.0
696,1790599369.6181467,0.1721,-0.5000,133.8,-15.32,56.8,-0.89,0.75,accepted,14.8,0.74,487,723,10,1,0,map_accept,0.99,8.5,80.0,7,2,14.0
697,1790599369.6898737,0.1694,-0.5000,60.6,8.73,34.4,-3.09,0.72,accepted,-64.1,-6.29,470,678,10,1,0,map_accept,0.99,-70.7,-100.7,7,5,14.0
698,1790599369.7559867,0.1710,-0.5000,105.3,-6.47,45.6,-2.42,0.74,accepted,31.8,1.93,474,671,10,1,0,map_accept,0.99,18.1,27.8,7,3,14.0
699,1790599369.8195682,0.1724,-0.5000,119.0,-10.82,51.0,-1.97,0.75,accepted,15.4,1.27,452,656,10,1,0,map_accept,0.99,3.3,-1.9,7,4,14.0
700,1790599369.8982718,0.1732,-0.5000,112.5,-10.01,61.0,-1.51,0.76,accepted,28.5,1.32,465,652,10,1,0,map_accept,0.99,17.2,24.3,7,3,14.0
701,1790599369.9639204,0.1708,-0.5000,79.1,0.62,89.3,0.27,0.73,accepted,81.0,5.10,486,643,10,1,0,map_accept,0.99,73.8,2.2,7,5,14.0
702,1790599370.0338476,0.1777,-0.5000,97.8,-6.83,86.8,-0.31,0.80,accepted,-7.3,-1.66,458,648,10,1,0,map_accept,0.99,-4.0,44.9,7,4,14.0
703,1790599370.1036022,0.1747,-0.5000,64.7,8.78,79.8,-0.98,0.77,accepted,-19.8,-1.93,454,663,10,1,0,map_accept,0.99,-13.4,76.5,7,2,14.0
704,1790599370.1729057,0.1736,-0.5000,28.5,20.19,77.1,-1.23,0.76,accepted,-7.8,-0.71,460,675,10,1,0,map_accept,0.99,-0.8,70.4,7,2,14.0
705,1790599370.2462902,0.1727,-0.5000,83.3,-0.16,72.2,-1.34,0.75,accepted,-14.1,-0.32,456,682,10,1,0,map_accept,0.99,-5.2,54.2,7,2,14.0
706,1790599370.3190854,0.1717,-0.5000,76.9,6.63,65.2,-1.68,0.74,accepted,-19.9,-0.95,465,699,10,1,0,map_accept,0.99,-12.1,97.0,7,2,14.0
707,1790599370.388232,0.1713,-0.5000,45.0,22.16,56.6,-1.78,0.74,accepted,-24.7,-0.30,478,700,10,1,0,map_accept,0.99,-20.2,51.6,7,2,14.0
708,1790599370.4613612,0.1715,-0.5000,171.6,-16.25,58.0,-1.46,0.74,accepted,4.2,0.93,477,685,10,1,0,map_accept,0.99,4.2,-1.6,7,4,14.0
709,1790599370.5285647,0.1711,-0.5000,131.7,-7.17,61.6,-0.58,0.74,accepted,10.2,2.49,466,682,10,1,0,map_accept,0.99,8.3,33.5,7,2,14.0
710,1790599370.5940928,0.1719,-0.5000,100.5,4.36,62.8,-0.17,0.74,accepted,3.4,1.19,489,692,10,1,0,map_accept,0.99,-2.2,76.2,7,3,14.0
711,1790599370.6606367,0.1724,-0.5000,111.9,-1.62,77.0,0.63,0.75,accepted,40.5,2.28,486,668,10,1,0,map_accept,0.99,30.6,-36.4,7,4,14.0
712,1790599370.7255888,0.1738,-0.5000,81.9,16.54,92.5,1.47,0.76,accepted,44.3,2.41,514,695,10,1,0,map_accept,0.99,38.0,134.9,7,3,14.0
713,1790599370.7931402,0.1739,-0.5000,94.3,7.99,86.9,1.29,0.76,accepted,-16.0,-0.51,456,680,10,1,0,map_accept,0.99,-16.0,7.7,7,3,14.0
714,1790599370.857555,0.1741,-0.5000,97.2,0.34,85.3,1.41,0.76,accepted,-4.6,0.32,479,657,10,1,0,map_accept,0.99,-4.7,-18.8,7,3,14.0
715,1790599370.9262252,0.1743,-0.5000,95.8,7.35,81.0,1.47,0.77,accepted,-12.3,0.17,482,640,10,1,0,map_accept,0.99,-11.2,-4.2,7,3,14.0
716,1790599370.991567,0.1737,-0.5000,79.3,4.84,81.9,1.83,0.76,accepted,2.5,1.05,470,638,10,1,0,map_accept,0.99,2.3,31.8,7,3,14.0
717,1790599371.0575807,0.1736,-0.5000,73.6,24.62,81.0,2.22,0.76,accepted,-2.4,1.10,469,643,10,1,0,map_accept,0.99,-2.7,51.2,7,3,14.0
718,1790599371.1239324,0.1732,-0.5000,137.0,-19.33,80.3,2.41,0.76,accepted,-2.0,0.54,453,653,10,1,0,map_accept,0.99,-3.5,59.9,7,2,14.0
719,1790599371.1923432,0.1736,-0.5000,106.1,-10.76,84.4,2.57,0.76,accepted,11.7,0.46,430,657,10,1,0,map_accept,0.99,10.8,44.7,7,2,14.0
720,1790599371.256903,0.1739,-0.5000,62.0,4.75,82.4,2.66,0.76,accepted,-5.7,0.26,436,655,10,1,0,map_accept,0.99,-2.9,28.5,7,2,14.0
721,1790599371.3249836,0.1738,-0.5000,77.0,-1.72,76.2,2.25,0.76,accepted,-17.9,-1.18,447,649,10,1,0,map_accept,0.99,-14.2,18.5,7,2,14.0
722,1790599371.3888924,0.1740,-0.5000,113.5,-9.73,69.4,2.08,0.76,accepted,-19.2,-0.47,462,644,10,1,0,map_accept,0.99,-15.6,20.1,7,3,14.0
723,1790599371.452577,0.1734,-0.5000,73.2,3.37,69.0,2.45,0.76,accepted,-1.2,1.04,452,652,10,1,0,map_accept,0.99,-0.4,61.9,7,2,14.0
724,1790599371.5184715,0.1729,-0.5000,96.3,-7.09,68.2,2.38,0.75,accepted,-2.3,-0.17,422,666,10,1,0,map_accept,0.99,-5.7,81.8,7,1,14.0
725,1790599371.584108,0.1728,-0.5000,56.6,7.62,79.7,2.49,0.75,accepted,32.8,0.29,417,670,10,1,0,map_accept,0.99,26.7,52.5,7,1,14.0
726,1790599371.652897,0.1722,-0.5000,75.3,1.67,67.2,1.37,0.75,accepted,-35.7,-3.19,424,612,10,1,0,map_accept,0.99,-36.3,-148.9,7,5,14.0
727,1790599371.7230353,0.1722,-0.5000,69.1,3.86,67.0,0.91,0.75,accepted,-0.5,-1.30,434,605,10,1,0,map_accept,0.99,-1.6,10.4,7,3,14.0
728,1790599371.7910023,0.1727,-0.5000,73.4,1.40,63.7,0.53,0.75,accepted,-9.5,-1.09,442,609,10,1,0,map_accept,0.99,-8.2,43.8,7,3,14.0
729,1790599371.8733475,0.1727,-0.5000,91.7,-7.31,60.3,0.13,0.75,accepted,-9.7,-1.15,440,611,10,1,0,map_accept,0.99,-7.5,32.3,7,3,14.0
730,1790599371.94329,0.1724,-0.5000,92.2,0.60,57.8,-0.08,0.75,accepted,-7.1,-0.61,448,615,10,1,0,map_accept,0.99,-5.1,37.8,7,3,14.0
731,1790599372.006909,0.1719,-0.5000,91.4,-1.42,52.3,-0.09,0.74,accepted,-15.8,-0.01,443,621,10,1,0,map_accept,0.99,-15.3,36.0,7,2,14.0
732,1790599372.0717342,0.1714,-0.5000,79.5,2.62,36.0,-1.32,0.74,accepted,-46.5,-3.51,442,590,10,1,0,map_accept,0.99,-49.4,-89.2,7,3,14.0
733,1790599372.1394906,0.1712,-0.5000,77.6,3.28,49.4,-0.51,0.74,accepted,38.2,2.30,428,638,10,1,0,map_accept,0.99,30.0,172.6,7,1,14.0
734,1790599372.2089162,0.1714,-0.5000,67.8,0.72,45.4,-0.85,0.74,accepted,-11.4,-0.97,423,616,10,1,0,map_accept,0.99,-15.2,-44.9,7,3,14.0
735,1790599372.2751222,0.1710,-0.5000,61.6,10.64,43.0,-0.73,0.74,accepted,-6.9,0.34,374,604,10,1,0,map_accept,0.99,-10.8,-3.1,7,2,14.0
736,1790599372.3417385,0.1707,-0.5000,85.5,-4.39,41.1,-0.74,0.73,accepted,-5.5,-0.02,382,597,10,1,0,map_accept,0.99,-10.6,15.7,7,2,14.0
737,1790599372.4049697,0.1717,-0.5000,83.1,-2.38,44.0,-0.38,0.74,accepted,8.4,1.02,394,578,10,1,0,map_accept,0.99,2.0,-25.1,7,3,14.0
738,1790599372.4735475,0.1719,-0.5000,72.0,1.11,44.7,-0.20,0.74,accepted,2.0,0.51,396,572,10,1,0,map_accept,0.99,-3.8,8.1,7,3,14.0
739,1790599372.5367823,0.1716,-0.5000,50.8,5.78,45.5,-0.25,0.74,accepted,2.3,-0.12,406,581,10,1,0,map_accept,0.99,-2.5,50.6,7,2,14.0
740,1790599372.6050396,0.1715,-0.5000,69.2,-5.39,41.8,-0.17,0.74,accepted,-10.5,0.20,371,596,10,1,0,map_accept,0.99,-13.0,70.9,7,1,14.0
741,1790599372.6701107,0.1714,-0.5000,23.2,14.60,42.9,-0.07,0.74,accepted,2.9,0.30,382,611,10,1,0,map_accept,0.99,1.3,78.9,7,1,14.0
742,1790599372.7376351,0.1698,-0.5000,54.0,-1.92,37.7,-0.50,0.73,accepted,-14.9,-1.24,368,609,10,1,0,map_accept,0.99,-13.9,22.7,7,1,14.0
743,1790599372.8041463,0.1700,-0.5000,59.6,-1.53,30.1,-0.65,0.73,accepted,-21.7,-0.42,370,608,10,1,0,map_accept,0.99,-19.9,27.5,7,1,14.0
744,1790599372.8655672,0.1703,-0.5000,54.4,-5.16,21.5,-1.05,0.73,accepted,-24.6,-1.16,377,620,10,1,0,map_accept,0.99,-25.0,69.0,7,0,14.0
745,1790599372.9322884,0.1711,-0.5000,49.5,-4.96,21.9,-0.96,0.74,accepted,1.3,0.25,385,620,10,1,0,map_accept,0.99,-1.9,39.2,7,2,14.0
746,1790599373.00047,0.1715,-0.5000,5.9,9.20,26.1,-0.65,0.74,accepted,12.1,0.91,390,620,10,1,0,map_accept,0.99,9.4,45.6,7,2,14.0
747,1790599373.0651934,0.1715,-0.5000,3.9,24.46,22.5,-0.63,0.74,accepted,-10.4,0.04,365,604,10,1,0,map_accept,0.99,-11.3,0.5,7,2,14.0
748,1790599373.1319208,0.1722,-0.5000,43.5,2.77,22.0,-0.46,0.75,accepted,-1.5,0.51,366,578,10,1,0,map_accept,0.99,-2.9,-29.3,7,3,14.0
749,1790599373.2004092,0.1720,-0.5000,15.3,6.68,20.4,-0.58,0.75,accepted,-4.5,-0.35,364,568,10,1,0,map_accept,0.99,-5.5,14.5,7,2,14.0
750,1790599373.2662733,0.1714,-0.5000,39.1,-3.21,20.6,-0.17,0.74,accepted,0.6,1.17,355,567,10,1,0,map_accept,0.99,1.1,46.4,7,2,14.0
751,1790599373.3317165,0.1715,-0.4876,30.8,0.58,11.1,-0.55,0.74,accepted,-27.1,-1.09,353,541,10,1,0,map_accept,0.99,-24.8,-28.7,7,4,14.0
752,1790599373.3976533,0.1717,-0.4382,26.3,2.16,3.9,-0.84,0.74,accepted,-20.6,-0.83,354,528,10,1,0,map_accept,0.99,-20.3,7.8,7,3,14.0
753,1790599373.4618855,0.1720,-0.4058,15.6,5.62,3.7,-0.68,0.75,accepted,-0.7,0.45,360,511,10,1,0,map_accept,0.99,-2.3,-9.9,7,3,14.0
754,1790599373.5265486,0.1721,-0.3717,34.5,0.99,1.3,-0.72,0.75,accepted,-6.7,-0.10,358,502,10,1,0,map_accept,0.99,-8.0,8.7,7,3,14.0
755,1790599373.6008837,0.1719,-0.3505,28.4,2.50,1.3,-0.54,0.74,accepted,-0.1,0.51,348,500,10,1,0,map_accept,0.99,-0.8,24.8,7,3,14.0
756,1790599373.6659262,0.1717,-0.3446,27.4,2.97,2.6,-0.40,0.74,accepted,3.7,0.40,353,506,10,1,0,map_accept,0.98,4.6,42.0,7,2,14.0
757,1790599373.7327905,0.1719,-0.3137,43.6,-2.46,-2.2,-0.50,0.74,accepted,-13.9,-0.28,350,518,10,1,0,map_accept,0.99,-10.9,58.3,7,2,14.0
758,1790599373.796834,0.1707,-0.2583,30.1,0.48,-8.8,-0.38,0.73,accepted,-18.8,0.32,362,528,10,1,0,map_accept,0.99,-16.7,52.3,7,2,14.0
759,1790599373.859941,0.1707,-0.1843,18.4,5.72,-15.8,-0.34,0.73,accepted,-19.9,0.14,349,540,10,1,0,map_accept,0.99,-21.8,64.4,7,1,14.0
760,1790599373.9259305,0.1713,-0.1198,27.8,-0.91,-19.2,-0.11,0.74,accepted,-9.7,0.65,345,552,10,1,0,map_accept,0.99,-16.1,72.3,7,0,14.0
761,1790599373.9935844,0.1718,-0.1119,27.7,-1.71,-13.4,0.54,0.74,accepted,16.4,1.84,341,543,10,1,0,map_accept,0.99,6.5,8.2,7,2,14.0
762,1790599374.057991,0.1720,-0.1368,23.6,-0.84,-8.5,1.02,0.75,accepted,14.2,1.40,343,536,10,1,0,map_accept,0.98,4.8,20.9,7,2,14.0
763,1790599374.1401412,0.1725,-0.1911,25.3,-1.45,-2.2,1.60,0.75,accepted,18.0,1.65,344,522,10,1,0,map_accept,0.99,10.5,-1.6,7,3,14.0
764,1790599374.254208,0.1731,-0.2498,27.5,-1.19,1.7,1.95,0.76,accepted,11.2,0.99,354,516,10,1,0,map_accept,0.99,6.8,17.6,7,3,14.0
765,1790599374.3263488,0.1735,-0.2936,24.2,-0.54,2.4,2.22,0.76,accepted,2.0,0.77,362,514,10,1,0,map_accept,0.98,0.3,27.2,7,3,14.0
766,1790599374.3914776,0.1732,-0.3260,24.9,-0.99,2.9,2.45,0.76,accepted,1.3,0.66,351,515,10,1,0,map_accept,0.98,1.3,35.5,7,3,14.0
767,1790599374.4546278,0.1728,-0.3438,-0.5,6.86,2.4,2.35,0.75,accepted,-1.4,-0.28,334,519,10,1,0,map_accept,0.99,-0.3,42.2,7,2,14.0
768,1790599374.5258603,0.1796,-0.3498,-15.9,17.60,1.5,2.27,0.81,accepted,-2.7,-0.23,340,525,10,1,0,map_accept,0.99,-0.3,51.0,7,2,14.0
769,1790599374.5936975,0.1768,-0.3551,34.1,-3.08,1.7,2.26,0.79,accepted,0.8,-0.04,348,531,10,1,0,map_accept,0.99,3.6,55.1,7,2,14.0
770,1790599374.6567237,0.1750,-0.3562,21.5,1.53,1.0,2.57,0.77,accepted,-2.2,0.89,340,531,10,1,0,map_accept,0.99,1.2,38.7,7,2,14.0
771,1790599374.720161,0.1740,-0.3637,7.9,7.79,1.8,2.88,0.76,accepted,2.5,0.88,348,535,10,1,0,map_accept,0.99,4.3,56.6,7,2,14.0
772,1790599374.786984,0.1732,-0.3658,1.7,11.96,1.3,2.94,0.76,accepted,-1.6,0.18,358,535,10,1,0,map_accept,0.98,-1.7,44.1,7,2,14.0
773,1790599374.850085,0.1736,-0.3600,20.9,9.89,0.1,2.79,0.76,accepted,-3.3,-0.44,368,536,10,1,0,map_accept,0.98,-5.4,48.2,7,2,14.0
774,1790599374.9123697,0.1743,-0.4090,49.6,-8.03,9.7,3.31,0.77,accepted,27.4,1.51,344,526,10,1,0,map_accept,0.99,23.8,11.9,7,3,14.0
775,1790599374.976267,0.1741,-0.4409,46.3,-6.16,14.9,3.76,0.76,accepted,14.8,1.28,352,520,10,1,0,map_accept,0.99,14.3,18.5,7,3,14.0
776,1790599375.0402188,0.1736,-0.4616,25.5,0.14,14.6,3.87,0.76,accepted,-0.9,0.31,347,521,10,1,0,map_accept,0.99,1.1,38.4,7,2,14.0
777,1790599375.103063,0.1812,-0.4750,-8.9,19.84,13.9,4.04,0.83,accepted,-1.8,0.48,373,527,10,1,0,map_accept,0.99,1.5,50.2,7,3,14.0
778,1790599375.1691856,0.1775,-0.4838,53.3,-14.63,13.1,4.20,0.80,accepted,-2.4,0.46,342,535,10,1,0,map_accept,0.99,1.6,58.4,7,1,14.0
779,1790599375.234237,0.1751,-0.4894,33.6,-3.55,12.5,4.28,0.77,accepted,-1.6,0.22,334,543,10,1,0,map_accept,0.99,2.4,63.0,7,1,14.0
780,1790599375.2988255,0.1736,-0.4931,23.2,7.45,13.0,4.81,0.76,accepted,1.5,1.54,348,558,10,1,0,map_accept,0.99,5.2,82.7,7,1,14.0
781,1790599375.3648481,0.1731,-0.4955,42.2,0.44,7.4,4.90,0.76,accepted,-16.0,0.25,357,553,10,1,0,map_accept,0.99,-12.9,23.9,7,2,14.0
782,1790599375.4293659,0.1727,-0.4813,41.4,-1.13,4.3,5.04,0.75,accepted,-8.9,0.40,349,554,10,1,0,map_accept,0.99,-9.2,45.8,7,2,14.0
783,1790599375.4899049,0.1721,-0.4566,13.3,11.76,1.3,5.17,0.75,accepted,-8.6,0.37,360,565,10,1,0,map_accept,0.98,-11.4,76.6,7,2,14.0
784,1790599375.5620518,0.1714,-0.4384,15.5,9.96,0.7,5.39,0.74,accepted,-1.8,0.62,364,573,10,1,0,map_accept,0.98,-6.3,66.4,7,2,14.0
785,1790599375.6308827,0.1711,-0.4270,45.1,-10.78,0.9,5.28,0.74,accepted,0.6,-0.30,370,582,10,1,0,map_accept,0.99,-4.4,70.2,7,2,14.0
786,1790599375.691626,0.1710,-0.4456,37.9,-8.85,5.3,5.63,0.74,accepted,12.6,1.00,358,578,10,1,0,map_accept,0.99,8.0,24.2,7,2,14.0
787,1790599375.7542927,0.1712,-0.4647,39.1,-10.39,8.6,5.86,0.74,accepted,9.5,0.66,366,586,10,1,0,map_accept,0.99,5.9,63.0,7,2,14.0
788,1790599375.8198054,0.1712,-0.4770,25.5,-8.73,9.1,5.65,0.74,accepted,1.4,-0.60,372,598,10,1,0,map_accept,0.99,-1.0,82.4,7,2,14.0
789,1790599375.882345,0.1716,-0.4843,0.2,1.45,6.4,5.62,0.74,accepted,-7.6,-0.08,359,625,10,1,0,map_accept,0.99,-8.9,136.7,7,0,14.0
790,1790599375.9476664,0.1723,-0.4898,38.3,-5.40,14.7,5.90,0.75,accepted,23.6,0.81,364,616,10,1,0,map_accept,0.99,21.8,28.2,7,2,14.0
791,1790599376.013174,0.1729,-0.4933,22.4,-6.66,16.3,5.62,0.75,accepted,4.6,-0.80,369,601,10,1,0,map_accept,0.99,7.5,11.6,7,2,14.0
792,1790599376.0783753,0.1727,-0.4957,-12.2,9.25,19.9,5.59,0.75,accepted,10.2,-0.10,374,600,10,1,0,map_accept,0.99,17.7,59.6,7,2,14.0
793,1790599376.1402085,0.1727,-0.4972,-37.2,22.57,16.9,5.27,0.75,accepted,-8.4,-0.91,380,579,10,1,0,map_accept,0.99,4.4,-5.1,7,2,14.0
794,1790599376.204261,0.1724,-0.4982,-22.0,14.05,10.7,4.49,0.75,accepted,-17.9,-2.21,374,564,10,1,0,map_accept,0.99,-2.8,8.4,7,2,14.0
795,1790599376.2693083,0.1692,-0.4620,6.9,0.78,1.7,3.94,0.72,accepted,-25.7,-1.59,341,552,9,1,0,map_accept,0.98,-10.4,8.9,7,2,14.0
796,1790599376.333212,0.1708,-0.4008,8.9,-1.83,-5.0,3.80,0.73,accepted,-19.2,-0.40,386,545,10,1,0,map_accept,0.98,-6.3,13.0,7,4,14.0
797,1790599376.3970237,0.1719,-0.3359,-10.2,7.66,-9.3,3.58,0.74,accepted,-12.2,-0.61,390,548,10,1,0,map_accept,0.99,-1.9,35.7,7,2,14.0
798,1790599376.462036,0.1719,-0.2864,23.3,-4.33,-10.3,3.25,0.74,accepted,-2.7,-0.95,402,555,10,1,0,map_accept,0.99,5.3,41.0,7,2,14.0
799,1790599376.5283139,0.1717,-0.2579,-21.7,8.26,-9.4,3.08,0.74,accepted,2.5,-0.49,407,566,10,1,0,map_accept,0.99,9.9,48.8,7,2,14.0
800,1790599376.5949037,0.1710,-0.2228,30.0,-5.74,-12.0,2.72,0.74,accepted,-7.4,-1.03,372,584,10,1,0,map_accept,0.99,0.5,68.3,7,1,14.0
801,1790599376.6604128,0.1722,-0.1787,35.8,-6.16,-16.2,3.12,0.75,accepted,-12.0,1.14,378,607,10,1,0,map_accept,0.99,-4.7,83.0,7,1,14.0
802,1790599376.723324,0.1730,-0.1275,27.6,-3.30,-20.0,2.94,0.75,accepted,-10.8,-0.53,385,630,10,1,0,map_accept,0.99,-8.6,98.7,7,1,14.0
803,1790599376.7903419,0.1737,-0.0754,31.7,-5.26,-23.0,2.63,0.76,accepted,-8.5,-0.89,393,656,10,1,0,map_accept,0.99,-10.5,128.4,7,1,14.0
804,1790599376.8549483,0.1736,-0.0315,38.1,-9.18,-24.6,2.54,0.76,accepted,-4.8,-0.25,406,688,10,1,0,map_accept,0.99,-10.2,169.2,7,0,14.0
805,1790599376.918871,0.1742,0.0000,39.8,-9.21,-26.9,2.28,0.77,accepted,-6.4,-0.75,406,669,10,1,0,map_accept,0.99,-14.0,16.3,7,2,14.0
806,1790599376.9815085,0.1746,0.0000,18.8,2.57,-19.4,2.73,0.77,accepted,21.4,1.30,416,628,10,1,0,map_accept,0.99,11.6,-50.8,7,4,14.0
807,1790599377.04641,0.1750,-0.0385,44.2,-11.95,-15.2,3.25,0.77,accepted,11.9,1.49,400,607,10,1,0,map_accept,0.99,3.9,3.8,7,3,14.0
808,1790599377.1127229,0.1748,-0.0753,-12.6,5.42,-13.5,3.62,0.77,accepted,5.0,1.05,418,601,10,1,0,map_accept,0.99,-1.3,42.0,7,3,14.0
809,1790599377.1798482,0.1747,-0.1098,-43.6,12.97,-11.7,3.78,0.77,accepted,5.0,0.46,426,599,10,1,0,map_accept,0.99,-1.0,42.4,7,3,14.0
810,1790599377.2525601,0.1739,-0.1620,24.4,-6.38,-6.6,3.97,0.76,accepted,14.7,0.53,436,597,10,1,0,map_accept,0.99,10.1,29.2,7,3,14.0
811,1790599377.328975,0.1743,-0.2377,-3.3,3.43,0.4,4.48,0.77,accepted,20.1,1.45,443,610,10,1,0,map_accept,0.99,19.3,68.9,7,3,14.0
812,1790599377.3982875,0.1708,-0.2932,-40.8,10.00,1.7,4.39,0.73,accepted,3.6,-0.24,395,634,9,1,0,map_accept,0.98,8.5,109.8,7,2,14.0
813,1790599377.4701786,0.1718,-0.3057,-31.4,12.63,-2.3,4.12,0.74,accepted,-11.4,-0.78,423,641,10,1,0,map_accept,0.99,-1.8,59.4,7,2,14.0
814,1790599377.5372772,0.1715,-0.2646,8.4,-4.58,-10.1,3.10,0.74,accepted,-22.2,-2.91,431,631,10,1,0,map_accept,0.99,-10.1,10.4,7,3,14.0
815,1790599377.609874,0.1684,-0.1837,-23.2,5.07,-22.6,2.63,0.71,accepted,-35.7,-1.34,379,632,9,1,0,map_accept,0.98,-21.3,45.7,7,2,14.0
816,1790599377.6799946,0.1677,-0.1599,23.2,-6.76,-15.3,3.80,0.71,accepted,20.8,3.36,392,598,9,1,0,map_accept,0.97,31.4,-67.5,7,5,14.0
817,1790599377.749032,0.1687,-0.1191,8.0,-7.57,-19.5,3.55,0.72,accepted,-12.0,-0.73,391,583,9,1,0,map_hold,0.97,-2.7,-58.6,7,0,14.0
818,1790599377.8179033,0.1686,-0.0718,3.1,-3.12,-23.0,3.44,0.71,accepted,-10.1,-0.32,408,569,9,1,0,map_hold,0.96,3.0,-17.6,7,0,14.0
819,1790599377.8839695,0.1683,-0.0247,-5.8,4.52,-25.8,3.39,0.71,accepted,-8.0,-0.14,410,556,9,1,0,map_hold,0.96,-5.3,-1.3,7,0,14.0
820,1790599377.9501076,0.1707,0.0000,-21.1,7.82,-26.2,3.57,0.73,accepted,-1.2,0.53,413,547,10,1,0,map_accept,0.97,4.8,10.7,7,4,14.0
821,1790599378.0190065,0.1719,0.0204,2.7,-3.62,-25.8,3.79,0.74,accepted,1.2,0.61,426,548,10,1,0,map_accept,0.98,6.0,36.0,7,4,14.0
822,1790599378.0911796,0.1725,0.0472,17.4,-9.51,-28.1,3.80,0.75,accepted,-6.7,0.05,434,555,10,1,0,map_accept,0.99,-2.8,48.5,7,4,14.0
823,1790599378.1593418,0.1729,0.0597,-9.9,-2.98,-27.4,4.00,0.75,accepted,2.1,0.57,448,562,10,1,0,map_accept,0.99,3.8,43.3,7,3,14.0
824,1790599378.2278311,0.1730,0.0515,-16.0,-4.34,-24.7,4.26,0.75,accepted,7.6,0.74,414,580,10,1,0,map_accept,0.99,10.4,74.2,7,2,14.0
825,1790599378.2961593,0.1731,0.0395,41.4,-19.76,-23.4,4.17,0.76,accepted,3.7,-0.27,423,601,10,1,0,map_accept,0.99,9.6,88.3,7,2,14.0
826,1790599378.36484,0.1731,0.0930,-45.7,5.37,-33.4,3.39,0.76,accepted,-28.6,-2.21,419,602,10,1,0,map_accept,0.99,-18.7,21.2,7,2,14.0
827,1790599378.4314952,0.1733,0.1730,-8.5,-5.79,-43.2,3.17,0.76,accepted,-28.1,-0.64,426,610,10,1,0,map_accept,0.99,-19.4,47.4,7,2,14.0
828,1790599378.4999998,0.1735,0.2530,-15.4,0.53,-52.3,2.91,0.76,accepted,-25.8,-0.75,400,626,10,1,0,map_accept,0.99,-21.0,83.6,7,1,14.0
829,1790599378.574347,0.1738,0.3367,-11.3,-4.67,-58.8,2.29,0.76,accepted,-18.7,-1.75,404,646,10,1,0,map_accept,0.99,-18.9,104.6,7,1,14.0
830,1790599378.651145,0.1739,0.3938,-22.6,-0.43,-57.7,2.29,0.76,accepted,3.3,-0.01,410,652,10,1,0,map_accept,0.99,0.4,74.0,7,1,14.0
831,1790599378.7180283,0.1739,0.4084,-12.5,-2.56,-47.7,3.14,0.76,accepted,28.4,2.43,416,640,10,1,0,map_accept,0.99,25.4,28.5,7,3,14.0
832,1790599378.787155,0.1734,0.4267,-14.9,1.04,-49.1,3.07,0.76,accepted,-4.0,-0.21,395,602,10,1,0,map_accept,0.99,-4.5,-52.8,7,4,14.0
833,1790599378.8547585,0.1736,0.4345,32.6,-12.47,-48.3,3.06,0.76,accepted,2.4,-0.03,391,580,10,1,0,map_accept,0.99,0.8,-13.2,7,3,14.0
834,1790599378.9223077,0.1739,0.4074,-10.3,2.17,-42.9,3.51,0.76,accepted,15.5,1.27,393,568,10,1,0,map_accept,0.99,13.1,13.2,7,3,14.0
835,1790599378.9862285,0.1742,0.3622,-10.0,3.96,-38.3,3.93,0.77,accepted,13.1,1.23,393,566,10,1,0,map_accept,0.99,11.0,30.9,7,2,14.0
836,1790599379.0537386,0.1742,0.3184,4.3,-4.28,-35.6,3.89,0.77,accepted,7.5,-0.14,400,570,10,1,0,map_accept,0.99,5.7,38.9,7,2,14.0
