frame,time_s,bottom_x,bottom_width,median_width,processing_ms,weed_pressure
0,0.0,842.5,490.0,343.75,456.39035099884495,0.3501150173611111
1,0.033359742660126535,842.5,490.0,331.0,404.2944809771143,0.35009874131944446
2,0.06671948532025307,842.5,490.0,331.15000000000003,444.1080830292776,0.3508485243055556
3,0.10007922798037962,842.5,490.0,330.46000000000004,429.50825998559594,0.3499685329861111
4,0.13343897064050614,840.25,488.5000000000001,326.884,429.075054009445,0.35171006944444444
5,0.16679871330063267,838.6,486.40000000000015,329.50359999999995,434.9926069844514,0.3539181857638889
6,0.20015845596075924,837.1899999999999,484.06000000000006,320.36464,428.06241603102535,0.35574001736111116
7,0.23351819862088577,834.376,481.624,319.04595200000006,445.8023650222458,0.35619791666666667
8,0.2668779412810123,832.5004,479.1496000000001,317.3683808,398.5377409844659,0.3581391059027778
9,0.3002376839411388,831.75016,478.15984000000014,317.44735232000005,426.19895900134,0.3610373263888889
10,0.33359742660126535,831.450064,477.76393600000006,317.47894092800004,445.2789970091544,0.3616265190972222
11,0.36695716926139194,831.3300256,477.6055744,314.72678461439995,440.49031601753086,0.36379231770833337
12,0.40031691192151847,832.0320102400001,476.04222976000005,315.64071384576,457.8601400135085,0.36483832465277777
13,0.433676654581645,832.312804096,475.41689190400007,316.1721991976961,446.6626250068657,0.37571831597222227
14,0.46703639724177154,833.9251216384,475.1667567615999,314.40641285939205,447.42084899917245,0.37721788194444444
15,0.500396139901898,834.5700486553599,475.06670270463985,314.7625651437568,408.6921439738944,0.37875542534722223
16,0.5337558825620246,834.828019462144,475.0266810818559,314.49273903527524,391.4242220344022,0.3707942708333334
17,0.5671156252221511,837.1812077848575,476.51067243274235,309.5470956141101,402.7605869923718,0.38021375868055557
18,0.6004753678822776,838.872483113943,478.60426897309696,305.461267355588,470.5018330132589,0.37685112847222224
19,0.6338351105424042,841.0489932455772,479.44170758923883,305.9345069422352,459.3406349886209,0.3755609809027778
20,0.6671948532025307,842.6695972982309,481.2766830356955,302.25925825317233,443.0759549723007,0.37600260416666664
21,0.7005545958626572,844.8178389192924,482.0106732142783,301.65370330126893,437.38312198547646,0.3760232204861111
22,0.7339143385227839,846.427135567717,483.8042692857113,302.9114813205076,451.0266619618051,0.37712782118055554
23,0.7672740811829104,848.5708542270868,484.52170771428456,302.6645925282031,466.1402080091648,0.3791004774305556
24,0.8006338238430369,844.9283416908347,475.8086830857138,302.56583701128136,446.0114780231379,0.3785319010416667
25,0.8339935665031635,844.2213366763339,470.8234732342854,302.52633480451254,421.44401697441936,0.3793956163194444
26,0.86735330916329,843.9385346705336,468.82938929371403,303.0300522192365,425.7241239538416,0.38042317708333334
27,0.9007130518234165,845.3254138682134,468.03175571748557,304.2120208876947,450.59118198696524,0.3806076388888889
28,0.9340727944835431,846.6301655472854,469.2127022869943,304.68480835507785,424.488986027427,0.38026041666666666
29,0.9674325371436696,846.4020662189142,465.1850809147977,303.89502867249035,460.6163869611919,0.38185329861111106
30,1.000792279803796,847.0608264875657,465.07403236591915,305.6995693368124,424.74432301241904,0.3809331597222222
31,1.0341520224639227,848.0743305950263,463.5296129463677,306.7798277347249,423.3595890109427,0.3813172743055556
32,1.067511765124049,849.9797322380106,462.9118451785471,307.2119310938899,405.23513400694355,0.38095160590277777
33,1.1008715077841758,851.4918928952043,464.1647380714188,307.72438869428584,418.4386959532276,0.3778515625
34,1.1342312504443022,852.8467571580816,463.16589522856754,307.5678279484779,404.57688097376376,0.37824110243055553
35,1.1675909931044288,853.3887028632328,462.76635809142704,308.78313658665974,417.608848947566,0.38918511284722224
36,1.2009507357645552,853.6054811452931,462.6065432365709,308.76325463466395,475.9500150103122,0.38859266493055555
37,1.234310478424682,854.4421924581172,461.04261729462837,309.5788934048748,452.24605803377926,0.38928819444444446
38,1.2676702210848083,854.0268769832469,458.9170469178514,317.7512043719196,462.93586801039055,0.3903059895833333
39,1.301029963744935,853.8607507932988,458.0668187671405,318.7751531091782,471.83651104569435,0.39229058159722224
40,1.3343897064050614,853.0443003173195,456.22672750685615,313.65430423553653,488.5282059549354,0.3935112847222222
41,1.367749449065188,852.7177201269278,455.4906910027424,313.5641024723229,460.7307729893364,0.3917947048611111
42,1.4011091917253145,852.5870880507711,452.19627640109695,315.157436496933,500.1077029737644,0.39380859375
43,1.434468934385441,852.5348352203084,450.8785105604387,315.7282962766741,464.69283098122105,0.3922808159722222
44,1.4678286770455677,851.7639340881235,451.85140422417544,315.2913185106696,498.6964109702967,0.3926475694444444
45,1.5011884197056942,851.4555736352495,452.24056168967013,315.11652740426774,441.7927380418405,0.39358289930555557
46,1.5345481623658208,855.0822294540999,447.896224675868,315.7966109617072,467.6433309796266,0.3945757378472223
47,1.5679079050259472,854.2828917816399,447.6584898703471,316.7893452054387,481.0303430422209,0.3944639756944444
48,1.6012676476860739,856.213156712656,443.06339594813886,317.47105775958414,472.64405398163944,0.39459309895833333
49,1.6346273903462003,844.9852626850624,414.2253583792555,317.4884231038337,468.05604302790016,0.39386935763888886
50,1.667987133006327,841.244105074025,401.1901433517022,317.4953692415336,490.5902709579095,0.39540798611111105
51,1.7013468756664534,840.49764202961,394.47605734068077,317.49814769661356,449.45410796208307,0.39513020833333334
52,1.73470661832658,840.199056811844,388.79042293627236,317.4992590786455,463.7059880187735,0.3903407118055556
53,1.7680663609867064,840.0796227247374,386.51616917450883,316.74970363145826,447.5398249924183,0.3934299045138888
54,1.801426103646833,840.781849089895,384.10646766980335,317.1998814525833,458.33060902077705,0.3938585069444444
55,1.8347858463069595,840.312739635958,381.6425870679212,311.6896840850062,475.2005999907851,0.3933485243055556
56,1.8681455889670862,840.8750958543833,379.1570348271685,309.9258736340025,501.8426169990562,0.39306315104166667
57,1.9015053316272126,841.1000383417534,378.1628139308674,308.74030665834,501.8406269955449,0.3940733506944445
58,1.9348650742873392,844.1900153367012,377.76512557234696,311.6381397814403,440.33678696723655,0.39188259548611104
59,1.9682248169474656,846.1760061346806,379.1060502289389,313.67209954166947,450.53787698270753,0.40153211805555555
60,2.001584559607592,846.2204024538721,378.14242009157556,315.2188398166677,475.9699050337076,0.4034147135416667
61,2.0349443022677187,846.9881609815488,379.25696803663027,310.97305091824535,506.2697230023332,0.39731770833333335
62,2.0683040449278454,848.0452643926195,381.2027872146521,301.2525931529417,465.52403300302103,0.39935655381944446
63,2.101663787587972,847.7181057570479,383.48111488586096,298.7637215234447,425.94237095909193,0.4021506076388889
64,2.135023530248098,845.3372423028192,385.8924459543445,301.2504149044707,449.0271959803067,0.4068305121527778
65,2.168383272908225,843.6348969211276,388.35697838173786,304.2501659617883,466.3696059724316,0.41148003472222217
66,2.2017430155683515,842.2039587684512,384.84279135269514,306.20006638471534,464.38647096510977,0.4125423177083334
67,2.235102758228478,843.1315835073805,368.43711654107807,301.2704660426505,450.1605980331078,0.40351128472222225
68,2.2684625008886043,846.5026334029523,346.8748466164312,287.00818641706024,466.81862202240154,0.39745551215277775
69,2.301822243548731,847.8510533611808,338.24993864657256,285.05327456682403,481.9749689777382,0.4046180555555555
70,2.3351819862088576,856.6404213444724,318.2999754586291,282.02130982672963,447.8924649883993,0.39524739583333335
71,2.3685417288689843,859.4061685377891,308.8199901834517,277.0585239306919,501.15021102828905,0.3948817274305556
72,2.4019014715291105,851.5124674151156,320.0279960733808,312.79038132394766,501.37296703178436,0.39324435763888893
73,2.435261214189237,848.3549869660462,324.51119842935225,311.1244855599728,500.92388899065554,0.3911024305555555
74,2.468620956849364,847.0919947864184,326.30447937174085,308.9497942239891,520.9639230160974,0.39090603298611115
75,2.5019806995094904,846.5867979145673,327.0217917486963,311.6485844047325,479.67098001390696,0.38986545138888895
76,2.5353404421696166,847.134719165827,328.8087166994786,312.15943376189296,505.9641929692589,0.38281684027777785
77,2.5687001848297433,847.3538876663308,329.5234866797915,312.3637735047572,543.401681992691,0.3848057725694445
78,2.60205992748987,848.1915550665324,331.30939467191666,316.0352579073893,487.07902402384207,0.384287109375
79,2.6354196701499966,848.5266220266129,332.0237578687667,316.6268996685357,515.1811489486136,0.382080078125
80,2.6687794128101228,849.4106488106452,333.80950314750663,316.4007598674143,525.5845229839906,0.3831640625
81,2.7021391554702494,849.7642595242581,334.52380125900265,316.31030394696575,542.7756200078875,0.38189561631944446
82,2.735498898130376,849.9057038097033,334.809520503601,315.5241215787863,531.0044320067391,0.37925564236111114
83,2.7688586407905027,849.9622815238811,334.92380820144047,315.9596486315146,536.1641219933517,0.38069335937499993
84,2.802218383450629,851.4849126095526,331.9695232805762,316.13385945260586,546.7827990069054,0.38023763020833334
85,2.8355781261107555,851.343965043821,335.28780931223037,316.2035437810423,548.094242985826,0.3808995225694445
86,2.868937868770882,851.2875860175284,336.61512372489227,314.8033978890416,510.94478502636775,0.38200412326388894
87,2.902297611431009,851.2650344070113,337.146049489957,314.9515072266489,487.8615079796873,0.3819845920138889
88,2.9356573540911355,862.5060137628045,317.85841979598274,314.5652697734511,493.26916702557355,0.3815516493055555
89,2.9690170967512617,867.7524055051218,308.6433679183929,309.5761079093804,479.49969000183046,0.38162868923611115
90,3.0023768394113883,869.8509622020487,304.9573471673573,306.83044316375225,525.4071899689734,0.3826540798611111
91,3.035736582071515,871.4403848808195,301.98293886694273,304.98217726550075,468.5056860325858,0.3827083333333333
92,3.0690963247316416,860.0761539523278,324.7931755467769,312.36375471775347,485.93664600048214,0.383046875
93,3.102456067391768,859.2804615809312,323.41727021871066,311.69550188710133,499.11013699602336,0.3837250434027778
94,3.1358158100518945,855.2121846323723,333.36690808748426,321.7472876834176,523.1172919739038,0.3834147135416667
95,3.169175552712021,853.5848738529489,337.3467632349937,337.37802398414567,476.1523900087923,0.38411458333333337
96,3.2025352953721478,852.9339495411796,338.9387052939975,339.46935264688665,474.08173501025885,0.38457899305555554
97,3.235895038032274,852.6735798164718,339.575482117599,339.78774105875465,511.44045899854973,0.38509874131944444
98,3.2692547806924006,864.5694319265887,315.83019284703965,331.882894840783,481.66532203322276,0.37459309895833337
99,3.3026145233525273,863.3277727706354,315.332077138816,335.2531579363132,458.92923400970176,0.38620659722222217
100,3.335974266012654,854.5811091082542,331.6328308555263,337.0701018071193,494.674195011612,0.38645507812499996
101,3.36933400867278,848.8324436433016,339.6531323422104,341.0780407228476,510.7988549862057,0.38653537326388887
102,3.4026937513329067,844.2829774573206,341.3612529368842,329.9556414048177,511.48920599371195,0.3873285590277778
103,3.4360534939930334,840.9631909829284,345.0445011747537,331.80824915220825,508.9654109906405,0.3766330295138889
104,3.46941323665316,838.8852763931714,345.0178004699015,332.2232996608833,551.6210569767281,0.37569335937500004
105,3.5027729793132862,850.0541105572686,318.0071201879605,329.7850853491729,666.0106170456856,0.37421983506944445
106,3.536132721973413,849.2716442229073,317.7028480751842,329.9140341396692,644.8491619667038,0.3790755208333333
107,3.5694924646335395,848.9586576891629,317.5811392300736,330.7156136558676,761.2336970050819,0.3762337239583333
108,3.602852207293666,845.8334630756651,320.53245569202943,326.35873469289913,776.6288309940137,0.374306640625
109,3.6362119499537924,843.8333852302661,320.2129822768117,327.0114311430773,568.8692740513943,0.38099609375
110,3.669571692613919,840.7833540921064,315.5851929107246,328.0545724572309,590.5235020327382,0.3694292534722222
111,3.7029314352740457,838.8133416368424,312.23407716428983,312.27695900929996,562.8264829865657,0.37525933159722225
112,3.7362911779341723,835.025336654737,310.893630865716,312.653215432858,608.8680950342678,0.3787760416666667
113,3.7696509205942985,834.2601346618949,311.85745234628644,311.81128617314323,607.6180720119737,0.37228407118055556
114,3.803010663254425,833.954053864758,312.2429809385146,310.12835157050324,593.9279980375431,0.37322048611111114
115,3.836370405914552,833.8316215459032,312.39719237540584,311.039805787703,646.852451027371,0.37079427083333333
116,3.8697301485746785,833.7826486183612,312.4588769501622,311.91592231508116,600.2253210172057,0.3696723090277778
117,3.9030898912348047,825.5130594473445,364.983550780065,319.5736865005122,525.4365259897895,0.36889322916666667
118,3.9364496338949313,822.2052237789377,385.99342031202605,318.74327944315155,523.5038570244797,0.37158637152777774
119,3.969809376555058,821.6320895115751,395.8973681248103,322.18178984008205,504.62992500979453,0.371708984375
120,4.003169119215184,822.9028358046301,399.8589472499242,323.87271593603276,497.8127640206367,0.3707389322916667
121,4.036528861875311,824.9111343218522,401.4435788999698,322.29908637441304,454.33715399121866,0.3744303385416667
122,4.069888604535437,827.2144537287409,402.077431559988,323.1696345497653,543.2240929803811,0.37724609375
123,4.103248347195564,830.3857814914963,403.8309726239952,324.26785381990607,470.9582270006649,0.37747938368055556
124,4.136608089855691,835.4043125965985,403.0323890495981,322.44251119895296,469.42221897188574,0.3787141927083333
125,4.169967832515817,829.9117250386394,381.71295561983925,322.0792344422513,442.64857203233987,0.38137478298611105
126,4.203327575175944,832.2146900154559,370.1851822479357,325.33169377690047,468.49812800064683,0.3820084635416667
127,4.23668731783607,845.1358760061822,350.5740728991742,333.62958381773876,448.903821001295,0.3832052951388889
128,4.270047060496196,852.5543504024729,347.22962915966974,337.45183352709546,435.40337798185647,0.38595486111111116
129,4.3034068031563235,857.7717401609891,350.3918516638679,346.8423565849078,437.38734698854387,0.3885861545138889
130,4.33676654581645,856.1086960643956,368.1567406655472,348.0908248316163,446.2345310021192,0.3811979166666667
131,4.370126288476577,864.4434784257584,369.26269626621877,353.7958424969521,446.49695296538994,0.37736219618055555
132,4.403486031136703,867.7773913703032,372.70507850648755,352.61315738167826,468.3043619734235,0.3762413194444445
133,4.436845773796829,871.3609565481213,378.582031402595,354.04526295267135,423.22237900225446,0.3767599826388889
134,4.470205516456956,875.0443826192486,385.4328125610381,355.3681051810686,459.28089501103386,0.3783441840277778
135,4.5035652591170825,890.0177530476994,367.1731250244152,358.8972420724275,429.4984900043346,0.380849609375
136,4.536925001777209,886.2571012190797,388.36925000976606,361.808896828971,441.46738800918683,0.38056315104166666
137,4.570284744437336,886.2528404876318,399.8477000039064,362.394153911233,461.36370295425877,0.3777571614583333
138,4.603644487097462,896.0011361950528,396.93908000156256,359.7506979576675,447.82234099693596,0.3789008246527778
139,4.637004229757589,900.6504544780211,403.275632000625,360.33900938522106,458.94510799553245,0.38063585069444444
140,4.670363972417715,890.5101817912084,381.8102528002501,364.6356037540884,459.1423019883223,0.38107421875
141,4.7037237150778415,887.2040727164833,377.72410112010004,367.10424150163533,457.6841060188599,0.3819954427083334
142,4.737083457737969,884.3816290865934,373.08964044803986,367.91405526164414,457.9776899772696,0.38226888020833333
143,4.770443200398095,878.7526516346373,362.235856179216,364.0335411349997,465.49491200130433,0.3824826388888889
144,4.803802943058221,878.0010606538551,360.8943424716863,363.8634164539999,410.84976599086076,0.38301432291666665
145,4.837162685718348,880.700424261542,366.35773698867456,377.1366955491673,420.09069898631424,0.3888758680555555
146,4.870522428378474,882.5301697046168,370.04309479546976,377.35467821966694,406.9505619700067,0.38831163194444446
147,4.903882171038601,886.2620678818467,374.5172379181878,376.0328382383226,430.8001339668408,0.38631944444444444
148,4.937241913698728,890.0048271527387,377.80689516727523,377.663135295329,463.946126983501,0.3856662326388889
149,4.970601656358854,893.0019308610954,382.12275806691014,379.81525411813163,484.5837129978463,0.3909223090277777
150,5.003961399018981,888.9507723444382,367.349103226764,384.74104280417066,407.7294609742239,0.3780870225694445
151,5.037321141679107,891.8303089377753,364.43964129070565,381.85442507569184,467.0678130351007,0.3759483506944445
152,5.070680884339233,896.7321235751101,367.77585651628215,382.9917700302768,447.3294669878669,0.3781901041666667
153,5.10404062699936,907.6928494300439,381.1103426065128,393.2134796769792,492.2675010166131,0.380048828125
154,5.1374003696594865,917.3271397720177,387.94413704260523,395.79337069578673,474.5043399743736,0.38037760416666666
155,5.170760112319614,926.430855908807,395.17765481704214,402.8173482783146,461.317817971576,0.38067165798611113
156,5.20411985497974,934.5723423635229,401.0710619268168,403.3769393113258,447.96789897372946,0.3819715711805556
157,5.237479597639866,941.5789369454092,407.9284247707267,406.4242149249389,438.447764958255,0.3825661892361111
158,5.270839340299993,948.8815747781638,413.6713699082908,408.7157060318921,426.40916199889034,0.38355685763888886
159,5.304199082960119,954.0526299112655,426.4685479633164,414.3532931253347,474.04946404276416,0.38456922743055555
160,5.3375588256202455,957.6210519645063,440.5874191853263,436.4945129651027,468.6311869882047,0.39880316840277785
161,5.370918568280373,956.7984207858024,441.73496767413053,436.4340329145628,447.8652319521643,0.40080946180555554
162,5.404278310940499,934.719368314321,446.6939870696523,436.3236131658251,445.3728289809078,0.40091796874999996
163,5.437638053600626,883.8877473257285,550.6775948278608,479.44876024032044,439.5472169853747,0.4005067274305556
164,5.470997796260752,851.5550989302914,628.2710379311444,480.5295040961282,474.3529910338111,0.40125
165,5.504357538920878,839.3720395721166,657.8084151724578,480.9618016384514,447.0313210040331,0.3974934895833333
166,5.537717281581005,832.2488158288467,665.1233660689832,481.13472065538053,415.3615460381843,0.39370442708333336
167,5.571077024241132,823.3995263315387,659.0493464275933,473.7038882621523,431.37275998014957,0.3920594618055556
168,5.604436766901258,814.6098105326155,649.1197385710373,474.481555304861,452.9202340054326,0.3912749565972222
169,5.637796509561385,811.0939242130462,645.147895428415,469.54262212194453,422.43145196698606,0.39053276909722223
170,5.671156252221511,812.6875696852185,649.559158171366,468.31704884877786,435.90036302339286,0.3900857204861111
171,5.704515994881638,802.0750278740875,625.8236632685464,465.5768195395111,376.59662700025365,0.38888020833333337
172,5.737875737541764,801.580011149635,620.8294653074186,469.73072781580436,413.8320309575647,0.3889919704861111
173,5.771235480201891,804.382004459854,624.8317861229674,469.89229112632177,391.8390130274929,0.38247938368055556
174,5.804595222862018,809.2528017839415,633.932714449187,470.70691645052864,400.21006000461057,0.3809733072916667
175,5.837954965522144,813.4511207135766,642.0730857796747,472.5327665802114,375.553262012545,0.3817035590277778
176,5.871314708182271,818.1304482854307,651.32923431187,474.76310663208454,429.8750529997051,0.38129448784722225
177,5.904674450842397,823.0021793141723,661.0316937247478,471.1552426528338,428.1956659979187,0.38224283854166663
178,5.938034193502523,821.9508717256689,661.912677489899,474.9620970611335,415.4728979920037,0.3827289496527778
179,5.9713939361626505,828.2803486902675,678.7650709959596,477.2348388244533,419.818646972999,0.3836414930555555
180,6.004753678822777,827.812139476107,679.5060283983838,476.6439355297812,392.65653397887945,0.3846495225694444
181,6.038113421482903,827.6248557904428,679.8024113593535,477.9075742119125,420.22124998038635,0.3860687934027778
182,6.07147316414303,827.5499423161772,679.9209645437415,479.163029684765,425.3740709973499,0.3870974392361111
183,6.104832906803156,827.5199769264708,679.9683858174966,481.91521187390595,409.87388300709426,0.38652343749999996
184,6.138192649463283,827.5079907705884,679.9873543269986,486.7660847495624,393.34800699725747,0.3842133246527778
185,6.1715523921234094,827.5031963082354,679.9949417307994,490.2064338998249,367.40337300579995,0.38228515625
186,6.204912134783536,827.5012785232941,679.9979766923198,491.58257355992987,373.2528690015897,0.38212890625
187,6.238271877443663,827.5005114093176,679.999190676928,493.63302942397195,377.22417898476124,0.3814529079861111
188,6.271631620103789,827.500204563727,679.9996762707713,495.2032117695888,378.38798499433324,0.3830110677083333
189,6.304991362763915,827.500081825491,679.9998705083085,488.19753533085174,394.17106698965654,0.3822580295138889
190,6.338351105424042,827.5000327301964,679.9999482033234,487.77901413234065,404.711090028286,0.38106987847222223
191,6.371710848084168,799.0000130920785,691.9999792813293,497.68300555325357,382.537700003013,0.38961480034722223
192,6.4050705907442955,788.3500052368315,695.2999917125317,499.07320222130136,393.86618399294093,0.3898697916666667
193,6.438430333404422,787.8400020947324,695.1199966850128,500.3792808885205,387.9576819599606,0.387138671875
194,6.471790076064548,773.386000837893,684.5479986740052,492.6517123554082,493.425268039573,0.3852994791666666
195,6.505149818724675,772.8544003351573,684.8191994696019,493.31068494216333,378.48802004009485,0.38324761284722225
196,6.538509561384801,767.3917601340629,689.4276797878408,495.0742739768653,372.75029299780726,0.3818728298611111
197,6.571869304044927,766.7067040536251,694.2710719151362,497.2797095907461,404.14746600436047,0.3732964409722222
198,6.6052290467050545,767.9326816214501,699.2084287660545,497.41188383629856,369.76877896813676,0.3722819010416667
199,6.638588789365181,769.1730726485799,702.6833715064217,497.46475353451945,361.5903510362841,0.371279296875
200,6.671948532025308,769.6692290594319,704.0733486025687,497.4889328632404,395.8466500043869,0.3692534722222222
201,6.705308274685434,778.1176916237729,685.1293394410276,497.49557314529613,403.7768080015667,0.3708409288194444
202,6.73866801734556,779.9970766495092,680.5517357764111,497.49822925811844,388.13778199255466,0.3733810763888889
203,6.772027760005687,779.2488306598036,675.7206943105643,497.4992917032474,402.2729740245268,0.3567621527777778
204,6.8053875026658135,778.1995322639215,675.2882777242257,497.499716681299,392.60238502174616,0.36270507812499997
205,6.83874724532594,777.7798129055685,675.1153110896903,500.2111356304775,408.70022104354575,0.36816948784722225
206,6.872106987986067,777.6119251622274,675.046124435876,500.08445425219116,408.14315498573706,0.35990125868055556
207,6.905466730646193,777.5447700648908,675.0184497743503,500.0337817008765,380.39893499808386,0.35984700520833335
208,6.93882647330632,768.5179080259564,642.0073799097402,500.0135126803507,402.8380319941789,0.3606727430555555
209,6.972186215966446,762.6571632103827,630.3029519638961,385.2554050721403,360.7428059913218,0.3495355902777778
210,7.0055459586265725,760.3128652841531,628.6211807855585,339.8591188395266,426.57027702080086,0.36025173611111105
211,7.0389057012867,758.6251461136612,632.4484723142234,321.0719993910149,393.4476950089447,0.3609461805555556
212,7.072265443946826,770.7000584454645,674.4793889256894,313.67879975640597,368.3906059595756,0.3612619357638889
213,7.105625186606953,736.5300233781858,622.2917555702758,306.97653836984676,366.6620630538091,0.36267795138888886
214,7.138984929267079,722.1120093512743,611.9167022281102,304.29061534793874,337.87133800797164,0.36138780381944446
215,7.172344671927205,720.0948037405099,621.266680891244,306.96624613917555,355.8327729697339,0.36138454861111113
216,7.205704414587332,720.0379214962039,632.5066723564977,308.03649845567014,366.70228402363136,0.3623806423611111
217,7.2390641572474586,717.7651685984815,641.5026689425991,309.96459938226803,359.28877600235865,0.3627430555555555
218,7.272423899907585,699.6060674393926,679.6010675770399,312.2358397529072,332.3215519776568,0.3635167100694444
219,7.305783642567712,656.342426975757,631.840427030816,316.1443359011629,404.030748992227,0.35838650173611114
220,7.339143385227838,657.7869707903028,584.2361708123263,318.4577343604652,332.89070799946785,0.36230251736111113
221,7.372503127887965,656.8647883161211,583.1944683249305,320.88309374418606,359.4570109853521,0.36911132812499997
222,7.405862870548091,602.4959153264485,441.7777873299723,319.6032374976744,340.63993801828474,0.3746907552083334
223,7.4392226132082175,581.4983661305794,386.71111493198885,317.59129499906976,295.9628939861432,0.3802745225694445
224,7.472582355868345,572.3493464522318,369.1844459727955,318.2865179996279,323.83214600849897,0.3863888888888889
225,7.505942098528471,566.4397385808927,381.6737783891182,319.31460719985125,299.87178900046274,0.38778428819444444
226,7.539301841188597,564.825895432357,400.16951135564716,321.2258428799405,359.0190889663063,0.39071614583333336
227,7.572661583848724,561.1803581729428,413.5678045422588,322.6375437445555,354.84596400056034,0.39248589409722223
228,7.60602132650885,554.4721432691771,423.4271218169034,312.0550174978222,377.1337419748306,0.39346788194444443
229,7.639381069168977,550.2888573076709,430.3708487267613,303.3220069991288,394.32753901928663,0.3978287760416666
230,7.672740811829104,549.3655429230683,434.64833949070453,303.0033815777265,364.60965703008696,0.39307291666666666
231,7.70610055448923,548.2462171692273,437.85933579628187,303.4513526310907,415.96370498882607,0.38736219618055556
232,7.739460297149357,544.7984868676908,433.14373431851266,272.3844923940976,434.1122480109334,0.38245876736111106
233,7.772820039809483,545.6693947470764,432.75749372740506,263.45379695763904,379.15187102044,0.3881282552083334
234,7.806179782469609,550.5177578988306,435.60299749096214,257.02088656838976,430.3398780175485,0.39074869791666667
235,7.839539525129736,556.2071031595322,441.2411989963848,257.3083546273559,421.78184498334303,0.39508463541666666
236,7.872899267789863,565.2328412638128,450.9964795985539,265.67334185094234,403.5236189956777,0.39512044270833335
237,7.90625901044999,561.3431365055251,439.89859183942144,268.2693367403769,395.860863965936,0.39955729166666665
238,7.939618753110116,558.28725460221,438.4594367357686,268.0467264818915,376.6310340142809,0.4058192274305555
239,7.972978495770242,556.3149018408841,445.3837746943074,269.21869059275656,393.6871030018665,0.4091341145833333
240,8.006338238430368,556.2759607363537,461.65350987772297,271.18747623710266,437.3275809921324,0.4092003038194444
241,8.039697981090496,552.5103842945415,469.66140395108926,261.22569502055353,418.0885390378535,0.4130208333333333
242,8.073057723750622,560.7541537178166,438.36456158043575,263.49027800822137,396.9900369993411,0.39641059027777775
243,8.106417466410749,561.0516614871267,425.84582463217436,263.23153522733264,439.9965410120785,0.3966124131944445
244,8.139777209070875,561.1706645948507,426.8383298528697,262.79261409093306,451.03687897790223,0.404697265625
245,8.173136951731001,560.4682658379403,431.7353319411478,261.86704563637323,401.1183130205609,0.39839084201388886
246,8.206496694391127,560.9373063351761,441.1941327764591,261.4968182545493,402.2499359562062,0.39163194444444444
247,8.239856437051255,561.1249225340704,450.9776531105836,260.59872730181974,412.532927992288,0.39681640625
248,8.273216179711381,560.4499690136282,459.39106124423347,259.4894909207279,380.2394469967112,0.3994129774305556
249,8.306575922371508,560.1799876054513,462.75642449769344,259.7957963682912,437.5254340120591,0.4018760850694445
250,8.339935665031634,560.0719950421806,464.1025697990773,268.4153913885955,397.1016809809953,0.40364257812500004
251,8.37329540769176,560.7787980168722,466.1410279196309,268.6161565554381,377.84799200017005,0.4090386284722223
252,8.406655150351888,561.8115192067489,468.45641116785237,272.4464626221752,370.1547089731321,0.41048719618055557
253,8.440014893012014,563.7246076826996,472.3825644671409,273.22858504887006,383.6649110307917,0.41485243055555554
254,8.47337463567214,577.9898430730798,449.9530257868564,274.291434019548,390.60716901440173,0.4057421875
255,8.506734378332267,583.695937229232,449.9812103147426,275.46657360781916,370.51038298523054,0.409267578125
256,8.540094120992393,585.2283748916927,460.49248412589714,265.4366294431277,417.06964501645416,0.41166015624999996
257,8.57345386365252,585.841349956677,473.69699365035893,260.67465177725103,397.13868702529,0.41180772569444446
258,8.606813606312647,588.3365399826708,483.4787974601436,258.7698607109003,371.9962890027091,0.4144444444444444
259,8.640173348972773,587.0846159930683,500.8915189840573,260.25794428436006,418.547426990699,0.41636284722222217
260,8.6735330916329,588.0838463972273,513.8566075936229,260.85317771374406,404.07114301342517,0.41320746527777774
261,8.706892834293026,588.4835385588908,519.0426430374491,260.3412710854976,444.07515600323677,0.39666232638888893
262,8.740252576953154,610.3934154235562,483.61705721497964,259.3865084341991,431.6400290117599,0.40753580729166666
263,8.77361231961328,617.6573661694225,469.4468228859918,259.00460337367963,448.66754300892353,0.41147677951388884
264,8.806972062273406,614.5629464677689,466.77872915439673,258.1018413494719,419.46828103391454,0.40201388888888884
265,8.840331804933532,615.5751785871076,464.2114916617588,257.74073653978866,430.0347429816611,0.40481336805555557
266,8.873691547593658,629.480071434843,436.1845966647036,258.34629461591544,401.0218740440905,0.40721245659722216
267,8.907051290253785,620.7920285739373,396.47383866588143,259.3385178463662,459.2775700148195,0.4095562065972222
268,8.940411032913913,613.5668114295748,382.0895354663526,259.7354071385464,411.194076994434,0.41241319444444446
269,8.973770775574039,607.6767245718299,382.335814186541,261.3941628554186,407.71994600072503,0.4138910590277778
270,9.007130518234165,605.3206898287319,382.4343256746164,262.8076651421673,418.56020397972316,0.4133908420138889
271,9.040490260894291,601.3782759314928,388.47373026984644,263.37306605686695,387.21730501856655,0.41397243923611116
272,9.073850003554417,597.5513103725971,395.3894921079386,265.8492264227468,409.9014400271699,0.4023860677083333
273,9.107209746214545,593.7705241490388,402.65579684317527,267.58969056909876,366.74004199448973,0.4026345486111111
274,9.140569488874672,590.0082096596154,410.06231873727006,269.78587622763956,364.0789490309544,0.3943728298611111
275,9.173929231534798,587.0032838638461,416.024927494908,272.1643504910558,423.94815204897895,0.39632486979166665
276,9.207288974194924,585.0513135455385,419.90997099796334,273.8657401964224,335.8825629693456,0.3998263888888889
277,9.24064871685505,585.0205254182154,431.96398839918527,272.41457348869574,389.3207799992524,0.4064518229166667
278,9.274008459515178,587.2582101672862,456.2855953596741,271.71582939547835,353.0086299870163,0.4101378038194445
279,9.307368202175304,586.6532840669145,481.0142381438697,267.72740737257095,353.98704995168373,0.40223307291666666
280,9.34072794483543,586.4113136267657,496.9056952575479,266.0909629490283,375.04403601633385,0.41666992187499996
281,9.374087687495557,579.5645254507064,486.76227810301924,262.4363851796113,361.2442929879762,0.4164116753472222
282,9.407447430155683,577.5758101802825,484.2049112412076,260.9745540718445,360.6143489596434,0.41476562499999997
283,9.44080717281581,587.280324072113,504.18196449648303,258.13982162873776,357.83087502932176,0.4142263454861111
284,9.474166915475937,605.4121296288453,504.6727857985933,257.0059286514951,332.8173609916121,0.4143565538194445
285,9.507526658136063,607.4148518515382,503.36911431943736,256.55237146059807,337.565399997402,0.41421657986111116
286,9.54088640079619,605.9659407406152,507.34764572777493,256.3709485842392,357.4829730205238,0.4104361979166667
287,9.574246143456316,602.3863762962461,514.93905829111,255.5483794336957,365.670938976109,0.4115668402777778
288,9.607605886116442,579.9545505184984,484.97562331644394,256.71935177347837,369.03081799391657,0.4021126302083334
289,9.64096562877657,567.2318202073994,477.4902493265776,256.4377407093914,365.6939810025506,0.4031206597222223
290,9.674325371436696,563.6427280829598,471.496099730631,258.5750962837565,408.0711739952676,0.40100802951388886
291,9.707685114096822,565.2070912331839,475.0984398922525,257.9300385135026,391.112047014758,0.4037673611111111
292,9.741044856756949,569.5828364932736,484.03937595690104,257.6720154054011,388.6137349763885,0.4060546875
293,9.774404599417075,574.3331345973094,493.6157503827604,258.3188061621604,383.48971400409937,0.4059103732638889
294,9.807764342077203,611.4832538389237,432.9463001531041,258.57752246486416,412.4203459941782,0.40561957465277776
295,9.841124084737329,627.0933015355695,416.17852006124167,260.18100898594565,399.7137789847329,0.40453667534722226
296,9.874483827397455,633.3373206142278,427.4714080244967,260.07240359437833,364.9973970022984,0.40331597222222226
297,9.907843570057581,632.8349282456911,440.9885632097987,256.2789614377513,424.10624399781227,0.40087131076388893
298,9.941203312717708,615.3839712982765,420.89542528391945,255.51158457510047,380.93624799512327,0.40120985243055557
299,9.974563055377835,608.4035885193106,415.8581701135677,256.70463383004017,380.21920301252976,0.40074761284722216
300,10.007922798037962,606.3614354077242,415.34326804542724,255.68185353201608,382.1458249585703,0.3990549045138889
301,10.041282540698088,606.2945741630897,416.6373072181709,256.02274141280645,369.9988779844716,0.4000954861111111
302,10.074642283358214,607.7678296652358,417.1549228872683,255.40909656512255,377.7690719580278,0.40284939236111117
303,10.10800202601834,619.6071318660944,394.8619691549073,252.91363862604908,404.74403800908476,0.39962999131944443
304,10.141361768678467,625.8428527464378,388.944787661963,245.16545545041959,443.7764459871687,0.39844835069444445
305,10.174721511338594,632.0871410985751,394.07791506478526,242.06618218016786,396.9720570021309,0.3984581163194444
306,10.20808125399872,636.08485643943,402.13116602591407,241.57647287206714,396.94128005066887,0.3971516927083334
307,10.241440996658847,639.1839425757721,411.35246641036565,241.38058914882686,390.3917809948325,0.38752604166666665
308,10.274800739318973,641.9235770303088,418.04098656414624,242.05223565953082,347.2938369959593,0.3852549913194445
309,10.3081604819791,643.7694308121235,425.2163946256586,243.0708942638123,354.4460739940405,0.38472981770833337
310,10.341520224639227,644.5077723248494,428.0865578502635,241.97835770552487,336.4217090420425,0.3836165364583334
311,10.374879967299353,645.5531089299399,430.73462314010544,242.2913430822099,325.5651810322888,0.38299696180555565
312,10.40823970995948,647.471243571976,431.7938492560421,243.16653723288397,341.5996779804118,0.38095052083333336
313,10.441599452619606,648.2384974287903,432.2175397024168,243.5166148931536,358.79955801647156,0.3811534288194445
314,10.474959195279732,650.0453989715162,429.38701588096677,242.90664595726145,375.3266879939474,0.37971788194444445
315,10.50831893793986,650.7681595886063,422.2548063523867,244.16265838290462,351.38131299754605,0.3770887586805556
316,10.541678680599986,649.5572638354427,422.4019225409546,244.66506335316177,407.41362900007516,0.3770583767361111
317,10.575038423260112,647.572905534177,425.4607690163818,244.11602534126473,388.23947799392045,0.3780056423611111
318,10.608398165920239,638.5291622136708,422.1843076065528,243.89641013650595,393.84255500044674,0.3759613715277778
319,10.641757908580365,631.9116648854683,417.87372304262124,243.80856405460236,415.765697020106,0.3861555989583333
320,10.675117651240491,636.7646659541873,398.14948921704854,241.52342562184097,406.27687697997317,0.3883376736111111
321,10.708477393900619,634.2058663816749,390.2597956868195,235.3593702487364,363.9079930144362,0.3900835503472222
322,10.741837136560745,628.6823465526699,390.1039182747277,230.64374809949456,362.7665700041689,0.38992838541666663
323,10.775196879220871,627.2229386210679,391.5415673098911,227.25749923979785,404.9538440303877,0.39427734375
324,10.808556621880998,626.6391754484272,392.11662692395635,223.6529996959191,373.5556129831821,0.39702039930555555
325,10.841916364541124,627.9056701793709,398.3466507695824,219.21119987836767,392.8603579988703,0.3985568576388889
326,10.875276107201252,625.4122680717484,400.838660307833,214.4344799513471,409.0176619938575,0.395283203125
327,10.908635849861378,622.1649072286993,400.33546412313314,212.52379198053893,403.684446006082,0.3945290798611111
328,10.941995592521504,623.1159628914797,398.63418564925337,209.50951679221563,380.2363040158525,0.3896354166666667
329,10.97535533518163,629.4963851565919,385.9536742597014,207.55380671688627,411.47445898968726,0.38239149305555553
330,11.008715077841757,634.2985540626368,379.3814697038805,208.27152268675457,452.8610039851628,0.37063151041666664
331,11.042074820501885,636.2194216250547,373.75258788155224,208.55860907470185,436.93237903062254,0.3777256944444445
332,11.07543456316201,637.737768650022,376.00103515262083,209.42344362988075,457.56901300046593,0.37024197048611107
333,11.108794305822137,639.0951074600088,381.4004140610484,213.83507386002208,461.82697400217876,0.36947591145833336
334,11.142154048482263,638.8880429840035,391.06016562441937,220.54258692552523,472.1439810236916,0.3743207465277777
335,11.17551379114239,638.8052171936013,400.92406624976775,225.46703477021003,504.9695579800755,0.37585286458333333
336,11.208873533802516,637.2720868774405,410.8696264999071,227.43681390808405,437.62372503988445,0.3773687065972222
337,11.242233276462644,634.4088347509762,422.34785059996284,228.22472556323356,437.5471079838462,0.3877788628472222
338,11.27559301912277,631.7635339003905,432.93914023998525,228.5398902252934,451.9572290009819,0.38730685763888884
339,11.308952761782896,629.9554135601562,441.67565609599416,225.66595609011733,450.1561090000905,0.3851508246527778
340,11.342312504443022,626.9821654240625,449.67026243839763,225.26638243604694,473.83736399933696,0.3739105902777778
341,11.375672247103148,623.5428661696251,454.3681049753592,236.83565180119496,475.30167998047546,0.3790874565972222
342,11.409031989763276,619.9171464678501,460.7472419901437,221.228301341602,464.38948198920116,0.37940972222222225
343,11.442391732423403,616.21685858714,467.79889679605753,220.94762143667316,439.64791198959574,0.3792751736111111
344,11.475751475083529,613.2367434348561,473.61955871842304,224.1290485746693,409.1534949839115,0.37863715277777776
345,11.509111217743655,609.7946973739424,480.44782348736925,229.90161942986782,435.10130600770935,0.3757107204861111
346,11.542470960403781,621.167878949577,430.6791293949476,229.9606477719471,433.2584490184672,0.3529220920138889
347,11.57583070306391,624.9671515798308,415.27165175797904,232.23425910877887,455.0574850291014,0.3567013888888889
348,11.609190445724035,627.9868606319324,415.1086607031917,232.39370364351157,441.39099901076406,0.3474457465277778
349,11.642550188384162,626.9447442527729,419.5434642812768,233.95748145740455,430.17453100765124,0.3477289496527778
350,11.675909931044288,625.0278977011092,424.3173857125107,233.83299258296182,453.83098599268124,0.348369140625
351,11.709269673704414,622.7611590804437,429.22695428500435,236.03319703318473,417.44441795162857,0.3499262152777778
352,11.742629416364542,619.6044636321776,435.69078171400184,238.41327881327388,450.1875250134617,0.3495768229166666
353,11.775989159024668,616.8417854528709,444.2763126856008,240.11531152530947,397.8548650047742,0.34991427951388887
354,11.809348901684794,611.2367141811484,447.7105250742403,241.54612461012374,410.5865780147724,0.34949001736111107
355,11.84270864434492,633.7446856724594,399.5842100296961,242.11844984404956,404.87664996180683,0.35783203125
356,11.876068387005047,640.4978742689838,384.8336840118783,243.09737993761973,423.98945800960064,0.3564984809027777
357,11.909428129665173,641.6991497075935,384.93347360475127,244.23895197504783,412.9446789738722,0.35637478298611114
358,11.942787872325301,639.1796598830374,387.9733894419006,245.44558079001916,455.9185029938817,0.3466037326388889
359,11.976147614985427,640.4218639532149,393.6893557767603,246.67823231600758,454.02395800920203,0.3483452690972223
360,12.009507357645553,637.168745581286,409.47574231070416,248.67129292640305,413.14391599735245,0.35179144965277775
361,12.04286710030568,636.6174982325144,417.29029692428156,250.2185171705612,401.7192749888636,0.3514420572916666
362,12.076226842965806,637.1469992930058,421.91611876971274,250.8374068682246,371.3323409901932,0.35121853298611105
363,12.109586585625934,638.1087997172024,428.266447507885,252.58496274728986,409.2447579605505,0.35102539062500004
364,12.14294632828606,639.9935198868809,433.80657900315407,255.533985098916,399.77781096240506,0.3500911458333333
365,12.176306070946186,641.4974079547522,437.52263160126165,258.9635940395665,382.96518195420504,0.34860460069444443
366,12.209665813606312,639.8489631819009,446.50905264050465,262.5854376158266,405.5705119972117,0.35101562500000005
367,12.243025556266439,639.9395852727604,451.6036210562018,265.5341750463307,382.5603960431181,0.3509038628472222
368,12.276385298926566,641.4758341091042,456.6414484224808,268.2136700185322,383.19546001730487,0.3508962673611111
369,12.309745041586693,645.0903336436418,455.6565793689924,270.78546800741293,389.67160700121894,0.35140625
370,12.343104784246819,646.5361334574567,458.262631747597,273.3141872029652,381.9618939887732,0.35162109374999995
371,12.376464526906945,646.3644533829827,460.80505269903887,272.07567488118605,351.5659139957279,0.35148111979166663
372,12.409824269567071,639.5457813531931,454.3220210796156,270.8302699524744,362.06054798094556,0.3521440972222222
373,12.443184012227197,636.8183125412772,451.7288084318461,271.8321079809898,353.7680769804865,0.35289062499999996
374,12.476543754887325,633.4773250165109,455.1915233727384,272.232843192396,372.1294639981352,0.34972764756944447
375,12.509903497547452,631.3909300066043,458.07660934909535,273.1431372769583,338.56671495595947,0.3502473958333333
376,12.543263240207578,630.5563720026418,459.23064373963814,275.0072549107834,411.6512140026316,0.3479611545138889
377,12.576622982867704,631.7225488010567,465.6922574958553,273.5029019643133,357.2936170385219,0.33114366319444444
378,12.60998272552783,632.9390195204227,469.77690299834205,272.9011607857253,394.76038998691365,0.3313856336805556
379,12.643342468187958,632.675607808169,472.9107611993368,273.41046431429015,397.1425629570149,0.33583658854166665
380,12.676702210848084,632.5702431232677,477.1643044797348,274.36418572571597,383.5463779978454,0.3356499565972223
381,12.71006195350821,632.528097249307,484.865721791894,276.9956742902865,369.8019030271098,0.3375509982638889
382,12.743421696168337,631.7612388997228,495.4462887167575,279.5482697161146,386.5183860179968,0.33853407118055556
383,12.776781438828463,629.2044955598891,507.17851548670296,276.81930788644587,359.9073030054569,0.34223741319444445
384,12.810141181488591,640.9317982239556,486.3714061946812,277.97772315457837,386.89464499475434,0.34341688368055556
385,12.843500924148717,645.6227192895823,478.0485624778725,279.19108926183134,356.0665510012768,0.3463324652777777
386,12.876860666808843,647.499087715833,474.719424991149,281.1764357047325,345.43253999436274,0.34690755208333335
387,12.91022040946897,648.9996350863332,468.88776999645955,282.720574281893,345.221365976613,0.3498546006944445
388,12.943580152129096,643.5998540345332,451.55510799858394,281.83822971275714,427.7955529978499,0.35327690972222225
389,12.976939894789224,642.9399416138133,441.62204319943356,281.4852918851028,401.50063997134566,0.35483723958333335
390,13.01029963744935,641.9259766455253,439.1488172797736,279.8441167540411,337.7573149628006,0.35416775173611115
391,13.043659380109476,637.0203906582101,438.15952691190944,279.1876467016165,376.66655803332105,0.35523003472222225
392,13.077019122769602,634.3081562632841,436.26381076476383,278.9250586806466,348.3548689982854,0.35575412326388894
393,13.110378865429729,633.9732625053136,440.00552430590545,280.32002347225864,365.0955189950764,0.35339735243055553
394,13.143738608089855,636.0893050021255,443.00220972236224,279.37800938890337,344.6722120279446,0.35216037326388894
395,13.177098350749983,639.9357220008501,447.2008838889448,279.0012037555614,369.20463701244444,0.3512836371527778
396,13.210458093410109,641.4742888003401,454.880353555578,278.1004815022245,350.6044519599527,0.3466807725694444
397,13.243817836070235,645.8397155201361,459.45214142223114,277.74019260088977,376.2711199815385,0.3427940538194445
398,13.277177578730361,648.3358862080545,462.7808565688924,279.0960770403559,376.46597903221846,0.34518988715277776
399,13.310537321390488,668.0843544832217,435.612342627557,278.1384308161424,372.21933499677107,0.3440473090277778
400,13.343897064050616,677.4837417932886,427.7449370510227,277.75537232645695,343.016583006829,0.34517578125000004
401,13.377256806710742,677.4934967173156,441.0979748204091,278.35214893058276,383.4914469625801,0.33648437499999995
402,13.410616549370868,676.7473986869261,450.93918992816356,280.09085957223306,350.959089002572,0.3391460503472222
403,13.443976292030994,676.4489594747704,454.8756759712654,275.5363438288933,335.2222490357235,0.3353656684027778
404,13.47733603469112,677.0795837899082,460.9502703885061,275.9645375315573,338.64780399017036,0.33355360243055554
405,13.510695777351248,678.0818335159632,467.88010815540247,278.38581501262297,380.2923269686289,0.33335069444444443
406,13.544055520011375,677.7327334063853,475.1520432621611,279.35432600504924,340.57264402508736,0.34281032986111104
407,13.5774152626715,682.0930933625541,469.0608173048645,274.49173040201975,416.807163041085,0.3434798177083333
408,13.610775005331627,688.3372373450218,463.6243269219458,271.79669216080794,423.0955220409669,0.33584418402777777
409,13.644134747991753,691.5848949380086,459.9497307687783,270.71867686432313,427.1638540085405,0.33499131944444444
410,13.67749449065188,690.6339579752034,459.9798923075113,270.2874707457293,380.20281301578507,0.33406250000000004
411,13.710854233312007,706.7535831900813,441.9919569230045,270.1149882982918,407.99366700230166,0.33622178819444437
412,13.744213975972134,713.9514332760325,436.29678276920174,270.0459953193167,392.5571159925312,0.3394466145833333
413,13.77757371863226,709.3305733104131,419.0187131076807,270.01839812772664,389.0273130382411,0.3309016927083333
414,13.810933461292386,705.9822293241652,421.10748524307235,270.7573592510906,388.38215498253703,0.33940212673611114
415,13.844293203952512,703.8928917296662,432.4429940972289,269.55294370043623,423.46846603322774,0.3385991753472222
416,13.87765294661264,705.3071566918663,441.47719763889154,268.3211774801744,388.45487899379805,0.3401920572916667
417,13.911012689272766,706.6228626767465,443.5908790555567,267.07847099206975,400.25324997259304,0.3393739149305556
418,13.944372431932893,693.6491450706988,417.4363516222228,266.5813883968279,405.94041999429464,0.3391558159722222
419,13.977732174593019,685.4596580282794,409.97454064888916,265.63255535873117,409.1728779603727,0.3340657552083333
420,14.011091917253145,681.4338632113117,408.4898162595556,266.0030221434925,397.8892669547349,0.33776475694444447
421,14.044451659913273,675.3235452845246,419.89592650382224,269.15120885739697,400.62036097515374,0.3413736979166667
422,14.0778114025734,668.3794181138098,430.4583706015288,271.1604835429588,367.9366830037907,0.3445442708333334
423,14.111171145233525,663.3517672455239,436.18334824061145,272.71419341718354,364.2003019922413,0.3455034722222222
424,14.144530887893652,660.5907068982094,439.9733392962445,273.3356773668735,402.9189810389653,0.35010199652777774
425,14.177890630553778,659.4862827592839,444.48933571849784,272.83427094674937,393.9497859682888,0.35068684895833335
426,14.211250373213906,661.2945131037135,447.79573428739917,268.1337083786998,424.29809202440083,0.3534060329861112
427,14.244610115874032,660.5178052414853,449.1182937149597,264.00348335147993,368.07605501962826,0.36011718749999994
428,14.277969858534158,656.4571220965943,448.1473174859839,261.6013933405919,376.2405680026859,0.3584819878472222
429,14.311329601194284,649.5828488386377,446.2589269943936,259.1405573362367,331.86930703232065,0.3549641927083333
430,14.34468934385441,643.0831395354551,444.00357079775745,259.65622293449474,382.965434982907,0.35562065972222223
431,14.378049086514537,637.483255814182,446.10142831910287,260.6124891737979,369.50865102699026,0.35019314236111115
432,14.411408829174665,632.9933023256727,448.44057132764107,262.4949956695192,385.18137903884053,0.34986762152777784
433,14.444768571834791,628.1973209302691,449.3762285310564,264.7479982678077,381.57825300004333,0.35114257812499994
434,14.478128314494917,613.5289283721077,472.2504914124226,266.3991993071232,406.63222898729146,0.35039930555555554
435,14.511488057155043,615.911571348843,458.90019656496906,267.8096797228493,421.90488800406456,0.3295062934027778
436,14.54484779981517,616.1146285395372,461.06007862598756,269.1238718891397,392.60490803280845,0.330546875
437,14.578207542475297,614.6958514158149,470.92403145039503,270.3995487556559,388.35313299205154,0.33318250868055554
438,14.611567285135424,632.878340566326,446.369612580158,273.15981950226234,384.24849399598315,0.33650065104166665
439,14.64492702779555,639.4013362265304,444.04784503206315,273.51392780090475,429.1315790032968,0.3376334635416667
440,14.678286770455676,638.2605344906121,450.61913801282526,274.4055711203619,376.44116301089525,0.34002170138888893
441,14.711646513115802,636.3042137962449,459.2476552051302,274.0122284481448,372.39274999592453,0.34349609375
442,14.74500625577593,634.7716855184979,467.199062082052,273.8548913792579,398.18428904982284,0.3364670138888889
443,14.778365998436056,631.1586742073991,464.3796248328208,275.29195655170315,393.30194698413834,0.3465874565972222
444,14.811725741096183,631.9634696829597,458.7518499331284,277.3667826206813,403.9444309892133,0.34397677951388894
445,14.845085483756309,633.0353878731839,455.0007399732515,278.1967130482725,404.6668899827637,0.34560438368055557
446,14.878445226416435,631.9641551492736,456.50029598930064,278.52868521930895,403.1607859651558,0.34522894965277784
447,14.911804969076561,628.5356620597095,463.1001183957203,277.1614740877236,395.38013096898794,0.3428276909722222
448,14.94516471173669,623.4142648238837,473.24004735828805,275.8645896350894,413.94291003234684,0.3414572482638889
449,14.978524454396815,616.1157059295535,475.7960189433153,276.0958358540358,394.0115089644678,0.34123263888888894
450,15.011884197056942,625.1962823718214,443.81840757732607,276.18833434161434,396.20149502297863,0.34035373263888885
451,15.045243939717068,627.3285129487285,434.0273630309304,270.9753337366458,460.68050601752475,0.333447265625
452,15.078603682377194,625.1814051794914,433.11094521237226,267.3901334946583,436.28872698172927,0.33287109375
453,15.111963425037322,622.8225620717966,435.74437808494883,265.95605339786334,421.75824800506234,0.33243055555555556
454,15.145323167697448,619.6290248287186,444.29775123397945,265.38242135914527,390.0736299692653,0.33226128472222216
455,15.178682910357574,622.8516099314875,441.71910049359167,265.9029685436581,413.30077598104253,0.3309613715277777
456,15.2120426530177,623.390643972595,439.18764019743674,265.3611874174632,425.41875498136505,0.3308344184027778
457,15.245402395677827,622.8562575890379,439.67505607897465,265.14447496698523,399.6189719764516,0.33195203993055555
458,15.278762138337955,623.3925030356152,447.3700224315899,265.8077899867941,386.10292598605156,0.3344086371527778
459,15.312121880998081,621.3570012142461,460.94800897263605,260.8231159947177,387.05309701617807,0.3364648437500001
460,15.345481623658207,619.0428004856984,478.3792035890545,257.329246397887,403.18119700532407,0.3362543402777778
461,15.378841366318333,611.3671201942794,495.8516814356219,255.9316985591548,426.0325779905543,0.3390603298611111
462,15.41220110897846,618.7968480777118,481.84067257424886,255.3726794236619,455.7555119972676,0.33907009548611106
463,15.445560851638586,607.5187392310847,456.7362690296995,258.14907176946474,471.7765379464254,0.3303624131944445
464,15.478920594298714,618.007495692434,464.69450761187977,260.00962870778585,414.49687199201435,0.3380392795138889
465,15.51228033695884,616.9529982769735,442.37780304475194,259.25385148311426,421.6995199676603,0.3383051215277778
466,15.545640079618966,618.0311993107895,433.4511212179008,256.70154059324574,421.456782030873,0.33692057291666666
467,15.578999822279092,619.2124797243158,431.3804484871604,255.68061623729824,397.7185990079306,0.3373480902777778
468,15.612359564939219,619.6849918897262,433.5521793948641,256.7722464949193,420.219357998576,0.33701171874999997
469,15.645719307599347,618.3739967558905,440.42087175794563,257.149353859507,417.67182998592034,0.3369466145833333
470,15.679079050259473,615.5995987023563,447.66834870317825,257.3597415438028,425.8575700223446,0.3379112413194445
471,15.712438792919599,611.4898394809425,456.56733948127123,259.6938966175211,423.2079880312085,0.33066840277777776
472,15.745798535579725,609.095935792377,455.62693579250845,262.1275586470085,462.2238759766333,0.332392578125
473,15.779158278239851,610.3883743169508,450.7507743170035,263.1010234588034,476.16074001416564,0.3333865017361111
474,15.81251802089998,613.9053497267803,448.8003097268013,265.3370991216432,472.6443520048633,0.334787326388889
475,15.845877763560106,617.5621398907122,452.5201238907206,267.38483964865725,476.45062702940777,0.3372591145833333
476,15.879237506220232,622.7748559562848,452.50804955628826,268.95393585946294,438.66469798376784,0.3403960503472223
477,15.912597248880358,627.859942382514,449.50321982251523,268.0815743437852,433.4254750283435,0.33375651041666665
478,15.945956991540484,633.6439769530056,449.8012879290061,266.982629737514,437.0576440123841,0.3355848524305555
479,15.979316734200612,634.4575907812023,449.92051517160246,268.04305189500565,427.38162097521126,0.3373643663194445
480,16.012676476860737,638.5330363124809,460.46820606864105,268.46722075800227,409.68869801145047,0.3373806423611111
481,16.046036219520865,639.4132145249923,469.18728242745647,267.8868883032009,415.86457297671586,0.34485026041666667
482,16.079395962180993,638.265285809997,472.67491297098246,267.6547553212803,425.2108140499331,0.3458745659722222
483,16.112755704841117,637.8061143239988,477.06996518839304,266.0619021285121,433.722737012431,0.3462109375
484,16.146115447501245,639.8724457295996,483.3279860753572,265.4247608514048,415.64023098908365,0.3460384114583333
485,16.17947519016137,646.6989782918398,488.83119443014294,265.1699043405619,462.9081579623744,0.3457769097222222
486,16.212834932821497,654.6795913167358,492.5324777720572,265.0679617362247,456.0678339912556,0.3462760416666666
487,16.246194675481625,660.1218365266943,492.51299110882286,266.5271846944899,429.39303698949516,0.34752061631944453
488,16.27955441814175,664.5487346106777,494.00519644352914,267.86087387779594,416.859288001433,0.3494368489583334
489,16.312914160801878,664.069493844271,499.1020785774117,270.64434955111835,379.9718370428309,0.34896592881944444
490,16.346273903462002,664.6277975377085,502.6408314309646,271.75773982044734,362.99565801164135,0.34365885416666664
491,16.37963364612213,664.1011190150834,508.5563325723858,274.4530959281789,407.47400000691414,0.3443912760416667
492,16.412993388782255,662.3904476060334,519.9225330289543,275.53123837127157,395.9333250531927,0.34465711805555554
493,16.446353131442383,663.9561790424134,537.9690132115818,277.4624953485086,415.5726690078154,0.3447374131944445
494,16.47971287410251,664.5824716169653,551.1876052846327,279.7349981394035,401.494782010559,0.34506076388888884
495,16.513072616762635,664.8329886467861,568.4750421138531,282.8939992557614,423.5962820239365,0.34585720486111116
496,16.546432359422763,661.9331954587144,581.3900168455411,285.6575997023046,404.9768299446441,0.34799262152777777
497,16.579792102082887,658.5232781834859,594.0560067382164,289.01303988092184,429.96476602274925,0.35217122395833333
498,16.613151844743015,676.6593112733943,551.1224026952866,290.3552159523687,420.158758002799,0.349140625
499,16.646511587403143,682.4137245093577,536.9489610781146,291.6420863809474,401.9873139914125,0.35070529513888893
500,16.679871330063268,682.4654898037431,535.779584431246,288.40683455237894,409.6693249884993,0.35134331597222224
501,16.713231072723396,681.7361959214973,539.8118337724985,290.1127338209516,433.95192798925564,0.34457899305555556
502,16.74659081538352,680.694478368599,548.9247335089995,291.5450935283807,433.5649040294811,0.3460112847222222
503,16.779950558043648,679.5277913474397,554.0698934035997,292.86803741135225,408.4041629685089,0.347802734375
504,16.813310300703776,678.3111165389757,548.6279573614398,295.6472149645409,427.53724299836904,0.34294921875000006
505,16.8466700433639,652.3244466155904,495.451182944576,293.0088859858164,445.70315396413207,0.34378797743055556
506,16.88002978602403,641.9297786462362,474.18047317783044,292.70355439432655,464.5250220200978,0.34375759548611107
507,16.913389528684153,637.0219114584945,467.1721892711322,292.5814217577307,444.9256340158172,0.34380967881944446
508,16.94674927134428,635.0587645833978,467.3688757084528,294.03256870309235,487.9850999568589,0.33866102430555556
509,16.98010901400441,633.5235058333591,471.9475502833811,295.36302748123694,440.20013901172206,0.33976236979166663
510,17.013468756664533,631.4094023333436,476.7790201133523,297.39521099249464,498.9349649986252,0.33945529513888884
511,17.04682849932466,629.8137609333374,483.211608045341,298.95808439699783,455.8637570007704,0.34098958333333335
512,17.080188241984786,629.175504373335,491.7846432181364,301.0832337587991,473.5700029996224,0.3414040798611111
513,17.113547984644914,630.420201749334,501.21385728725465,303.4332935035196,433.0630420008674,0.33615234375
514,17.14690772730504,627.9180806997335,516.9855429149018,306.6233174014078,460.99101699655876,0.3383658854166666
515,17.180267469965166,617.1672322798934,551.7942171659608,309.39932696056314,447.6055019767955,0.34106879340277774
516,17.213627212625294,614.3668929119574,568.7176868663844,310.5097307842252,431.7245170241222,0.3446809895833334
517,17.24698695528542,616.2467571647829,575.4870747465537,310.95389231368995,432.40479100495577,0.34705837673611106
518,17.280346697945546,638.7487028659132,543.6948298986215,311.881556925476,496.3295939960517,0.34955186631944446
519,17.313706440605674,646.9994811463653,538.4779319594486,308.50262277019044,502.73589103017,0.3505859375
520,17.3470661832658,646.5497924585461,534.8911727837794,310.1510491080761,462.70932897459716,0.3512684461805555
521,17.380425925925927,665.8699169834185,494.45646911351173,309.3104196432304,424.8649280052632,0.35168945312499994
522,17.41378566858605,674.3479667933673,482.78258764540465,301.4741678572921,436.8886000011116,0.36173828125000007
523,17.44714541124618,679.989186717347,482.61303505816187,303.58966714291694,366.8942709919065,0.36316948784722225
524,17.480505153906307,684.4956746869389,490.0452140232648,299.9358668571668,397.6032309583388,0.36413628472222226
525,17.51386489656643,681.7982698747755,493.01808560930596,298.47434674286677,423.75610099406913,0.3653211805555555
526,17.54722463922656,678.4693079499102,498.70723424372244,298.63973869714675,427.8431319980882,0.3662890625
527,17.580584381886684,675.637723179964,506.9828936974889,288.2058954788587,391.61159802461043,0.3691102430555555
528,17.613944124546812,673.0050892719856,510.2931574789955,283.2823581915435,429.1635080007836,0.36636718749999997
529,17.647303867206936,674.2020357087943,510.1172629915982,281.3129432766174,400.97764699021354,0.36859266493055554
530,17.680663609867064,673.1808142835176,513.0469051966393,282.7751773106469,460.4777110507712,0.37083224826388894
531,17.714023352527192,673.5223257134069,521.7187620786557,284.86007092425876,400.2212359919213,0.3733040364583333
532,17.747383095187317,674.4089302853628,529.6875048314623,274.4440283697035,407.9570939647965,0.37610026041666667
533,17.780742837847445,674.0135721141451,534.3750019325848,272.5276113478814,367.8005500114523,0.37301106770833337
534,17.81410258050757,661.105428845658,522.7500007730339,273.26104453915264,423.0516199604608,0.37546875
535,17.847462323167697,656.6921715382632,534.6000003092136,276.55441781566105,428.65201900713146,0.3712760416666666
536,17.880822065827825,657.1768686153052,543.8400001236854,277.1217671262645,428.68679901584983,0.37363823784722217
537,17.91418180848795,658.1207474461221,549.0360000494742,284.8487068505058,455.4250140208751,0.37526475694444444
538,17.947541551148078,660.7482989784489,561.6144000197899,286.4394827402023,439.63138200342655,0.37859483506944447
539,17.980901293808202,661.0493195913796,574.1457600079159,281.825793096081,394.849646021612,0.3816471354166666
540,18.01426103646833,685.1697278365518,528.1583040031664,279.9803172384324,410.93894600635394,0.3826616753472223
541,18.047620779128458,693.3178911346206,509.7633216012666,279.2421268953729,474.43875297904015,0.3841243489583333
542,18.080980521788582,697.3271564538483,509.90532864050664,277.44685075814914,441.03550602449104,0.37925998263888894
543,18.11434026444871,695.9308625815393,515.9621314562027,274.47874030325954,430.96913699992,0.3805924479166667
544,18.147700007108835,699.1223450326157,531.8848525824809,271.7914961213038,477.35507402103394,0.3816666666666667
545,18.181059749768963,692.8989380130463,526.2539410329924,269.2165984485215,432.6261680107564,0.3839529079861111
546,18.21441949242909,673.9095752052185,500.00157641319703,268.9366393794086,447.5200939923525,0.3791959635416666
547,18.247779235089215,664.8138300820874,495.50063056527875,268.82465575176343,440.1219289866276,0.3780815972222222
548,18.281138977749343,658.175532032835,499.7002522261114,267.2798623007054,419.71769998781383,0.3731325954861111
549,18.314498720409468,655.520212813134,501.3801008904446,265.91194492028217,431.72818300081417,0.37296549479166663
550,18.347858463069596,653.7080851252535,497.5520403561779,263.8647779681129,466.05553198605776,0.37337890625
551,18.381218205729724,654.4832340501014,484.020816142471,257.7959111872452,437.3963979887776,0.3720518663194444
552,18.414577948389848,663.0432936200406,486.10832645698844,253.1183644748981,468.93851697677746,0.37287868923611106
553,18.447937691049976,668.7173174480163,488.4433305827953,248.99734578995924,442.96952697914094,0.37348632812499993
554,18.4812974337101,665.7369269792065,496.87733223311807,244.34893831598373,440.2567190118134,0.37435763888888896
555,18.51465717637023,656.2947707916826,477.75093289324724,235.73957532639344,457.48067303793505,0.37481228298611113
556,18.548016919030356,639.767908316673,432.600373157299,230.04583013055736,437.48241499997675,0.37510091145833335
557,18.58137666169048,637.6571633266692,411.54014926291956,222.5183320522229,438.45504097407684,0.37910481770833326
558,18.61473640435061,634.5628653306677,398.6160597051678,218.0073328208891,454.940528026782,0.3751844618055556
559,18.648096147010733,633.325146132267,393.44642388206717,216.20293312835565,429.72437595017254,0.37225368923611113
560,18.68145588967086,638.8300584529068,379.37856955282683,218.48117325134226,464.7627560188994,0.37396918402777773
561,18.71481563233099,629.7820233811627,411.25142782113073,217.8924693005369,457.8923500375822,0.3607313368055555
562,18.748175374991114,638.912809352465,407.5005711284523,216.90698772021474,479.05760898720473,0.3613509114583333
563,18.78153511765124,639.565123740986,412.00022845138096,215.7627950880859,543.9781799796037,0.35921875000000003
564,18.814894860311366,636.8260494963944,422.80009138055243,216.80511803523427,458.7077589822002,0.3548524305555556
565,18.848254602971494,644.7304197985577,406.120036552221,225.14468196585298,462.86509901983663,0.3584613715277778
566,18.88161434563162,643.3921679194231,396.44801462088844,225.05787278634125,500.6194500019774,0.35697048611111115
567,18.914974088291746,641.3568671677692,395.5792058483554,225.02314911453652,496.1886429809965,0.3529296875
568,18.948333830951874,638.2927468671077,402.7316823393421,230.96701336166967,449.47257003514096,0.3498990885416666
569,18.981693573612,637.067098746843,405.5926729357369,226.50370385832574,501.25014601508155,0.35241536458333333
570,19.015053316272127,641.0768394987372,394.7370691742948,232.60517729039705,514.8879239568487,0.34971137152777776
571,19.04841305893225,638.930735799495,373.894827669718,234.7903145492171,478.69363497011364,0.35204644097222226
572,19.08177280159238,634.322294319798,361.0579310678871,235.32981878869202,461.10068599227816,0.3484722222222222
573,19.115132544252507,631.7289177279191,357.4231724271547,239.11028075326698,453.6791239515878,0.3474305555555555
574,19.14849228691263,630.6915670911677,358.9692689708619,241.14411230130685,430.55657600052655,0.34510742187500004
575,19.18185202957276,629.5266268364671,358.0877075883447,242.70764492052274,429.771423980128,0.34809787326388886
576,19.215211772232884,628.3106507345867,356.23508303533777,242.60682973230354,443.9581240294501,0.3465928819444445
577,19.248571514893012,627.0742602938346,353.994033214135,248.78505359382885,459.93027597432956,0.3446831597222223
578,19.28193125755314,626.5797041175338,353.09761328565395,251.9800528025914,466.1370550165884,0.34421983506944454
579,19.315291000213264,625.6318816470136,351.23904531426155,255.52683710286738,491.08032596996054,0.3434375
580,19.348650742873392,624.5027526588053,351.9956181257046,259.7107348411469,416.0001380369067,0.3462413194444444
581,19.382010485533517,624.0511010635221,352.2982472502818,262.4844883370656,436.3264339626767,0.34621202256944444
582,19.415370228193645,623.8704404254089,355.4192989001127,262.9019589488008,448.54031200520694,0.3461241319444444
583,19.448729970853773,623.7981761701635,356.6677195600451,264.0107288458888,449.50928597245365,0.3474815538194444
584,19.482089713513897,622.2692704680654,360.16708782401804,263.8542915383555,499.48643101379275,0.34773546006944445
585,19.515449456174025,622.407708187226,363.06683512960717,225.7113765792995,445.4435770167038,0.3478374565972222
586,19.54880919883415,620.9630832748904,367.2267340518428,235.32027009340214,422.8647039853968,0.34896375868055557
587,19.582168941494277,619.6352333099561,370.3906936207371,252.72021767803471,414.8642350337468,0.34825412326388894
588,19.615528684154405,618.3540933239824,370.1562774482948,262.45403858734676,425.7897450006567,0.3485481770833333
589,19.64888842681453,616.3416373295931,370.062510979318,271.14179228434057,411.0361280036159,0.3504036458333333
590,19.682248169474658,614.7866549318372,368.5250043917272,277.9567169137363,390.398774005007,0.35090928819444445
591,19.715607912134782,612.6646619727348,364.91000175669086,282.7953829081591,416.79533396381885,0.3517751736111111
592,19.74896765479491,612.565864789094,364.9640007026764,284.8681531632636,392.1319710207172,0.3537543402777778
593,19.782327397455038,612.5263459156376,364.9856002810705,286.44726126530543,417.8575580008328,0.35603190104166665
594,19.815687140115163,614.7605383662551,366.4942401124282,287.07890450612217,427.46573605109006,0.3547775607638889
595,19.84904688277529,615.654215346502,367.09769604497126,288.08156180244885,475.9005439700559,0.35473958333333333
596,19.882406625435415,616.7616861386009,368.8390784179885,288.4826247209795,435.3841639822349,0.3559743923611111
597,19.915766368095543,617.2046744554403,369.5356313671954,289.39304988839183,425.4928129957989,0.35751302083333336
598,19.94912611075567,618.1318697821761,371.31425254687815,294.95086621812555,485.46977201476693,0.36540907118055554
599,19.982485853415795,618.5027479128705,372.0257010187513,292.75288798214274,446.57313299831003,0.3658506944444444
600,20.015845596075923,618.6510991651481,372.3102804075005,296.84510956095005,433.02376801148057,0.360224609375
601,20.049205338736048,618.7104396660593,375.4241121630002,300.98804382438004,447.0343079883605,0.36089301215277775
602,20.082565081396176,617.2341758664237,379.6696448652,301.7392826243731,457.8711190260947,0.36269205729166665
603,20.1159248240563,615.8936703465695,385.86785794608,305.9457130497492,444.9057800229639,0.3698741319444444
604,20.149284566716428,614.6074681386278,389.84714317843213,305.3782852198997,429.56170003162697,0.3702322048611112
605,20.182644309376556,614.0929872554511,394.43885727137285,307.4013140879598,389.9557769764215,0.37271050347222223
606,20.21600405203668,614.6371949021805,394.77554290854914,309.71052563518384,427.55768896313384,0.37429470486111116
607,20.24936379469681,615.6048779608723,396.4102171634197,310.8731670275047,383.6909289821051,0.3693109809027778
608,20.282723537356933,616.7419511843489,398.56408686536776,316.0475751664445,428.56351198861375,0.3704904513888889
609,20.31608328001706,602.9467804737395,376.9256347461471,328.59550399203806,380.24800101993605,0.37155598958333336
610,20.34944302267719,597.4287121894959,368.27025389845886,327.03690289835936,438.520536001306,0.3742024739583334
611,20.382802765337313,612.4714848757983,372.3081015593835,327.3147611593438,451.13770803436637,0.3744487847222222
612,20.41616250799744,619.2385939503195,381.42324062375343,338.45503294776404,412.93161403154954,0.3662434895833333
613,20.449522250657566,623.4454375801279,388.06929624950146,340.78064661143014,463.0995829938911,0.36515407986111104
614,20.482881993317694,625.8781750320511,395.22771849980063,345.5622586445721,439.78281604358926,0.3656825086805555
615,20.51624173597782,627.6012700128204,402.5910873999202,348.9749034578288,400.93609201721847,0.3657204861111112
616,20.549601478637946,629.0405080051282,407.03643495996806,351.83996138313154,436.1132400226779,0.3652452256944444
617,20.582961221298074,628.8662032020512,413.31457398398726,351.9155739229692,462.72812300594524,0.371474609375
618,20.6163209639582,629.5464812808206,417.32582959359496,351.5201635843006,438.311462989077,0.3718446180555556
619,20.649680706618327,632.0685925123281,417.4303318374379,356.0586047259816,462.46563497697935,0.37329752604166666
620,20.683040449278455,635.3274370049312,415.97213273497505,359.9234418903926,510.4669950087555,0.37305772569444445
621,20.71640019193858,636.6309748019726,418.3888530939902,371.0355539161949,476.55796603066847,0.3731618923611111
622,20.749759934598707,637.1523899207891,422.3555412375961,376.4142215664779,433.68164100684226,0.37525065104166666
623,20.78311967725883,635.8609559683156,429.94221649503845,380.81568862659117,449.42147500114515,0.3749370659722222
624,20.81647941991896,633.8443823873263,438.97688659801537,383.89618609946046,438.1319530075416,0.37378472222222225
625,20.849839162579087,630.0377529549305,448.590754639206,388.9177585592291,424.46363903582096,0.3762261284722222
626,20.88319890523921,624.7651011819722,453.9363018556824,394.42338977591373,402.72526699118316,0.37767903645833334
627,20.91655864789934,618.906040472789,460.57452074227297,396.6110345492601,358.21013496024534,0.37639648437499995
628,20.949918390559464,615.0624161891155,469.2298082969092,400.894413819704,460.56950197089463,0.3780642361111111
629,20.983278133219592,626.2749664756462,441.19192331876366,403.3577655278816,422.2964229993522,0.37989800347222225
630,21.01663787587972,626.2599865902584,432.9767693275055,405.84310621115264,418.5736519866623,0.38016384548611115
631,21.049997618539845,623.2539946361034,432.69070773100225,396.5912293999303,423.28454699600115,0.3808517795138889
632,21.083357361199973,618.3015978544414,437.076283092401,398.6364917599721,422.38781100604683,0.3816438802083334
633,21.116717103860097,614.8206391417766,444.83051323696054,400.95459670398884,412.7958440221846,0.38215820312500004
634,21.150076846520225,611.9282556567107,450.9322052947843,395.1931796753135,419.9239449808374,0.3833203125
635,21.183436589180353,610.7713022626843,453.3728821179137,396.5772718701254,409.8947180318646,0.3778548177083333
636,21.216796331840477,610.3085209050737,454.34915284716556,425.88431930934337,439.1743549495004,0.3794476996527778
637,21.250156074500605,622.8734083620294,429.23966113886615,418.2221385797492,416.39386897441,0.3781293402777778
638,21.28351581716073,627.1493633448118,417.6958644555465,407.37580584530406,388.7295600143261,0.3687391493055556
639,21.316875559820858,625.8597453379248,413.07834578221855,403.7003223381216,371.2809960125014,0.37154405381944444
640,21.350235302480982,638.0938981351699,445.73133831288743,434.1062771007663,403.18855398800224,0.37361328125000004
641,21.38359504514111,642.987559254068,464.7925353251549,444.3925108403065,398.74362701084465,0.3677973090277778
642,21.416954787801238,662.9450237016272,514.417014130062,447.6281567515068,392.8465360077098,0.3673491753472222
643,21.450314530461362,672.4280094806509,546.2668056520248,449.0512627006028,391.1488119629212,0.36897135416666665
644,21.48367427312149,682.2212037922602,577.0067222608099,441.3705050802412,386.88322802772745,0.3695529513888889
645,21.517034015781615,682.388481516904,587.802688904324,439.04820203209647,351.56416398240253,0.36263671875000003
646,21.550393758441743,682.4553926067617,595.1210755617296,435.11928081283867,407.09242899902165,0.3639822048611111
647,21.58375350110187,693.7321570427047,575.5484302246919,433.5477123251354,456.10557502368465,0.3654969618055556
648,21.617113243761995,698.9928628170819,563.2193720898766,434.41908493005417,417.32306900667027,0.36537868923611116
649,21.650472986422123,702.5971451268327,561.2877488359505,436.2676339720217,441.20431900955737,0.36678927951388884
650,21.683832729082248,706.2888580507331,565.0150995343802,438.5070535888086,435.6005660374649,0.3682042100694444
651,21.717192471742376,708.5155432202932,568.0060398137521,440.9028214355234,429.3422839837149,0.3701312934027778
652,21.750552214402504,712.4062172881173,575.2024159255008,441.1111285742094,427.7115360018797,0.37198242187499997
653,21.783911957062628,713.9624869152469,581.0809663702003,443.4444514296837,432.56708403350785,0.3727029079861111
654,21.817271699722756,712.3349947660988,590.9323865480801,446.6277805718735,418.41798002133146,0.3745203993055556
655,21.85063144238288,713.1839979064396,597.8729546192321,451.6511122287494,425.9403949836269,0.3751801215277777
656,21.88399118504301,715.7735991625758,602.149181847693,455.16044489149976,413.12264697626233,0.3763172743055555
657,21.917350927703136,716.8094396650304,609.8596727390772,458.8141779565999,442.6063279970549,0.3773914930555556
658,21.95071067036326,717.9737758660121,620.4438690956307,463.27567118263994,401.52212796965614,0.37803168402777776
659,21.98407041302339,719.1895103464049,632.1775476382522,466.56026847305606,431.69858399778605,0.379541015625
660,22.017430155683513,717.425804138562,641.3710190553008,473.12410738922244,437.35263001872227,0.3811805555555556
661,22.05078989834364,724.2203216554248,642.0484076221203,474.99964295568896,438.3950299816206,0.3839474826388889
662,22.08414964100377,731.4381286621699,639.319363048848,477.2498571822755,430.116766015999,0.38422417534722225
663,22.117509383663894,740.325251464868,638.2277452195392,478.8999428729101,486.97768396232277,0.3843500434027778
664,22.15086912632402,749.880100585947,643.7910980878156,485.55997714916407,452.0881980424747,0.38605577256944446
665,22.184228868984146,757.4520402343787,650.5164392351263,489.72399085966566,470.5957160331309,0.3874826388888889
666,22.217588611644274,736.4808160937515,602.2065756940506,489.13959634386623,455.132249975577,0.3875553385416666
667,22.250948354304402,730.3423264375008,587.3826302776201,477.6558385375465,396.5632109902799,0.3878624131944444
668,22.284308096964526,729.3869305750002,581.453052111048,473.81233541501854,446.9844209961593,0.38811306423611114
669,22.317667839624654,729.7547722300001,580.581220844419,471.5249341660075,408.3091130014509,0.38146484375000006
670,22.35102758228478,729.151908892,581.7324883377677,477.35997366640305,458.9791279868223,0.38233615451388886
671,22.384387324944907,672.6607635568,469.69299533510707,325.9439894665612,442.2857610043138,0.3853070746527778
672,22.41774706760503,650.06430542272,427.87719813404294,276.62759578662445,468.68200501194224,0.38642903645833326
673,22.45110681026516,640.2757221690881,415.65087925361723,257.6510383146498,450.4411810194142,0.3860698784722223
674,22.484466552925287,634.1102888676353,412.260351701447,250.81041532585994,525.2232659840956,0.3870659722222222
675,22.51782629558541,628.6441155470541,410.90414068057873,255.574166130344,451.32791297510266,0.38344835069444444
676,22.55118603824554,624.9576462188215,407.3616562722315,247.72966645213754,449.0128759643994,0.3868825954861111
677,22.584545780905664,621.2330584875286,404.44466250889263,249.84186658085494,434.0758490143344,0.3890462239583333
678,22.617905523565792,633.2432233950115,430.27786500355705,251.43674663234196,452.7640119777061,0.3908767361111112
679,22.65126526622592,638.0472893580046,446.61114600142287,253.5746986529368,423.58838400105014,0.3928873697916667
680,22.684625008886044,639.2189157432019,442.6444584005692,254.42987946117472,455.7307750219479,0.3946484375
681,22.717984751546172,638.9375662972808,448.55778336022763,254.72604630168766,457.0300389896147,0.39573025173611115
682,22.751344494206297,639.5750265189124,446.4231133440911,253.39041852067513,489.4650820060633,0.39463433159722217
683,22.784704236866425,641.330010607565,439.5692453376364,252.10616740827,469.4259859970771,0.39431640625
684,22.818063979526553,640.532004243026,430.82769813505456,251.59246696330806,485.5739200138487,0.394619140625
685,22.851423722186677,638.7128016972105,427.33107925402186,252.88698678532322,404.8629779717885,0.3946701388888889
686,22.884783464846805,631.2351206788842,418.4324317016086,241.4712647862729,421.00659804418683,0.39552734375
687,22.91814320750693,625.2440482715535,417.87297268064333,236.08850591450914,417.81707701738924,0.3952115885416667
688,22.951502950167058,620.5976193086215,416.1491890722574,234.68540236580367,464.39904998987913,0.3945724826388889
689,22.984862692827186,629.2390477234486,442.459675628903,234.1241609463214,460.96628200029954,0.3954969618055556
690,23.01822243548731,629.6956190893795,458.98387025156126,235.3996643785286,494.1833149641752,0.3965375434027778
691,23.051582178147438,622.3782476357518,459.5935481006246,235.90986575141147,513.0925850244239,0.3926312934027778
692,23.084941920807562,617.2012990543008,461.3374192402499,238.95325087385558,464.64546804782003,0.3962717013888889
693,23.11830166346769,612.1305196217203,465.03496769609995,241.08130034954223,477.67033096170053,0.40150390625
694,23.15166140612782,604.1022078486881,466.51398707844004,243.43252013981692,465.0863870047033,0.39919487847222224
695,23.185021148787943,600.8908831394752,467.1055948313759,242.12300805592676,496.80294800782576,0.4013812934027778
696,23.21838089144807,599.60635325579,467.34223793255035,241.48091702529442,458.70607800316066,0.40455295138888886
697,23.251740634108195,590.842541302316,453.93689517302016,242.84236681011782,477.96725999796763,0.40616536458333335
698,23.285100376768323,584.3370165209263,448.57475806920803,245.63694672404716,482.42153000319377,0.40662868923611106
699,23.31846011942845,580.9848066083705,447.92990322768327,249.00477868961886,448.8965200143866,0.40770833333333334
700,23.351819862088576,577.3939226433482,446.1719612910733,251.1019114758475,458.32288899691775,0.40798828125000003
701,23.385179604748703,572.9575690573394,445.4687845164294,253.440764590339,432.09309701342136,0.4090299479166667
702,23.418539347408828,567.4330276229357,443.6875138065717,255.12630583613566,412.65123401535675,0.4113899739583333
703,23.451899090068956,561.4732110491743,444.47500552262863,255.80052233445423,370.6911379704252,0.4151866319444445
704,23.485258832729084,556.8392844196696,449.29000220905147,255.2385718205075,361.5296370116994,0.4179351128472223
705,23.51861857538921,548.2357137678679,464.7160008836206,254.34542872820288,412.43559401482344,0.41960828993055554
706,23.551978318049336,562.0442855071473,421.38640035344827,251.7381714912812,414.91392301395535,0.42209526909722217
707,23.58533806070946,567.5677142028588,404.05456014137934,251.44526859651256,418.41984301572666,0.4246983506944445
708,23.61869780336959,568.2770856811436,397.12182405655176,251.32810743860506,415.8666239818558,0.42519422743055557
709,23.652057546029713,565.5608342724574,394.3487296226208,251.524958939482,398.8779369974509,0.4263009982638889
710,23.68541728868984,564.474333708983,396.2394918490483,251.35998357579285,405.88889399077743,0.4277864583333334
711,23.71877703134997,564.0397334835932,402.9957967396194,251.29399343031716,440.4752610134892,0.42740234374999997
712,23.752136774010093,563.1158933934373,416.1983186958477,252.01759737212694,409.553536970634,0.4289583333333333
713,23.78549651667022,563.4963573573749,425.9793274783391,253.80703894885076,464.56657600356266,0.4293337673611111
714,23.818856259330346,564.3985429429499,431.3917309913356,253.77281557954032,415.18953803461045,0.43028537326388894
715,23.852216001990474,563.25941717718,433.55669239653423,252.25912623181608,408.3569929935038,0.4311751302083333
716,23.885575744650602,562.803766870872,434.42267695861375,249.40365049272648,444.48614900466055,0.43281250000000004
717,23.918935487310726,564.8715067483488,442.2690707834454,244.51146019709068,441.48485199548304,0.4355447048611111
718,23.952295229970854,570.1986026993395,442.40762831337815,240.30458407883623,423.76206698827446,0.43733506944444445
719,23.98565497263098,572.3294410797358,448.4630513253512,239.3718336315345,454.3030000058934,0.43772460937499996
720,24.019014715291107,573.1817764318943,456.8852205301405,241.24873345261386,435.6086970074102,0.44033637152777777
721,24.052374457951235,572.7727105727577,464.75408821205605,241.9994933810455,463.3366980124265,0.4392860243055555
722,24.08573420061136,573.359084229103,472.4016352848224,242.29979735241815,450.45676798326895,0.4396853298611111
723,24.119093943271487,572.8436336916412,476.96065411392897,243.1699189409673,446.7836780240759,0.4406781684027778
724,24.15245368593161,586.1374534766564,454.7842616455716,244.26796757638698,449.68234503176063,0.4421332465277778
725,24.18581342859174,594.4549813906625,442.91370465822854,245.4571870305548,490.25663000065833,0.43030273437500005
726,24.219173171251867,598.531992556265,436.66548186329135,245.93287481222194,414.95774500072,0.4308441840277778
727,24.252532913911992,600.9127970225061,435.6661927453166,245.37314992488882,408.02204998908564,0.4314138454861111
728,24.28589265657212,600.3651188090024,432.26647709812664,246.64925996995552,463.5432779905386,0.43196831597222224
729,24.319252399232244,599.3960475236009,432.40659083925067,244.15970398798225,456.3397919991985,0.43299370659722225
730,24.352612141892372,596.7584190094403,436.96263633570027,243.91388159519295,437.69985996186733,0.4323980034722222
731,24.3859718845525,609.9533676037761,413.28505453428,246.6567538938553,422.06338996766135,0.42735785590277775
732,24.419331627212625,621.2313470415104,394.81402181371186,247.9127015575421,387.0585969998501,0.42856662326388884
733,24.452691369872753,622.7425388166041,387.42560872548466,249.16508062301688,370.32835895661265,0.4316905381944445
734,24.486051112532877,615.0970155266416,391.97024349019375,251.16603224920678,383.17876803921536,0.43092556423611117
735,24.519410855193005,610.5388062106566,390.78809739607743,249.13847814753473,374.3131090304814,0.43509548611111115
736,24.552770597853133,609.4655224842627,397.815238958431,248.15539125901398,404.69796099932864,0.4389203559027778
737,24.586130340513257,606.036208993705,409.6260955833724,247.01215650360555,362.93739901157096,0.4431890190972222
738,24.619490083173385,605.414483597482,418.8504382333488,242.0548626014422,342.7310970146209,0.4428862847222222
739,24.65284982583351,604.4157934389929,424.04017529333953,239.3219450405769,388.70239595416933,0.4443250868055556
740,24.686209568493638,603.266317375597,430.6160701173357,240.47877801623073,403.52309396257624,0.4458572048611111
741,24.719569311153766,601.3065269502388,433.24642804693434,243.19151120649224,372.38640699069947,0.44653320312500006
742,24.75292905381389,600.5226107800955,434.2985712187737,245.02660448259684,379.6685020206496,0.4462272135416667
743,24.786288796474018,598.7090443120381,434.7194284875094,247.2606417930387,402.6098449830897,0.44674370659722223
744,24.819648539134143,597.9836177248152,437.8877713950037,248.90425671721545,426.7361329984851,0.44668402777777777
745,24.85300828179427,598.443447089926,440.6551085580014,251.06170268688618,437.7584509784356,0.4466590711805555
746,24.886368024454395,597.8773788359705,446.26204342320057,246.67468107475452,427.5162329431623,0.45130859375000004
747,24.919727767114523,599.9009515343881,450.0048173692803,246.41987242990183,416.7623409884982,0.4505837673611111
748,24.95308750977465,602.2103806137553,454.50192694771215,248.56794897196073,432.84742400282994,0.449208984375
749,24.986447252434775,606.8841522455022,457.80077077908487,250.92717958878433,470.8741480135359,0.4476616753472222
750,25.019806995094903,611.7536608982008,459.12030831163395,254.12087183551375,439.3542209872976,0.44730468749999996
751,25.053166737755028,614.4514643592803,464.1481233246536,255.39834873420546,415.38194700842723,0.44635199652777774
752,25.086526480415156,617.7805857437121,479.6592493298614,257.4093394936821,453.3993119839579,0.4460405815972222
753,25.119886223075284,621.3622342974849,496.3636997319446,261.9637357974729,429.945723968558,0.4458832465277778
754,25.153245965735408,625.0448937189939,507.54547989277785,261.5354943189892,410.75037501286715,0.4511610243055556
755,25.186605708395536,610.7679574875975,483.5181919571112,261.36419772759564,416.06570401927456,0.4507931857638889
756,25.21996545105566,602.057182995039,467.9072767828444,261.2956790910382,417.3525809892453,0.45171115451388894
757,25.25332519371579,597.8228731980155,457.1629107131377,262.01827163641525,377.90889601456,0.4514453125
758,25.286684936375917,596.1291492792061,449.865164285255,262.30730865456604,406.02466400014237,0.4451345486111111
759,25.32004467903604,607.4516597116825,473.9460657141021,263.9229234618264,427.32704302761704,0.4426627604166667
760,25.35340442169617,607.480663884673,480.57842628564094,267.56916938473057,410.5847589671612,0.4428700086805556
761,25.386764164356293,627.7422655538693,448.73137051425647,269.7776677538922,444.1364660160616,0.44272243923611115
762,25.42012390701642,616.3469062215477,477.9925482057025,271.4110671015569,402.60552702238783,0.4426920572916667
763,25.45348364967655,636.5387624886191,437.1970192822811,273.56442684062284,412.256604002323,0.43869574652777776
764,25.486843392336674,646.1155049954476,420.8788077129123,275.1757707362491,411.66732198325917,0.4389398871527777
765,25.5202031349968,652.196201998179,415.851523085165,278.82030829449957,423.56533103156835,0.43893880208333336
766,25.553562877656926,656.8784807992716,418.34060923406594,281.7781233177999,431.1741369892843,0.43900824652777776
767,25.586922620317054,661.0013923197087,423.83624369362633,284.46124932711996,411.3213749951683,0.43863498263888895
768,25.620282362977182,665.6505569278835,432.03449747745054,288.534499730848,432.971081987489,0.43889539930555554
769,25.653642105637307,668.2602227711534,439.8137989909802,290.91379989233917,438.471307978034,0.43912434895833335
770,25.687001848297434,670.0540891084614,450.42551959639195,294.8655199569357,423.67241001920775,0.4384440104166667
771,25.72036159095756,671.5216356433846,459.1702078385567,297.19620798277424,413.87167997891083,0.43323350694444446
772,25.753721333617687,672.8586542573538,467.16808313542276,298.8784831931098,441.3129609893076,0.4371278211805556
773,25.787081076277815,672.6434617029415,477.86723325416904,301.8013932772439,408.19349500816315,0.43784396701388884
774,25.82044081893794,672.5573846811767,491.14689330166766,304.47055731089756,404.80914898216724,0.4335622829861111
775,25.853800561598067,672.5229538724706,502.458757320667,305.53822292435905,452.5619390187785,0.43403537326388886
776,25.88716030425819,671.7591815489882,514.4835029282667,307.46528916974364,381.07970100827515,0.43541015625
777,25.92052004691832,669.9536726195953,525.2934011713069,309.7361156678974,394.4078029599041,0.4366351996527778
778,25.953879789578448,668.4814690478381,537.1173604685226,310.64444626715897,375.0045179622248,0.43915581597222225
779,25.987239532238572,667.1425876191353,549.346944187409,313.25777850686353,357.4189380160533,0.4391590711805556
780,26.0205992748987,663.6070350476541,560.2387776749636,314.3031114027454,393.3705679955892,0.4404058159722222
781,26.053959017558824,653.1928140190616,585.5955110699856,316.22124456109816,379.2498429538682,0.4429676649305556
782,26.087318760218952,649.7771256076247,603.2382044279942,319.23849782443926,375.7958150235936,0.44344618055555557
783,26.120678502879077,643.1608502430498,566.7952817711977,321.94539912977564,450.53269097115844,0.439521484375
784,26.154038245539205,642.0143400972199,552.2181127084791,323.7781596519102,463.754293974489,0.44111436631944445
785,26.187397988199333,640.0557360388881,549.3872450833917,326.0112638607641,413.1298669963144,0.44211263020833336
786,26.220757730859457,634.7722944155552,548.2548980333565,329.9045055443056,450.4796420224011,0.4412858072916666
787,26.254117473519585,629.6589177662222,547.8019592133428,332.96180221772227,452.8900480363518,0.4404578993055555
788,26.28747721617971,625.3635671064889,549.1207836853371,335.68472088708893,455.71910100989044,0.44002604166666665
789,26.320836958839838,624.3954268425955,551.1483134741349,338.2738883548356,437.223783985246,0.43978081597222224
790,26.354196701499966,625.5081707370382,551.959325389654,340.05955534193424,459.9761290010065,0.4380284288194444
791,26.38755644416009,641.7032682948152,514.7837301558616,339.2738221367738,427.56724898936227,0.43674045138888895
792,26.420916186820218,649.6813073179261,505.9134920623447,340.4595288547095,462.36368897370994,0.43498263888888883
793,26.454275929480342,652.8725229271706,511.3653968249379,341.68381154188376,452.89297599811107,0.43530598958333333
794,26.48763567214047,652.6490091708682,522.5461587299751,343.6735246167535,475.30398197704926,0.43583224826388883
795,26.5209954148006,667.5596036683473,503.0184634919902,345.2194098467014,420.36141495918855,0.4375206163194445
796,26.554355157460723,683.2738414673389,484.7073853967959,346.5877639386805,410.28932499466464,0.43859375
797,26.58771490012085,679.0595365869356,501.38295415871835,348.63510557547215,432.51379200955853,0.43380967881944443
798,26.621074642780975,678.1238146347742,515.5531816634874,350.20404223018886,456.41766098560765,0.43592773437500004
799,26.654434385441103,679.9995258539095,528.721272665395,352.33161689207554,453.96523899398744,0.4378276909722222
800,26.68779412810123,676.2498103415637,524.988509066158,353.93264675683014,446.6515469830483,0.4402680121527778
801,26.721153870761356,674.7499241366255,526.4954036264633,329.82305870273206,481.47567396517843,0.4425661892361111
802,26.754513613421484,677.1499696546502,533.0981614505854,320.1792234810928,435.4292619973421,0.4420247395833333
803,26.787873356081608,681.8599878618601,543.239264580234,328.3216893924372,438.74307797523215,0.44233072916666666
804,26.821233098741736,686.7439951447441,550.2957058320936,321.0786757569749,373.79750999389216,0.44391276041666666
805,26.854592841401864,687.9475980578977,557.6182823328373,317.43147030279005,444.95495897717774,0.4397612847222222
806,26.88795258406199,683.9290392231591,551.547312933135,315.972588121116,394.0886270138435,0.4415147569444445
807,26.921312326722116,680.0716156892636,547.6189251732541,316.8890352484465,348.5148489708081,0.4361555989583333
808,26.95467206938224,678.5286462757053,546.0475700693017,315.0056140993785,375.50356501014903,0.4363997395833334
809,26.98803181204237,670.4114585102822,533.4190280277207,311.2522456397513,432.89136298699304,0.43769965277777784
810,27.021391554702497,667.1645834041129,534.3676112110883,308.25089825590055,404.16464797453955,0.4376714409722222
811,27.05475129736262,680.1158333616451,515.2470444844353,305.5503593023602,398.6914010019973,0.43806640624999993
812,27.08811104002275,683.046333344658,515.0988177937743,299.22014372094395,387.95720401685685,0.4254871961805555
813,27.121470782682874,682.7185333378633,509.03952711750975,295.1880574883775,358.8084849761799,0.4279253472222222
814,27.154830525343,673.5874133351454,500.61581084700384,295.075222995351,362.42211097851396,0.42321940104166667
815,27.18819026800313,661.6849653340581,495.7463243388017,294.28008919814033,354.9169070320204,0.42376953125
816,27.221550010663254,656.1739861336232,501.2985297355206,291.71203567925613,387.4733609845862,0.4265028211805555
817,27.254909753323382,656.2195944534493,505.0194118942082,289.1848142717025,415.6252919929102,0.42956597222222226
818,27.288269495983506,656.9878377813797,508.0077647576833,285.17392570868105,334.9590079742484,0.4307725694444445
819,27.321629238643634,640.0451351125519,474.7031059030732,281.31957028347244,400.9278190205805,0.4333875868055556
820,27.35498898130376,648.2680540450207,500.3812423612293,279.777828113389,405.0595160224475,0.4299273003472222
821,27.388348723963887,630.5572216180083,474.6524969444917,274.6611312453556,457.0672719855793,0.4327180989583333
822,27.421708466624015,633.9728886472033,452.3609987777967,270.36445249814227,440.3899110038765,0.4403233506944444
823,27.45506820928414,641.3391554588814,425.4443995111187,270.14578099925683,402.97361998818815,0.44494032118055554
824,27.488427951944267,645.0356621835524,419.1777598044474,266.30831239970274,486.8763060076162,0.44716579861111116
825,27.52178769460439,647.2642648734211,421.17110392177904,261.0233249598811,396.93867205642164,0.4503819444444444
826,27.55514743726452,645.1557059493683,418.96844156871157,250.65932998395246,431.9272009888664,0.45461371527777783
827,27.588507179924648,644.3122823797473,418.08737662748456,242.763731993581,436.0867239884101,0.45064127604166665
828,27.621866922584772,645.474912951899,420.7349506509938,236.60549279743236,434.1602989588864,0.44816948784722216
829,27.6552266652449,645.9399651807596,424.79398026039746,231.892197118973,428.4248130279593,0.44758029513888886
830,27.688586407905024,646.1259860723038,432.4175921041589,230.00687884758918,429.870980035048,0.44559461805555556
831,27.721946150565152,644.7003944289215,432.46703684166346,231.50275153903567,441.3553460035473,0.4443771701388889
832,27.75530589322528,647.1301577715687,420.48681473666545,232.1011006156143,489.6569849806838,0.4438617621527778
833,27.788665635885405,647.3520631086275,417.19472589466625,233.0904402462458,430.0958690000698,0.44412543402777777
834,27.822025378545533,645.190825243451,417.3778903578665,233.48617609849833,374.3534630048089,0.44345486111111115
835,27.855385121205657,642.0763300973804,424.9511561431466,234.39447043939933,413.84395700879395,0.44376953125
836,27.888744863865785,640.0805320389522,435.4804624572587,235.50778817575977,432.2967770276591,0.4427419704861111
837,27.922104606525913,637.7822128155809,448.6921849829034,235.9531152703039,420.29275198001415,0.4421701388888889
838,27.955464349186038,648.1128851262324,440.47687399316146,236.1312461081215,465.5276290141046,0.442861328125
839,27.988824091846165,652.9951540504929,447.6907495972645,236.9524984432485,457.9574399976991,0.4437282986111112
840,28.02218383450629,654.9480616201971,456.5762998389058,236.5309993772994,439.9889779742807,0.43570529513888895
841,28.055543577166418,656.4792246480789,467.63051993556235,237.8623997509198,446.15435699233785,0.43079101562500005
842,28.088903319826546,656.3416898592316,473.552207974225,238.3949599003679,425.73606001678854,0.4319455295138889
843,28.12226306248667,642.0366759436927,444.4208831896899,239.35798396014715,472.7751539903693,0.4320496961805556
844,28.1556228051468,643.0646703774771,446.268353275876,238.24319358405893,459.9297869717702,0.4322059461805556
845,28.188982547806923,627.7258681509909,424.5073413103504,238.54727743362355,487.43347404524684,0.43448459201388895
846,28.22234229046705,650.0903472603964,430.80293652414014,240.16891097344933,499.7356520034373,0.43593858506944444
847,28.25570203312718,659.7861389041586,434.82117460965594,271.2469145819915,481.98334901826456,0.437275390625
848,28.289061775787303,662.1644555616633,436.42846984386233,280.98561160247016,479.2703920393251,0.4377115885416667
849,28.32242151844743,660.8657822246654,435.57138793754496,302.3945220324356,470.3378989943303,0.4398828125
850,28.355781261107555,658.0963128898662,433.7285551750181,309.95780881297424,488.5972010088153,0.4417708333333333
851,28.389141003767683,656.9885251559464,432.99142207000716,318.64852075540244,503.5590599873103,0.4435883246527778
852,28.42250074642781,657.2954100623787,434.1965688280028,332.6828414682293,483.4573339903727,0.4442730034722222
853,28.455860489087936,656.6681640249516,436.1786275312012,333.4337633208645,478.4803260117769,0.4459114583333333
854,28.489220231748064,655.6672656099806,438.47145101248043,327.6475392395306,485.49470299622044,0.4483919270833333
855,28.52257997440819,654.5169062439923,443.8885804049921,329.8090156958124,518.5103139956482,0.4500726996527778
856,28.555939717068316,653.3067624975969,450.5554321619968,332.92360627832494,449.494845001027,0.4509657118055555
857,28.58929945972844,660.3227049990387,441.22217286479867,299.3197690535785,429.1051430045627,0.45397460937499995
858,28.62265920238857,663.1290819996156,440.4888691459195,316.0987780872181,440.6639190274291,0.4552289496527778
859,28.656018945048697,665.7516327998462,446.19554765836773,326.22402836198796,441.82141800411046,0.4565885416666667
860,28.68937868770882,665.3006531199385,451.4782190633471,332.7990369053715,448.4599140123464,0.4588064236111112
861,28.72273843036895,661.3702612479753,449.09128762533885,337.86961476214856,429.8549950472079,0.4604991319444445
862,28.756098173029073,659.7981044991901,451.1365150501356,339.14784590485954,448.7071899930015,0.4610427517361111
863,28.7894579156892,659.1692417996761,454.95460602005414,293.3457664302714,436.46388297202066,0.46189019097222217
864,28.82281765834933,660.4176967198704,459.48184240802163,269.85717036582446,490.60547596309334,0.4619270833333333
865,28.856177401009454,662.4170786879481,464.29273696320865,263.9428681463298,428.43835096573457,0.46329318576388884
866,28.889537143669582,660.9668314751792,470.7170947852835,263.0771472585319,417.8300420171581,0.46413302951388885
867,28.922896886329706,656.6367325900717,480.78683791411345,263.4808589034128,410.4673450347036,0.4652864583333334
868,28.956256628989834,652.6546930360286,489.3147351656454,265.14234356136507,437.348572013434,0.4674978298611111
869,28.989616371649962,651.0618772144114,492.72589406625826,268.05693742454605,424.08839403651655,0.4655230034722222
870,29.022976114310087,647.4247508857645,491.0903576265033,273.72277496981843,517.4319130019285,0.46345703124999993
871,29.056335856970215,648.2199003543059,491.93614305060134,277.4891099879274,489.5226699882187,0.464130859375
872,29.08969559963034,651.5379601417224,498.27445722024044,281.24564399517095,506.962310988456,0.45644856770833336
873,29.123055342290467,652.8651840566888,509.80978288809627,281.24825759806834,479.0789160178974,0.45819986979166666
874,29.156415084950595,645.8960736226755,535.4239131552384,281.24930303922736,466.37430298142135,0.46067274305555556
875,29.18977482761072,654.3584294490702,520.1695652620953,281.2497212156909,494.2741619888693,0.4613791232638889
876,29.223134570270847,655.4933717796281,521.5678261048381,281.9998884862763,467.089423967991,0.46350043402777774
877,29.256494312930972,655.9473487118512,534.1271304419354,281.5499553945105,524.2095009889454,0.47078342013888896
878,29.2898540555911,659.8789394847404,549.6508521767742,280.6199821578042,492.6957719726488,0.4670638020833333
879,29.323213798251228,665.9515757938962,564.8603408707096,282.49799286312157,492.63705796329305,0.46974283854166665
880,29.356573540911352,672.1306303175585,509.44413634828385,289.2491971452486,488.3165060309693,0.4669856770833334
881,29.38993328357148,674.6022521270233,493.27765453931363,292.69967885809956,440.4869010322727,0.4664995659722222
882,29.423293026231605,675.5909008508092,489.81106181572545,293.32987154323973,472.27282996755093,0.46677734374999996
883,29.456652768891733,675.9863603403238,491.4244247262901,294.3319486172959,483.2661079708487,0.46616644965277776
884,29.49001251155186,675.3945441361294,490.569769890516,295.48277944691836,482.41274897009134,0.4672515190972223
885,29.523372254211985,675.9078176544517,488.7279079562063,297.44311177876733,519.2516499664634,0.46751410590277775
886,29.556731996872113,677.6131270617807,490.99116318248264,297.47724471150696,488.8790890108794,0.46847656249999997
887,29.590091739532237,679.0452508247122,493.39646527299305,297.49089788460276,476.54313198290765,0.47054470486111105
888,29.623451482192365,679.618100329885,497.3585861091972,298.24635915384107,451.74657000461593,0.47324001736111104
889,29.656811224852493,672.3472401319541,489.9434344436788,300.7985436615364,466.46190399769694,0.4739995659722222
890,29.690170967512618,667.1888960527815,494.4773737774715,302.5694174646146,461.28035901347175,0.4769856770833333
891,29.723530710172746,665.8755584211127,500.79094951098864,304.02776698584574,460.77207004418597,0.4818739149305556
892,29.75689045283287,669.1002233684449,510.8163798043954,305.3611067943383,483.3571129711345,0.48383029513888887
893,29.790250195492998,672.6400893473781,519.3265519217582,307.3944427177354,449.2779420106672,0.48108506944444446
894,29.823609938153123,677.0560357389512,531.7306207687033,308.20777708709414,455.0587590201758,0.4827419704861111
895,29.85696968081325,679.5724142955805,544.1922483074813,309.28311083483754,459.9267860176042,0.4812044270833334
896,29.89032942347338,682.0789657182322,555.1768993229927,309.71324433393505,455.8545909821987,0.4827126736111111
897,29.923689166133503,683.0815862872929,562.5707597291969,308.3852977335739,442.4284880515188,0.48101345486111113
898,29.95704890879363,679.732634514917,561.0283038916787,302.6041190934295,446.2408320396207,0.47495008680555556
899,29.990408651453755,694.8930538059667,524.4113215566715,299.54164763737185,444.549193023704,0.43743272569444447
900,30.023768394113883,702.4572215223867,518.7645286226686,295.31665905494873,489.34274999191985,0.43979817708333335
901,30.05712813677401,706.9828886089547,525.5058114490676,294.37666362197945,479.74861500551924,0.4427029079861111
902,30.090487879434136,710.2931554435818,540.2023245796271,295.50066544879166,474.18359300354496,0.44743381076388894
903,30.123847622094264,712.3672621774326,556.5809298318509,296.7002661795167,487.2726069879718,0.4433669704861111
904,30.157207364754388,706.4469048709731,540.6323719327404,291.93010647180677,468.0154899833724,0.4480381944444444
905,30.190567107414516,711.5787619483892,522.252948773096,291.52204258872274,475.1051689963788,0.44204318576388885
906,30.223926850074644,711.3815047793557,501.4011795092384,295.1088170354891,459.6746370079927,0.4449815538194445
907,30.25728659273477,713.5526019117423,500.5604718036954,301.0435268141957,423.08951599989086,0.446806640625
908,30.290646335394896,713.6710407646968,507.7241887214782,304.9174107256782,458.5602830047719,0.44716362847222224
909,30.32400607805502,709.2184163058787,513.5896754885913,308.7169642902713,418.39865903602913,0.44647786458333333
910,30.35736582071515,705.9373665223516,518.9358701954365,309.48678571610844,415.6480130041018,0.43943250868055556
911,30.390725563375277,703.8749466089406,522.5743480781748,312.79471428644337,383.2645239890553,0.44063151041666665
912,30.4240853060354,683.5499786435762,500.0297392312699,316.36788571457726,468.6373299919069,0.4423296440972222
913,30.45744504869553,672.4199914574306,503.0118956925078,320.79715428583097,465.0126890046522,0.43583767361111103
914,30.490804791355654,679.2179965829722,532.7047582770032,303.81886171433234,409.4019090407528,0.4371180555555555
915,30.52416453401578,681.9371986331887,550.5819033108013,296.277544685733,501.37836002977565,0.44715169270833327
916,30.55752427667591,682.2748794532755,559.2327613243206,295.5110178742932,476.61419201176614,0.44024848090277774
917,30.590884019336034,680.1599517813102,567.1931045297282,297.4544071497173,451.5094200032763,0.4429915364583334
918,30.624243761996162,682.3139807125242,546.3772418118913,300.481762859887,481.9313019979745,0.4442567274305556
919,30.657603504656286,680.9255922850095,530.5508967247566,292.6927051439549,482.11709200404584,0.4447081163194444
920,30.690963247316414,679.620236914004,525.7203586899027,290.327082057582,534.8482680274174,0.452666015625
921,30.724322989976542,679.0980947656016,526.7881434759611,291.63083282303285,479.5287430169992,0.45292643229166674
922,30.757682732636667,677.3892379062406,530.2152573903844,295.15233312921316,501.0760400327854,0.4533702256944445
923,30.791042475296795,673.7056951624963,531.5861029561538,297.31093325168524,475.74429598171264,0.4541091579861111
924,30.82440221795692,672.9822780649986,518.6344411824615,301.9243733006742,446.8556449864991,0.46187608506944444
925,30.857761960617047,674.9429112259995,517.9537764729845,305.26974932026974,450.7020040182397,0.47168185763888887
926,30.89112170327717,686.2271644903999,511.68151058919375,307.58997393962863,434.36768295941874,0.4751063368055556
927,30.9244814459373,692.2408657961598,521.1726042356775,312.9931598912431,467.326938000042,0.47586046006944444
928,30.957841188597428,690.8963463184639,535.469041694271,303.16439583034065,434.857212996576,0.46437065972222225
929,30.991200931257552,663.3585385273855,520.1876166777084,299.7657583321363,437.1693469583988,0.4608767361111111
930,31.02456067391768,647.0934154109543,518.5750466710834,283.0115622330396,417.2910109627992,0.46166666666666667
931,31.057920416577804,657.0873661643817,484.93001866843343,283.45462489321585,381.8046720116399,0.4567165798611111
932,31.091280159237932,661.0849464657526,480.4720074673733,268.63184995728636,438.75554198166355,0.4509819878472222
933,31.12463990189806,662.6839785863011,484.6888029869493,265.7027399829145,459.5747400308028,0.45212999131944437
934,31.157999644558185,661.8235914345203,492.3755211947797,264.53109599316576,445.0126000447199,0.4522786458333333
935,31.191359387218313,659.9794365738081,501.4502084779119,264.8124383972663,443.52794100996107,0.44424696180555556
936,31.224719129878437,640.4917746295232,482.58008339116475,264.92497535890647,449.1017229738645,0.44483181423611107
937,31.258078872538565,630.4467098518093,485.53203335646594,264.96999014356265,485.6617269688286,0.4351030815972222
938,31.291438615198693,624.9286839407238,492.71281334258646,264.98799605742505,488.2711910177022,0.4359320746527778
939,31.324798357858818,620.4714735762896,503.0851253370347,268.74519842297,435.07472198689356,0.43877712673611113
940,31.358158100518946,641.9385894305158,460.7340501348139,272.49807936918796,495.2274329843931,0.4422764756944445
941,31.39151784317907,650.5254357722063,446.7936200539256,276.9992317476752,471.7314430163242,0.44659830729166666
942,31.424877585839198,653.9601743088825,444.2174480215703,273.5496926990701,459.5647209789604,0.4473426649305556
943,31.458237328499326,653.0840697235531,450.68697920862803,273.66987707962807,497.2360010142438,0.45125000000000004
944,31.49159707115945,650.4836278894211,457.7747916834511,273.71795083185117,513.3860039641149,0.44499023437500007
945,31.52495681381958,647.1934511557686,465.10991667338044,272.9871803327405,461.78083698032424,0.4434364149305556
946,31.558316556479703,629.3773804623074,447.04396666935224,269.6948721330962,469.76778499083593,0.43012803819444445
947,31.59167629913983,626.750952184923,460.81758666774107,268.3779488532385,450.1279699616134,0.43432291666666667
948,31.62503604179996,622.7003808739692,469.3270346670964,266.3511795412953,485.59744301019236,0.43029079861111114
949,31.658395784460083,620.3301523495877,468.2308138668387,261.0404718165181,476.3069389737211,0.4261892361111111
950,31.69175552712021,621.632060939835,463.29232554673547,254.41618872660723,453.2806960050948,0.4241286892361112
951,31.725115269780336,622.152824375934,467.31693021869427,253.26647549064282,461.0195940476842,0.4160525173611111
952,31.758475012440464,623.1111297503736,470.4267720874776,252.80659019625716,449.0880859666504,0.4242588975694444
953,31.79183475510059,634.7444519001494,458.170708834991,257.12263607850286,495.2461260254495,0.42319878472222217
954,31.825194497760716,642.39778076006,459.2682835339964,256.5990544314012,479.8489189706743,0.4227408854166667
955,31.858554240420844,646.209112304024,461.20731341359857,257.1396217725604,459.0595100307837,0.42337022569444444
956,31.89191398308097,638.7336449216097,485.98292536543954,258.8558487090241,473.85197499534115,0.42293077256944445
957,31.925273725741096,641.7434579686438,510.89317014617586,257.29233948360957,498.39301395695657,0.4210687934027778
958,31.958633468401224,664.6973831874575,486.35726805847037,255.91693579344386,526.4609670266509,0.4218619791666667
959,31.99199321106135,657.3789532749831,443.54290722338817,256.1167743173776,507.0404799771495,0.42189019097222225
960,32.02535295372147,653.7015813099931,424.91716288935515,256.1967097269511,507.32324400451034,0.4225325520833333
961,32.058712696381605,652.9806325239973,418.966865155742,256.97868389078036,520.6029610126279,0.4214919704861111
962,32.09207243904173,654.192253009599,416.5867460622968,258.7914735563122,524.6683899895288,0.41338216145833334
963,32.12543218170185,656.1769012038395,418.63469842491867,260.2665894225249,463.8384450227022,0.41171657986111115
964,32.158791924361985,659.2207604815358,417.95387936996735,260.85663576901,480.24822800653055,0.41162109374999994
965,32.19215166702211,657.4383041926143,411.681551747987,261.842654307604,485.5994959943928,0.4127061631944444
966,32.225511409682234,664.9753216770457,464.6726206991947,262.2370617230417,463.53436599019915,0.4046994357638889
967,32.25887115234236,668.7401286708183,490.3690482796779,262.39482468921665,454.8921249806881,0.4042198350694445
968,32.29223089500249,681.4960514683273,484.1476193118711,271.45792987568666,511.75485097337514,0.41406901041666666
969,32.325590637662614,680.598420587331,409.6590477247486,277.3331719502747,461.4965930231847,0.4045746527777778
970,32.35895038032274,677.2393682349323,385.86361908989943,281.93326878010987,439.4734500092454,0.4051779513888889
971,32.39231012298287,676.6457472939728,374.8454476359598,284.523307512044,423.30012703314424,0.40414713541666664
972,32.425669865642995,680.1582989175891,359.9381790543839,286.30932300481754,443.10023897560313,0.4034038628472222
973,32.45902960830312,677.8133195670357,364.4752716217536,288.52372920192704,693.6087499489076,0.40341905381944443
974,32.49238935096325,679.8753278268143,369.29010864870133,290.90949168077077,628.8259309949353,0.4036143663194445
975,32.525749093623375,682.9501311307257,375.7160434594806,294.11379667230835,534.1151199536398,0.40406467013888886
976,32.5591088362835,685.6800524522903,381.2864173837923,294.6455186689233,454.55396495526657,0.4060894097222222
977,32.592468578943624,688.2720209809162,386.5145669535168,296.3582074675693,421.10701702767983,0.4064626736111111
978,32.625828321603755,692.3088083923665,391.6058267814067,297.04328298702774,496.76582601387054,0.3981076388888889
979,32.65918806426388,695.4235233569466,396.6423307125627,298.06731319481105,425.16808497020975,0.40016059027777773
980,32.692547806924004,697.4194093427786,400.1569322850252,299.97692527792435,439.37864201143384,0.3913248697916667
981,32.725907549584136,676.4677637371115,448.06277291401017,299.9907701111697,412.1353810187429,0.39247612847222224
982,32.75926729224426,670.3371054948446,471.7251091656042,303.7463080444679,449.60068503860384,0.39182183159722217
983,32.792627034904385,672.3848421979378,487.19004366624165,302.24852321778724,417.06577403238043,0.3895941840277778
984,32.82598677756451,676.9539368791752,497.8760174664967,307.64940928711485,432.74141900474206,0.388671875
985,32.85934652022464,684.7815747516701,517.1504069865987,309.8097637148459,436.25879898900166,0.39075737847222225
986,32.892706262884765,684.162629900668,526.3601627946393,304.67390548593835,469.3664039950818,0.3981955295138889
987,32.92606600554489,698.9150519602672,500.0440651178558,305.6195621943754,421.70866299420595,0.4009244791666666
988,32.95942574820502,704.0660207841069,491.01762604714224,296.24782487775013,418.14814502140507,0.4018413628472222
989,32.992785490865145,703.8764083136426,485.9070504188568,290.2491299511001,463.5904409806244,0.4012662760416667
990,33.02614523352527,704.550563325457,482.3628201675426,286.3496519804401,402.66310900915414,0.39943901909722224
991,33.0595049761854,707.0702253301829,482.4451280670171,281.039860792176,433.70700400555506,0.39895399305555557
992,33.092864718845526,708.078090132073,482.47805122680677,272.91594431687037,405.68127296864986,0.4073969184027777
993,33.12622446150565,708.4812360528292,482.49122049072287,268.1663777267481,467.79689798131585,0.4047092013888889
994,33.159584204165775,708.6424944211317,482.4964881962892,265.5165510906993,485.559243010357,0.4041796875
995,33.192943946825906,707.9569977684528,483.9985952785157,264.4566204362797,397.8911910089664,0.4024620225694444
996,33.22630368948603,707.682799107381,481.59943811140624,264.03264817451185,416.3148939842358,0.40739474826388894
997,33.259663432146155,705.3231196429524,485.13977524456266,261.6130592698046,459.796363953501,0.4139507378472222
998,33.29302317480629,702.8792478571811,492.5559100978251,260.6452237079219,418.24454395100474,0.4114127604166667
999,33.32638291746641,701.1516991428723,500.02236403913,259.5080894831688,448.8541649770923,0.40849609375
1000,33.359742660126535,701.2106796571491,507.508945615652,258.30323579326756,496.5119899716228,0.41374782986111114
1001,33.39310240278667,709.4842718628595,506.0035782462608,255.57129431730704,471.6793960542418,0.41244140625000003
1002,33.42646214544679,719.5437087451438,503.90143129850446,256.016127753118,427.7600990026258,0.4038161892361112
1003,33.459821888106916,725.0674834980575,491.06057251940166,269.86805123529814,427.1002570167184,0.40506835937499996
1004,33.49318163076704,728.026993399223,481.4242290077607,256.23889606116313,451.49635802954435,0.40084201388888896
1005,33.52654137342717,715.7107973596891,456.5696916031043,256.32888819764764,429.9227990559302,0.4000499131944445
1006,33.559901116087296,710.7843189438756,458.62787664124187,258.53155527905915,417.45806095423177,0.3993793402777778
1007,33.59326085874742,712.5637275775503,472.95115065649674,277.62938787155986,460.95788199454546,0.39677734375000007
1008,33.62662060140755,709.5254910310201,477.18046026259884,283.55175514862395,451.01080497261137,0.3960904947916667
1009,33.65998034406768,709.810196412408,484.8721841050395,285.9207020594495,457.04934099921957,0.3931608072916667
1010,33.6933400867278,709.9240785649633,493.94887364201577,287.0004554845296,523.2956049731001,0.39136393229166666
1011,33.72669982938793,708.4696314259852,503.5795494568065,287.30018219381185,483.7878379621543,0.38939453125
1012,33.76005957204806,707.1378525703942,502.9318197827226,287.4200728775247,498.7742340308614,0.38908203124999996
1013,33.79341931470818,710.3551410281577,495.172727913089,287.4680291510098,450.5811419803649,0.3861360677083333
1014,33.826779057368306,713.1420564112631,492.06909116523553,287.8030279890887,452.8011759975925,0.3940885416666667
1015,33.86013880002844,716.5068225645052,489.3276364660943,279.7412915107724,487.81098797917366,0.36816297743055554
1016,33.89349854268856,714.8527290258022,479.2310545864377,278.82653458023475,467.95445698080584,0.3683279079861111
1017,33.926858285348686,714.1910916103209,478.19242183457504,285.2882694313311,491.83808296220377,0.36872070312500005
1018,33.96021802800882,713.1764366441282,476.27696873382996,281.6122455328375,521.5086429961957,0.37763671875000004
1019,33.99357777066894,710.5205746576513,480.010787493532,282.1448982131351,509.67601902084425,0.37617187499999993
1020,34.02693751332907,705.7082298630608,489.00431499741285,283.8579592852539,498.1091169756837,0.3776616753472222
1021,34.06029725598919,706.0332919452243,461.1017259989652,282.2931837141015,499.7437889687717,0.3770486111111111
1022,34.09365699864932,699.4133167780897,457.44069039958606,280.9172734856406,467.84602996194735,0.37552625868055556
1023,34.12701674130945,696.7653267112358,452.9762761598343,281.8669093942561,483.069088018965,0.37444552951388893
1024,34.16037648396957,694.2061306844943,451.19051046393383,282.9967637577023,443.6056219856255,0.37231011284722226
1025,34.1937362266297,694.6824522737978,453.4762041855736,231.11229604951274,462.6435179961845,0.37832573784722223
1026,34.22709596928983,686.6229809095191,440.8904816742295,226.41024349554144,435.24432700360194,0.3768706597222222
1027,34.26045571194995,682.6491923638076,437.35619266969184,227.06409739821657,423.6433780170046,0.3752994791666666
1028,34.29381545461008,681.059676945523,438.94247706787667,227.3256389592866,425.4426790284924,0.3754763454861111
1029,34.32717519727021,689.4238707782091,427.57699082715067,228.93025558371465,445.511672005523,0.37534505208333335
1030,34.36053493993033,692.0195483112838,421.5307963308602,230.3221022334859,464.75464303512126,0.37696723090277773
1031,34.39389468259046,693.8078193245135,423.61231853234403,230.87884089339445,488.9747929992154,0.37870225694444437
1032,34.42725442525059,695.2731277298053,431.94492741293766,232.60153635735787,483.8796580443159,0.3802973090277778
1033,34.46061416791071,696.6092510919223,439.7779709651751,234.04061454294322,462.0096579892561,0.3840125868055555
1034,34.49397391057084,696.3937004367688,447.41118838606997,236.11624581717732,443.3929839869961,0.3863194444444444
1035,34.52733365323097,697.0574801747075,451.9644753544279,237.69649832687094,438.4040429722518,0.38828342013888895
1036,34.56069339589109,697.322992069883,456.7857901417711,238.32859933074832,458.63532996736467,0.3892154947916666
1037,34.59405313855122,698.9291968279532,464.7143160567086,239.33143973229932,463.0018819589168,0.391953125
1038,34.62741288121135,710.0716787311814,452.8857264226833,240.48257589291975,431.74322397680953,0.3927777777777778
1039,34.66077262387147,716.0286714924725,454.1542905690734,240.94303035716803,455.1271520322189,0.3943630642361111
1040,34.6941323665316,719.1614685969889,462.16171622762937,241.87721214286725,434.678224963136,0.3974479166666667
1041,34.72749210919172,720.4145874387956,468.3646864910517,243.00088485714693,427.06155695486814,0.4013943142361111
1042,34.760851851851854,722.4158349755182,470.8458745964207,244.20035394285873,475.79370898893103,0.40378689236111115
1043,34.79421159451198,726.2163339902074,468.8383498385683,243.1801415771435,441.59714598208666,0.40522786458333326
1044,34.8275713371721,729.236533596083,465.0353399354273,222.52205663085738,430.5860919994302,0.3957888454861111
1045,34.860931079832234,731.1946134384332,468.0141359741709,215.75882265234304,413.16443105461076,0.398173828125
1046,34.89429082249236,733.4778453753734,475.20565438966844,213.80352906093714,418.48283499712124,0.4003689236111111
1047,34.92765056515248,732.8911381501493,478.0822617558674,213.77141162437488,426.6969540040009,0.40189127604166675
1048,34.961010307812614,728.9064552600597,480.73290470234696,214.5085646497499,416.2910779705271,0.4032194010416667
1049,34.99437005047274,728.0625821040239,483.29316188093884,214.80342585989996,414.4901849795133,0.4051974826388889
1050,35.02772979313286,726.9750328416094,488.81726475237554,215.67137034395998,440.1999399997294,0.4065071614583334
1051,35.06108953579299,727.2900131366439,498.5269059009502,216.018548137584,430.89674500515684,0.4065060763888888
1052,35.09444927845312,728.9160052546574,514.41076236038,217.65741925503357,411.1468389746733,0.3981629774305555
1053,35.127809021113244,712.316402101863,504.2643049441522,217.56296770201337,425.86846998892725,0.39816731770833325
1054,35.16116876377337,720.6765608407452,536.2057219776609,218.27518708080532,416.68813599972054,0.3998404947916667
1055,35.1945285064335,728.5206243362982,563.9822887910644,217.06007483232204,407.7989740180783,0.40130750868055554
1056,35.227888249093624,720.4082497345194,525.5929155164258,239.82402993292885,412.3618070152588,0.398798828125
1057,35.26124799175375,719.4132998938078,508.73716620657035,233.17961197317155,436.0851180390455,0.3996875
1058,35.29460773441387,722.015319957523,504.99486648262814,232.77184478926867,452.40979798836634,0.40119140625000005
1059,35.327967477074004,709.5561279830093,476.4979465930513,233.3587379157075,439.2547339666635,0.41078125
1060,35.36132721973413,706.0724511932037,465.0991786372205,232.93237107792328,444.28935000905767,0.41137261284722226
1061,35.39468696239425,708.4289804772814,462.0396714548882,228.88739806651316,453.44344299519435,0.41151909722222224
1062,35.428046705054385,710.1215921909127,468.3158685819553,235.55495922660538,431.78814102429897,0.41052408854166667
1063,35.46140644771451,710.798636876365,473.8263474327822,238.97198369064225,391.82297396473587,0.4121647135416666
1064,35.494766190374634,710.319454750546,480.5305389731128,239.58879347625697,444.6386739728041,0.4141156684027778
1065,35.528125933034765,709.3777819002185,487.7122155892449,253.3355173905028,418.80952299106866,0.41326822916666667
1066,35.56148567569489,718.7511127600874,471.0848862356978,256.59931755283037,413.8383059762418,0.4200607638888889
1067,35.594845418355014,721.000445104035,467.4339544942791,257.8897270211321,393.8935379846953,0.4200900607638889
1068,35.62820516101514,718.900178041614,465.9735817977117,266.6558908084528,446.1120550404303,0.4180447048611111
1069,35.66156490367527,717.3100712166456,466.8894327190847,268.6623563233811,459.6772690420039,0.41774197048611117
1070,35.694924646335394,715.1740284866582,470.2557730876339,271.71494252935247,455.90961299603805,0.4149283854166667
1071,35.72828438899552,712.8196113946632,468.60230923505344,275.9359770117409,437.6698450068943,0.4151009114583333
1072,35.76164413165565,699.8778445578654,479.9409236940214,276.6889529116925,419.5520490175113,0.4145290798611111
1073,35.795003874315775,696.201137823146,487.4763694776085,268.175581164677,427.62731795664877,0.40314453125000005
1074,35.8283636169759,696.9804551292583,488.99054779104335,265.5202324658708,420.7936940365471,0.4034255642361111
1075,35.86172335963603,695.0421820517033,494.0962191164174,265.20809298634833,478.32958499202505,0.4042979600694444
1076,35.895083102296155,689.0168728206813,500.63848764656706,265.8332371945393,427.9903110000305,0.40353515625
1077,35.92844284495628,677.6067491282726,518.255395058627,265.33329487781566,443.8729530083947,0.403466796875
1078,35.961802587616404,669.2926996513091,535.8021580234508,265.8833179511263,397.6420550025068,0.4118250868055555
1079,35.995162330276536,662.2170798605237,547.3208632093804,265.3533271804505,426.0052749887109,0.4118641493055555
1080,36.02852207293666,655.6368319442095,553.428345283752,265.89133087218016,402.58384600747377,0.40332465277777774
1081,36.061881815596784,663.5047327776838,528.871338113501,266.10653234887207,396.1189729743637,0.41239149305555556
1082,36.095241558256916,666.6518931110736,519.0485352454004,266.9426129395489,421.98136501247063,0.41296875
1083,36.12860130091704,667.9107572444295,515.1194140981602,267.2770451758196,421.44613701384515,0.4127191840277778
1084,36.161961043577165,674.4143028977717,507.54776563926407,266.6608180703278,394.62894201278687,0.41268880208333336
1085,36.195320786237296,678.5157211591087,507.51910625570576,265.6643272281311,397.5558349629864,0.41166666666666674
1086,36.22868052889742,683.1562884636435,516.5076425022822,262.2657308912524,443.1993759935722,0.4116872829861111
1087,36.262040271557545,673.7625153854574,497.60305700091294,260.156292356501,444.7929209563881,0.41137152777777775
1088,36.29540001421767,658.005006154183,520.0412228003652,259.31251694260044,426.58363602822646,0.4108344184027778
1089,36.3287597568778,679.4520024616734,461.51648912014605,263.4750067770402,440.9432919928804,0.4049652777777778
1090,36.362119499537926,668.5308009846693,480.1065956480585,265.8900027108161,475.66248098155484,0.4047428385416667
1091,36.39547924219805,667.1623203938677,490.5426382592235,266.1060010843265,427.1867659990676,0.4046950954861111
1092,36.42883898485818,666.6149281575472,494.71705530368934,266.19240043373054,443.5413500177674,0.404443359375
1093,36.462198727518306,686.6459712630189,449.8868221214758,261.72696017349233,407.5241090031341,0.40637152777777785
1094,36.49555847017843,694.6583885052075,431.95472884859043,259.1907840693969,403.5323510179296,0.40743055555555563
1095,36.528918212838555,702.363355402083,418.78189153943623,258.92631362775876,396.32130099926144,0.40767361111111106
1096,36.562277955498686,705.4453421608332,416.51275661577444,256.57052545110344,412.40848298184574,0.4081488715277778
1097,36.59563769815881,704.4281368643334,420.1051026463098,255.62821018044133,430.4949489887804,0.41051215277777775
1098,36.628997440818935,701.0212547457334,424.54204105852403,255.25128407217647,462.79985998990014,0.4029242621527778
1099,36.66235718347907,697.4085018982933,427.81681642340965,254.35051362887057,426.6348259989172,0.41105251736111115
1100,36.69571692613919,689.2134007593174,439.6267265693639,246.4902054515482,455.2867109887302,0.4102701822916667
1101,36.729076668799316,679.185360303727,457.8506906277456,242.5960821806193,404.15268897777423,0.4097200520833334
1102,36.76243641145945,675.1741441214908,474.14027625109816,247.78843287224768,386.44758600275964,0.4089442274305556
1103,36.79579615411957,674.3196576485963,482.15611050043935,251.3653731488991,409.06001499388367,0.41034179687500005
1104,36.829155896779696,675.4778630594385,491.3624442001758,252.7961492595596,376.3320110156201,0.4113422309027778
1105,36.86251563943982,675.9411452237754,501.04497768007036,254.86845970382382,382.2538219974376,0.4131325954861111
1106,36.89587538209995,676.8764580895102,512.4179910720281,257.1973838815295,387.5602489570156,0.4142230902777778
1107,36.929235124760076,674.250583235804,528.9671964288112,263.3789535526118,393.84260203223675,0.4140809461805555
1108,36.9625948674202,670.2002332943216,544.5868785715245,263.60158142104467,383.44430399592966,0.4149913194444444
1109,36.99595461008033,665.5800933177286,562.8347514286098,259.19063256841787,398.8900750409812,0.4148003472222222
1110,37.02931435274046,661.4820373270915,574.6339005714439,251.4262530273671,434.8505259840749,0.41549045138888896
1111,37.06267409540058,659.8428149308365,591.3535602285774,248.3205012109469,424.13981299614534,0.41680555555555554
1112,37.09603383806071,679.4371259723346,503.54142409143094,247.82820048437878,373.44900897005573,0.4196321614583334
1113,37.12939358072084,679.0248503889338,460.91656963657226,249.88128019375145,393.2152430061251,0.42293511284722224
1114,37.16275332338096,673.6099401555736,457.366627854629,250.70251207750056,376.25909998314455,0.4252940538194444
1115,37.196113066041086,667.6939760622295,463.4466511418516,251.78100483100025,413.1812449777499,0.42660481770833325
1116,37.22947280870122,664.5775904248917,470.3786604567406,254.4624019324001,416.1080399644561,0.41821072048611113
1117,37.26283255136134,664.8310361699566,476.15146418269615,255.53496077295998,417.4182830029167,0.421044921875
1118,37.296192294021466,667.1824144679827,482.9605856730784,254.46398430918396,425.04211101913825,0.42371310763888886
1119,37.3295520366816,668.8729657871932,496.1842342692314,254.03559372367354,438.6642810422927,0.42941623263888884
1120,37.36291177934172,673.2991863148773,505.97369370769263,253.8642374894693,430.2738680271432,0.4298318142361111
1121,37.39627152200185,669.8196745259509,499.38947748307714,252.29569499578773,464.6853629965335,0.4302018229166667
1122,37.42963126466198,668.4278698103805,496.7557909932309,250.91827799831515,491.7177129536867,0.4253244357638889
1123,37.4629910073221,667.1211479241521,500.2023163972923,251.117311199326,439.2226460040547,0.4236838107638889
1124,37.49635074998223,668.0984591696608,501.58092655891693,250.4469244797304,443.90130502870306,0.42425889756944446
1125,37.52971049264235,666.9893836678643,508.13237062356677,253.92876979189222,419.54295901814476,0.4234244791666667
1126,37.56307023530248,674.7957534671457,461.2529482494267,254.5715079167568,426.11331201624125,0.4226909722222223
1127,37.59642997796261,677.9183013868583,445.5011792997706,254.82860316670278,415.6283810152672,0.420341796875
1128,37.62978972062273,679.9173205547434,443.7004717199082,255.68144126668108,443.838020961266,0.42046657986111113
1129,37.66314946328286,681.4669282218973,447.4801886879633,258.2725765066724,428.95127000520006,0.42031141493055557
1130,37.69650920594299,682.8367712887589,453.49207547518523,258.559030602669,446.6599120059982,0.42091796875
1131,37.72986894860311,683.3847085155036,461.89683019007396,257.9236122410676,456.1806629644707,0.42352430555555565
1132,37.76322869126324,684.3538834062014,472.75873207602956,257.66944489642697,474.1139700054191,0.4255457899305556
1133,37.79658843392337,686.2415533624805,483.10349283041177,259.06777795857073,441.4512270013802,0.4271495225694444
1134,37.82994817658349,687.7466213449923,494.74139713216465,258.8771111834283,453.9862180245109,0.42827148437500007
1135,37.86330791924362,688.3486485379968,499.39655885286584,259.5508444733713,440.8352119498886,0.42822916666666666
1136,37.89666766190375,699.8394594151988,472.7586235411465,262.07033778934846,433.9932940201834,0.4221213107638889
1137,37.93002740456387,697.6857837660795,469.60344941645843,263.8281351157394,397.96610100893304,0.42237304687500005
1138,37.963387147224,693.0743135064318,472.84137976658326,264.53125404629577,391.6134450118989,0.4291189236111111
1139,37.99674688988413,686.7297254025727,477.1365519066333,262.5625016185182,395.3109789872542,0.4236469184027778
1140,38.03010663254425,680.441890161029,480.3546207626533,266.27500064740724,403.3030080026947,0.4229600694444445
1141,38.06346637520438,671.9267560644116,484.64184830506144,267.7600002589629,400.151560024824,0.42386393229166663
1142,38.0968261178645,667.0207024257647,489.3567393220246,269.1040001035852,428.42828296124935,0.4247309027777778
1143,38.130185860524634,669.5582809703059,482.24269572880985,270.3916000414341,432.7132739708759,0.4326649305555556
1144,38.16354560318476,671.3233123881224,477.89707829152405,270.90664001657365,454.8399019986391,0.4347612847222222
1145,38.19690534584488,666.7793249552489,474.6588313166096,270.3626560066294,421.99222202179953,0.4305609809027778
1146,38.230265088505014,660.4617299820995,476.3635325266438,270.14506240265166,403.3280829899013,0.4343381076388889
1147,38.26362483116514,656.4346919928397,474.0454130106575,267.8080249610607,405.19629302434623,0.43807942708333336
1148,38.29698457382526,655.573876797136,474.61816520426294,266.8732099844243,419.42215501330793,0.4391373697916667
1149,38.330344316485395,655.9795507188544,479.34726608170513,262.7492839937697,406.21574997203425,0.4380262586805555
1150,38.36370405914552,636.6418202875417,445.23890643268203,264.09971359750784,401.2230049702339,0.4365776909722222
1151,38.39706380180564,631.1567281150167,430.0955625730728,264.63988543900314,391.5196930174716,0.43741970486111115
1152,38.43042354446577,630.4626912460067,427.0382250292292,266.35595417560125,389.14897199720144,0.4450054253472222
1153,38.4637832871259,632.4350764984027,430.3152900116918,267.0423816702405,383.55676003266126,0.44461480034722217
1154,38.497143029786024,635.4740305993611,433.12611600467665,267.3169526680962,418.8710959861055,0.43969943576388887
1155,38.53050277244615,636.6896122397444,434.2504464018707,268.1767810672385,464.6695090341382,0.4387044270833334
1156,38.56386251510628,640.9258448958976,427.2001785607482,267.77071242689544,471.76069201668724,0.43800998263888896
1157,38.597222257766404,646.3703379583591,428.8800714242993,266.8582849707582,451.3706989819184,0.43247938368055555
1158,38.63058200042653,647.7981351833437,431.0520285697197,266.49331398830327,426.68040201533586,0.4346451822916666
1159,38.66394174308666,646.1192540733375,430.420811427888,267.8473255953213,410.8362440019846,0.43622070312500005
1160,38.697301485746785,641.697701629335,437.66832457115527,264.6389302381285,454.4750479981303,0.4365657552083333
1161,38.73066122840691,637.679080651734,445.06732982846216,261.1055720952513,432.88441200274974,0.4416004774305556
1162,38.76402097106703,636.0716322606937,448.026931931385,258.1922288381005,432.55181499989703,0.4428656684027778
1163,38.797380713727165,646.6786529042776,477.71077277255404,256.2768915352403,431.007897015661,0.45086480034722215
1164,38.83074045638729,633.671461161711,461.08430910902166,254.76075661409612,411.9851140421815,0.45474717881944443
1165,38.864100199047414,631.4685844646845,460.43372364360863,254.9043026456385,432.79889604309574,0.4516037326388889
1166,38.897459941707545,629.0874337858737,463.1734894574435,257.2117210582554,410.7087519951165,0.4548491753472222
1167,38.93081968436767,619.8849735143496,480.7693957829774,258.8846884233021,392.17702503083274,0.4536794704861111
1168,38.964179427027794,610.9539894057398,498.3077583131909,260.30387536932085,397.04903395613655,0.453212890625
1169,38.99753916968792,616.381595762296,484.3231033252764,262.3715501477284,414.4484539865516,0.45407877604166663
1170,39.03089891234805,619.3026383049184,477.22924133011054,263.9486200590914,426.41882895259187,0.44517469618055555
1171,39.064258655008175,619.7210553219672,472.8916965320441,258.57944802363653,426.0924629634246,0.44550347222222225
1172,39.0976183976683,620.6384221287869,472.6566786128176,257.18177920945465,422.14909300673753,0.44579318576388893
1173,39.13097814032843,621.0053688515147,475.56267144512697,258.12271168378186,409.88538396777585,0.4469129774305556
1174,39.164337882988555,621.1521475406059,479.7250685780508,258.2387690503891,447.8883640258573,0.44800889756944445
1175,39.19769762564868,619.7108590162424,481.39002743122035,257.7955076201557,421.62087600445375,0.4408528645833333
1176,39.23105736830881,618.3843436064969,495.55601097248814,259.11820304806224,403.16593705210835,0.44028320312499997
1177,39.264417110968935,622.3537374425987,480.22240438899524,261.14728121922496,395.6613120390102,0.4424717881944444
1178,39.29777685362906,626.1914949770395,475.5889617555981,258.90677656764194,450.3765410045162,0.4431336805555555
1179,39.331136596289184,626.9765979908159,472.2355847022392,255.81271062705673,417.17509197769687,0.44304361979166673
1180,39.364496338949316,628.0406391963263,475.3942338808956,252.32508425082273,411.74202295951545,0.4373090277777778
1181,39.39785608160944,650.9662556785305,455.6576935523583,249.430033700329,394.6834849775769,0.4390060763888889
1182,39.431215824269565,648.8865022714123,425.2630774209434,247.52201348013153,403.0649540363811,0.44032769097222224
1183,39.464575566929696,647.3046009085649,417.6052309683773,245.25880539205264,376.95281201740727,0.4421028645833333
1184,39.49793530958982,645.9218403634259,422.04209238735086,244.3535221568211,387.0977140031755,0.43789388020833336
1185,39.531295052249945,644.6187361453703,428.31683695494036,243.24140886272846,400.39923798758537,0.43423394097222223
1186,39.564654794910076,644.8474944581482,435.3267347819761,239.79656354509132,414.2211370053701,0.4305870225694444
1187,39.5980145375702,645.6889977832591,442.63069391279043,236.91862541803647,415.7323120161891,0.42838867187500007
1188,39.631374280230325,647.5255991133037,454.5522775651162,232.76745016721458,422.5859419675544,0.4212044270833333
1189,39.66473402289045,658.0102396453215,442.82091102604653,232.60698006688585,471.3683190057054,0.4151888020833333
1190,39.69809376555058,666.7040958581285,444.1283644104185,223.54279202675434,452.98055303283036,0.40796440972222225
1191,39.731453508210706,658.9316383432515,422.15134576416733,220.66711681070163,432.4300779844634,0.4078645833333334
1192,39.76481325087083,657.3226553373006,413.360538305667,218.01684672428058,419.7865409660153,0.4091471354166667
1193,39.79817299353096,658.9290621349203,408.34421532226685,216.9567386897122,421.3772130315192,0.4170855034722222
1194,39.831532736191086,661.0716248539679,406.33768612890674,217.28269547588485,417.3397370032035,0.4172688802083333
1195,39.86489247885121,662.6786499415873,404.0350744515627,219.66307819035393,428.85763000231236,0.4174392361111111
1196,39.89825222151134,664.071459976635,404.614029780625,222.11523127614151,415.3252439573407,0.41103298611111116
1197,39.931611964171466,669.128583990654,398.84561191225004,223.84609251045669,393.582250981126,0.41148111979166657
1198,39.96497170683159,673.4014335962615,395.0382447649001,228.28843700418264,377.76018999284133,0.41113172743055554
1199,39.998331449491715,675.8605734385046,398.0152979059601,224.81537480167304,390.3662450029515,0.41110677083333336
1200,40.03169119215185,677.5942293754018,400.7061191623839,209.9261499206692,397.48361898818985,0.41223198784722215
1201,40.06505093481197,678.2876917501607,404.78244766495345,219.72045996826765,388.5192529996857,0.41268446180555557
1202,40.098410677472096,676.3150767000643,407.91297906598146,228.13818398730706,434.45928202709183,0.4132183159722222
1203,40.13177042013223,676.2760306800258,410.6651916263925,231.5052735949228,400.44990001479164,0.4145724826388889
1204,40.16513016279235,676.2604122720103,411.76607665055707,233.60210943796915,388.2498180028051,0.41616102430555557
1205,40.198489905452476,663.5041649088041,389.70643066022274,235.19084377518766,376.4036330394447,0.4172005208333333
1206,40.2318496481126,656.9016659635217,383.8825722640891,236.576337510075,423.5632269992493,0.4167697482638889
1207,40.26520939077273,651.2606663854086,384.55302890563576,237.13053500402998,431.45724199712276,0.4166851128472222
1208,40.298569133432856,646.0042665541636,390.82121156225423,238.1022140016121,394.08751600421965,0.4162141927083334
1209,40.33192887609298,641.6517066216654,394.8284846249018,239.24088560064487,408.99058600189164,0.4166634114583333
1210,40.36528861875311,638.4106826486661,402.4313938499607,249.44635424025802,433.76226600958034,0.4164626736111111
1211,40.39864836141324,643.8642730594665,421.9725575399842,251.27854169610316,457.0680700126104,0.4113585069444445
1212,40.43200810407336,645.2957092237865,431.2890230159937,252.7614166784412,408.23555702809244,0.41176323784722224
1213,40.46536784673349,644.3682836895147,432.01560920639747,253.3545666713764,450.4800430149771,0.4118804253472222
1214,40.49872758939362,648.4973134758059,441.306243682559,255.84182666855065,444.0363759640604,0.4050477430555556
1215,40.53208733205374,644.8989253903223,437.52249747302363,258.3367306674202,447.63921899721026,0.40455512152777784
1216,40.565447074713866,644.2095701561288,443.5089989892094,260.08469226696815,439.84902900410816,0.4054926215277778
1217,40.598806817374,637.9338280624517,448.9035995956838,261.53387690678727,361.9879820034839,0.39949435763888885
1218,40.63216656003412,630.1735312249807,449.5614398382736,250.86355076271488,414.1526829916984,0.39765842013888897
1219,40.665526302694246,642.8194124899924,424.32457593530944,242.84542030508598,422.6072109886445,0.4013454861111111
1220,40.69888604535438,645.6277649959969,409.72983037412376,243.38816812203441,403.9296479895711,0.4017469618055556
1221,40.7322457880145,647.5011059983989,402.39193214964956,240.6052672488138,380.3139860392548,0.3951790364583333
1222,40.76560553067463,649.7504423993596,417.45677285985977,236.4921068995255,398.73494702624157,0.39870659722222224
1223,40.79896527333476,649.1501769597437,426.4827091439439,234.09684275981022,411.86481300974265,0.4014984809027778
1224,40.83232501599488,645.1600707838975,422.59308365757755,232.3887371039241,409.0349239995703,0.40407552083333337
1225,40.86568475865501,645.814028313559,425.53723346303093,230.9554948415697,442.7266769926064,0.4056065538194444
1226,40.89904450131513,646.0756113254236,426.7148933852124,230.3821979366279,399.3421129998751,0.40689344618055556
1227,40.93240424397526,634.1802445301694,406.1859573540849,230.15287917465116,424.4368299841881,0.4014149305555556
1228,40.96576398663539,630.1720978120677,399.4743829416339,230.06115166986046,406.19628300191835,0.4002191840277778
1229,40.99912372929551,636.8188391248272,377.28975317665356,230.02446066794423,401.9517690176144,0.4061729600694445
1230,41.03248347195564,640.9775356499308,362.4159012706613,227.7597842671777,361.6939630010165,0.40270941840277785
1231,41.06584321461577,639.6410142599723,362.4663605082645,223.10391370687108,409.00154801784083,0.40119574652777784
1232,41.09920295727589,638.3564057039889,363.98654420330587,220.49156548274846,477.043317980133,0.39721571180555554
1233,41.132562699936024,638.5925622815956,369.09461768132235,220.19662619309946,437.82605801243335,0.3940006510416667
1234,41.16592244259615,640.9370249126382,378.63784707252887,220.82865047723976,448.54013196891174,0.39082573784722224
1235,41.19928218525627,639.6248099650553,386.9551388290117,220.33146019089594,453.9098549867049,0.3893131510416667
1236,41.2326419279164,636.0999239860222,396.2820555316048,219.3825840763584,446.84923300519586,0.39404839409722225
1237,41.26600167057653,631.6899695944089,406.012822212642,218.25303363054337,421.7285609920509,0.39239474826388887
1238,41.29936141323665,628.4259878377635,412.90512888505674,222.30121345221738,388.6341389734298,0.3945757378472222
1239,41.33272115589678,625.6203951351054,412.6620515540226,217.170485380887,420.2162100118585,0.385087890625
1240,41.36608089855691,637.2481580540422,387.064820621609,209.11819415235482,417.3723610001616,0.38265407986111116
1241,41.39944064121703,636.6492632216168,387.3259282486435,202.14727766094197,443.4530989965424,0.3814312065972222
1242,41.43280038387716,613.9097052886467,378.4303712994574,197.1089110643768,475.73893499793485,0.3825227864583334
1243,41.46616012653728,599.5638821154587,364.37214851978285,194.34356442575069,457.31008402071893,0.38456054687499996
1244,41.499519869197414,597.5755528461834,354.24885940791296,192.4874257703003,483.3140349946916,0.3843641493055556
1245,41.53287961185754,597.5302211384734,354.69954376316514,191.74497030812012,484.3646560329944,0.38354166666666667
1246,41.56623935451766,598.2620884553893,359.37981750526603,189.94798812324808,443.31884995335713,0.38125759548611104
1247,41.599599097177794,597.8048353821557,359.7519270021064,186.22919524929915,454.76434100419283,0.376552734375
1248,41.63295883983792,594.6219341528623,368.90077080084257,185.49167809971962,434.00431697955355,0.37689344618055554
1249,41.66631858249804,612.098773661145,383.06030832033696,185.94667123988785,433.01537400111556,0.3774620225694444
1250,41.699678325158175,618.3395094644579,390.22412332813474,187.6286684959551,438.548845006153,0.3786328125
1251,41.7330380678183,619.3358037857831,396.0896493312538,188.301467398382,416.8987140292302,0.37939019097222226
1252,41.76639781047842,619.7343215143133,401.4358597325014,189.32058695935274,420.46629096148536,0.379296875
1253,41.79975755313855,620.6437286057253,405.0743438930007,188.97823478374113,391.53655100381,0.37999457465277775
1254,41.83311729579868,606.7574914422902,378.0297375572002,188.09129391349643,447.69467099104077,0.37751085069444446
1255,41.866477038458804,600.452996576916,365.71189502288,189.23651756539857,451.21458102948964,0.37631184895833325
1256,41.89983678111893,594.1811986307664,365.28475800915203,191.19460702615942,448.4448140137829,0.37769639756944445
1257,41.93319652377906,591.6724794523066,362.1139032036609,191.22784281046378,448.630285973195,0.3785264756944444
1258,41.966556266439184,592.9189917809226,362.34556128146437,195.64009575045708,516.3359019788913,0.37829210069444447
1259,41.99991600909931,593.4175967123691,365.43822451258575,198.25603830018287,455.21297300001606,0.37893337673611116
1260,42.03327575175944,595.1170386849476,369.6752898050343,214.74492973027168,443.21860501077026,0.38037326388888887
1261,42.066635494419565,596.5468154739791,372.87011592201384,223.89797189210867,481.2140869908035,0.3815516493055556
1262,42.09999523707969,597.8687261895916,378.64804636880547,226.80918875684344,449.29437700193375,0.3835546875
1263,42.13335497973981,598.3974904758365,383.95921854752214,228.31713707080036,441.4574070251547,0.3839377170138889
1264,42.166714722399945,598.6089961903347,389.08368741900887,228.5768548283201,458.21099798195064,0.3836545138888889
1265,42.20007446506007,599.4435984761338,395.63347496760343,229.43074193132804,449.29657300235704,0.38352322048611115
1266,42.233434207720194,600.5274393904535,402.75338998704143,229.7722967725312,455.8547629858367,0.38310329861111114
1267,42.266793950380325,601.7109757561815,410.10135599481663,231.40891870901248,487.9724410129711,0.38360351562499995
1268,42.30015369304045,602.9343903024726,417.54054239792663,232.81356748360497,449.55792202381417,0.3914192708333333
1269,42.333513435700574,604.923756120989,423.51621695917055,214.21192167626407,500.66894601332024,0.39014322916666666
1270,42.366873178360706,603.4695024483956,427.40648678366813,215.43476867050566,490.31753599410877,0.39112304687500005
1271,42.40023292102083,596.8878009793582,422.96259471346724,215.92390746820226,471.87372302869335,0.39118489583333327
1272,42.433592663680955,592.7551203917433,427.185037885387,216.86956298728086,443.0453859968111,0.39000759548611114
1273,42.46695240634108,590.3520481566974,436.3740151541548,218.74782519491242,448.00044200383127,0.3894368489583333
1274,42.50031214900121,587.890819262679,443.0496060616619,219.49913007796494,444.82857902767137,0.38797851562499996
1275,42.533671891661335,586.1563277050716,444.2198424246647,219.79965203118596,433.47205402096733,0.3861957465277778
1276,42.56703163432146,596.7125310820286,416.18793696986586,225.98633350132707,451.4953429461457,0.38619574652777783
1277,42.60039137698159,597.9350124328115,401.97517478794634,246.0956152473172,458.2386399852112,0.3866666666666666
1278,42.633751119641715,596.9240049731246,396.29006991517855,255.20010902926686,444.82105399947613,0.3872352430555556
1279,42.66711086230184,597.2696019892498,398.51602796607153,259.682645593745,451.07769197784364,0.3872450086805555
1280,42.700470604961964,596.6578407956999,403.90641118642856,262.873058237498,411.81497095385566,0.3882628038194445
1281,42.733830347622096,596.41313631828,409.0625644745714,264.89922329499916,415.9325920045376,0.3890961371527778
1282,42.76719009028222,594.8152545273119,414.12502578982856,266.45968931799973,401.9695369643159,0.38958875868055554
1283,42.800549832942345,593.4261018109247,420.65001031593124,282.99353842718983,409.56560999620706,0.38928276909722215
1284,42.833909575602476,589.1204407243698,433.7600041263724,301.60200873936196,410.4031550232321,0.3899055989583333
1285,42.8672693182626,599.3981762897479,478.00400165054896,300.91442279452167,391.1700419848785,0.38865668402777787
1286,42.900629060922725,602.0092705158992,498.7016006602195,243.23860860799704,394.89455200964585,0.3886729600694444
1287,42.93398880358286,613.5537082063596,485.9806402640878,245.04544344319888,438.2153819897212,0.38825086805555553
1288,42.96734854624298,616.6714832825438,483.89225610563506,248.76817737727964,437.06897302763537,0.38780815972222216
1289,43.000708288903105,617.9185933130175,483.0569024422541,252.50727095091182,402.72607799852267,0.3865440538194444
1290,43.03406803156323,639.4174373252071,440.7227609769018,257.0029083803647,410.3047199896537,0.3863042534722222
1291,43.06742777422336,622.5169749300828,432.7891043907608,257.30116335214586,427.84019198734313,0.38570963541666664
1292,43.100787516883486,617.2567899720332,429.6156417563043,256.67046534085836,415.9734160057269,0.37976671006944446
1293,43.13414725954361,618.9027159888133,429.8462567025217,254.91818613634334,382.3994600097649,0.3757769097222222
1294,43.16750700220374,623.3110863955253,434.4385026810087,252.71727445453737,382.8240089933388,0.37039605034722217
1295,43.200866744863866,628.07443455821,442.2754010724034,252.58690978181494,388.9277940033935,0.3740993923611111
1296,43.23422648752399,633.729773823284,452.9101604289613,253.284763912726,430.39059499278665,0.37849717881944445
1297,43.26758623018412,640.4919095293135,469.1640641715845,252.8139055650904,399.98578501399606,0.37973415798611115
1298,43.30094597284425,646.9467638117254,486.1656256686339,254.87556222603615,390.47499099979177,0.3745844184027778
1299,43.33430571550437,641.2787055246902,482.46625026745363,258.7002248904145,398.19755096687004,0.376962890625
1300,43.367665458164495,637.5114822098761,489.98650010698145,257.9800899561658,397.1563819795847,0.3792328559027778
1301,43.40102520082463,654.0045928839504,459.99460004279274,258.44203598246634,395.0005209771916,0.38028320312499997
1302,43.43438494348475,654.6018371535803,444.99784001711714,258.6268143929866,405.41268000379205,0.3742762586805556
1303,43.467744686144876,656.3407348614321,441.9991360068468,257.9507257571946,412.2652239748277,0.37698025173611116
1304,43.50110442880501,662.2862939445729,439.2996544027389,254.68029030287778,395.9608590230346,0.37104058159722225
1305,43.53446417146513,667.6645175778292,438.2198617610956,254.12211612115107,439.4573680474423,0.38537651909722226
1306,43.567823914125256,670.5658070311315,436.28794470443825,253.89884644846035,435.81884598825127,0.3859516059027778
1307,43.60118365678538,673.2263228124526,432.51517788177523,252.30953857938405,414.0208540484309,0.3873328993055556
1308,43.63454339944551,675.790529124981,428.0060711527101,249.42381543175358,423.74446796020493,0.38631727430555557
1309,43.66790314210564,674.5662116499923,424.7024284610841,243.01952617270138,416.25065699918196,0.38645724826388894
1310,43.70126288476576,673.3264846599968,421.88097138443356,242.70781046908056,408.2337770378217,0.38068033854166666
1311,43.73462262742589,670.5805938639987,425.25238855377347,244.08312418763222,400.4757899674587,0.38809461805555556
1312,43.76798237008602,667.2322375455996,431.10095542150935,242.3832496750529,381.33312499849126,0.387841796875
1313,43.80134211274614,665.1428950182399,419.94038216860366,239.45329987002117,417.09854605142027,0.3846039496527778
1314,43.83470185540627,667.307158007296,406.47615286744144,239.0313199480085,447.1743419999257,0.3729047309027778
1315,43.8680615980664,668.9228632029185,405.5904611469766,239.61252797920343,444.47245699120685,0.37286241319444435
1316,43.90142134072652,668.0691452811675,411.2361844587907,242.84501119168135,423.66690997732803,0.3700846354166666
1317,43.934781083386646,666.227658112467,413.49447378351636,243.3880044766725,428.5662730108015,0.3695833333333334
1318,43.96814082604678,663.9910632449868,414.3977895134065,245.855201790669,417.1657499973662,0.3693858506944444
1319,44.0015005687069,658.5964252979949,411.7591158053626,248.34208071626756,440.0052559794858,0.36920247395833333
1320,44.03486031136703,656.438570119198,413.7036463221452,248.586832286507,465.02030501142144,0.3692816840277777
1321,44.06822005402716,663.8254280476792,400.9814585288581,250.18473291460288,444.8041870491579,0.3680718315972222
1322,44.10157979668728,669.7801712190717,398.8925834115432,253.4617197520988,442.3664130154066,0.3765473090277777
1323,44.13493953934741,675.1620684876286,407.0570333646173,255.13468790083948,443.46432999009266,0.3766959635416667
1324,44.16829928200754,685.5648273950515,426.82281334584695,255.80387516033585,416.7953480500728,0.3770258246527778
1325,44.20165902466766,685.2259309580205,428.7291253383388,255.32155006413433,466.94771898910403,0.3776866319444445
1326,44.23501876732779,689.5903723832083,426.4916501353356,253.1710916650456,498.0555710499175,0.38367078993055553
1327,44.26837850998791,694.3361489532833,425.59666005413425,252.7684366660182,489.269444020465,0.3818967013888889
1328,44.30173825264804,694.7344595813132,422.2386640216537,251.85737466640728,466.09878598246723,0.3807345920138888
1329,44.33509799530817,693.3937838325253,417.89546560866154,250.74294986656292,468.32341799745336,0.38057291666666665
1330,44.36845773796829,691.35751353301,419.1581862434647,251.79717994662522,453.19373096572235,0.37906032986111104
1331,44.401817480628424,689.7930054132041,421.16327449738594,252.96887197865007,470.32970999134704,0.3786501736111111
1332,44.43517722328855,688.4172021652817,423.4653097989543,253.43754879146,477.63097198912874,0.3774424913194444
1333,44.46853696594867,687.1168808661128,425.88612391958185,254.37501951658396,434.9251679959707,0.3764984809027778
1334,44.501896708608804,685.0967523464451,423.8544495678326,251.00000780663356,402.61949895648286,0.37175672743055554
1335,44.53525645126893,684.2887009385779,423.04177982713315,249.6500031226534,383.861074980814,0.3736111111111111
1336,44.56861619392905,683.9654803754313,425.71671193085336,249.11000124906138,428.6500730086118,0.36627929687499994
1337,44.60197593658918,686.8361921501725,432.7866847723413,247.3940004996246,380.0648560281843,0.3661241319444445
1338,44.63533567924931,699.984476860069,420.61467390893654,243.70760019984988,385.1501509780064,0.3659906684027777
1339,44.66869542190943,705.9937907440276,417.2458695635746,240.73304007993997,420.1268310425803,0.36773763020833333
1340,44.70205516456956,693.3975162976111,427.8983478254299,241.04321603197604,377.9237029957585,0.3689485677083333
1341,44.73541490722969,685.3590065190446,432.15933913017193,240.41728641279045,376.45541096571833,0.3681759982638889
1342,44.768774649889814,685.8936026076178,420.3637356520687,239.41691456511612,423.1705790152773,0.36970160590277773
1343,44.80213439254994,674.8574410430472,399.14549426082743,239.01676582604648,400.4850829951465,0.37200195312500006
1344,44.83549413521006,668.1929764172189,395.158197704331,239.60670633041855,424.5146479806863,0.3709993489583333
1345,44.868853877870194,662.5271905668876,393.5632790817324,236.84268253216743,426.09423102112487,0.37080186631944445
1346,44.90221362053032,658.0108762267549,391.42531163269297,232.73707301286692,424.7165450360626,0.37240668402777777
1347,44.93557336319044,656.9543504907019,389.07012465307724,231.0948292051467,408.49665499990806,0.37337131076388885
1348,44.968933105850574,658.7817401962808,386.62804986123086,228.18793168205866,401.47117897868156,0.3734103732638889
1349,45.0022928485107,661.0126960785124,382.65121994449237,227.0251726728234,396.96183695923537,0.3710394965277778
1350,45.03565259117082,663.405078431405,384.0604879777969,226.56006906912944,406.8480860441923,0.37046657986111114
1351,45.069012333830955,665.8620313725621,387.6241951911187,225.6240276276518,402.9489940148778,0.37001627604166665
1352,45.10237207649108,666.8448125490248,392.0496780764475,224.4996110510607,389.0396029455587,0.3690483940972222
1353,45.135731819151204,668.73792501961,396.81987123057894,222.54984442042428,375.07236999226734,0.36727864583333336
1354,45.16909156181133,667.9951700078439,401.7279484922317,220.26993776816977,414.7637930000201,0.36767903645833333
1355,45.20245130447146,666.1980680031377,403.6911793968927,220.1079751072679,385.30244200956076,0.37146158854166667
1356,45.235811047131584,660.9792272012551,410.4764717587571,218.54319004290716,397.4273930070922,0.3739984809027778
1357,45.26917078979171,652.141690880502,429.69058870350284,217.1672760171629,391.11631200648844,0.36759548611111115
1358,45.30253053245184,647.1066763522008,443.376235481401,214.36691040686514,366.78864096757025,0.37733181423611106
1359,45.335890275111964,645.0926705408802,448.85049419256035,213.2467641627461,388.29987798817456,0.37541666666666673
1360,45.36925001777209,658.537068216352,428.54019767702414,210.5487056650984,482.6904200017452,0.3741948784722222
1361,45.40260976043222,664.6648272865409,409.9160790708096,208.71948226603936,445.46244299272075,0.3725705295138889
1362,45.435969503092345,676.1159309146162,417.46643162832385,208.73779290641573,381.3613560050726,0.3716145833333333
1363,45.46932924575247,673.1963723658464,399.48657265132954,208.74511716256626,405.09442100301385,0.374560546875
1364,45.502688988412594,678.0285489463387,404.29462906053186,208.74804686502648,424.31070702150464,0.36857421874999996
1365,45.536048731072725,677.7114195785352,407.7178516242127,210.99921874601054,413.50075701484457,0.3690190972222222
1366,45.56940847373285,675.3345678314142,407.58714064968507,211.89968749840418,395.5115919816308,0.370732421875
1367,45.602768216392974,669.1338271325657,427.0348562598741,213.00987499936173,345.79344996018335,0.3726573350694445
1368,45.636127959053105,665.9035308530263,442.31394250394965,213.45394999974468,412.305062985979,0.37391276041666666
1369,45.66948770171323,674.3614123412106,431.92557700157977,212.88157999989784,418.72656700434163,0.37451171875
1370,45.702847444373354,678.4945649364843,429.2702308006319,212.65263199995917,416.9177599833347,0.3747710503472222
1371,45.736207187033486,679.3978259745938,432.70809232025283,206.56105279998366,420.19552999408916,0.37926215277777775
1372,45.76956692969361,680.5091303898375,435.5832369281012,204.12442111999343,468.38225598912686,0.38143554687500003
1373,45.802926672353735,681.7036521559351,441.2332947712405,202.39976844799742,464.50078702764586,0.38177517361111113
1374,45.83628641501386,682.931460862374,450.9933179084962,201.70990737919897,435.71022601099685,0.38247612847222223
1375,45.86964615767399,691.6725843449495,441.3973271633985,201.43396295167952,409.36460299417377,0.38364691840277776
1376,45.903005900334115,695.9190337379799,439.05893086535946,201.32358518067184,420.8966810256243,0.38358506944444437
1377,45.93636564299424,695.367613495192,436.62357234614376,202.02943407226877,441.43033400177956,0.3840125868055555
1378,45.96972538565437,695.1470453980768,435.6494289384577,202.3117736289075,444.7467039572075,0.3843142361111111
1379,46.003085128314495,684.5588181592308,414.25977157538296,202.424709451563,476.75823100144044,0.3847211371527778
1380,46.03644487097462,681.0735272636921,407.20390863015314,203.2198837806252,434.1655659954995,0.38623046874999994
1381,46.069804613634744,679.679410905477,401.3815634520613,203.5379535122501,445.8366440376267,0.38585177951388894
1382,46.103164356294876,682.1217643621907,399.05262538082457,204.4151814049,445.83920598961413,0.3872526041666666
1383,46.136524098955,687.5987057448763,398.12105015232976,204.76607256196004,471.8638270278461,0.38846462673611115
1384,46.169883841615125,692.7894822979505,397.74842006093195,204.9064290247839,441.6850440320559,0.3903287760416667
1385,46.203243584275256,696.3657929191802,400.59936802437284,204.96257160991354,453.68490502005443,0.39265842013888896
1386,46.23660332693538,699.296317167672,404.73974720974917,204.98502864396542,453.15397303784266,0.38985677083333337
1387,46.269963069595505,701.2185268670689,410.8958988838998,207.2440114575861,432.98087996663526,0.39019639756944446
1388,46.30332281225564,698.9874107468277,425.35835955356,208.1476045830344,452.78047397732735,0.39094943576388885
1389,46.33668255491576,693.594964298731,440.1433438214241,208.50904183321376,436.90048600547016,0.39165473090277775
1390,46.370042297575885,688.4379857194924,449.05733752856963,208.65361673328553,460.5569110135548,0.3938747829861111
1391,46.40340204023601,681.875194287797,446.622935011428,207.9614466933142,466.554235026706,0.3942914496527778
1392,46.43676178289614,675.5000777151188,441.14917400457114,205.43457867732567,418.39242295827717,0.39321072048611105
1393,46.470121525556266,666.9500310860475,438.95966960182847,203.67383147093028,447.4472269648686,0.3944618055555556
1394,46.50348126821639,661.280012434419,439.5838678407313,202.96953258837215,492.05112300114706,0.3865006510416667
1395,46.53684101087652,680.0120049737676,400.8335471362924,202.68781303534882,441.09500298509374,0.38532443576388886
1396,46.570200753536646,689.0048019895071,388.3334188545171,202.57512521413946,418.8441369915381,0.38444118923611104
1397,46.60356049619677,693.3519207958028,387.8333675418068,202.53005008565577,452.4884879938327,0.3850759548611111
1398,46.6369202388569,695.8407683183211,389.1333470167227,204.01202003426232,485.0760450353846,0.3852549913194445
1399,46.67027998151703,698.3363073273284,392.65333880668913,206.10480801370494,460.3787860251032,0.39175238715277777
1400,46.70363972417715,700.8345229309314,397.06133552267556,207.69192320548194,454.826682980638,0.3920464409722222
1401,46.736999466837275,704.0838091723725,403.32453420907024,209.07676928219274,449.2824880289845,0.3919292534722222
1402,46.77035920949741,708.383523668949,411.829813683628,211.13070771287704,474.0583840175532,0.3928407118055556
1403,46.80371895215753,711.6034094675797,418.23192547345127,213.45228308515078,422.23438405198976,0.3939279513888889
1404,46.837078694817656,715.1413637870319,428.2927701893806,215.8809132340603,403.67795794736594,0.39387695312500004
1405,46.87043843747779,714.3065455148127,430.81710807575223,219.10236529362413,399.23637197352946,0.395380859375
1406,46.90379818013791,710.9726182059251,422.8268432303008,221.89094611744963,379.9770780024119,0.39510742187500003
1407,46.937157922798036,709.63904728237,419.63073729212044,224.50637844697985,404.7755880164914,0.3964290364583334
1408,46.97051766545817,710.6056189129481,424.3522949168483,228.55255137879192,433.2453119568527,0.3986295572916666
1409,47.00387740811829,712.4922475651792,429.24091796673935,230.9210205515168,430.5980720091611,0.4072276475694444
1410,47.03723715077842,713.9968990260718,435.69636718669574,233.36840822060668,467.7838830393739,0.40837890624999995
1411,47.07059689343854,705.5987596104286,423.2785468746783,235.84736328824272,461.72498498344794,0.41002278645833334
1412,47.10395663609867,701.4895038441715,419.8114187498712,237.58894531529705,435.9628889942542,0.41288736979166674
1413,47.1373163787588,699.0958015376685,419.92456749994847,236.03557812611876,429.9391160020605,0.4135687934027778
1414,47.17067612141892,698.1383206150673,419.9698269999793,234.66423125044747,433.2211900036782,0.4147330729166666
1415,47.20403586407905,698.5053282460269,418.4879307999918,234.86569250017902,448.0189489549957,0.40947265624999996
1416,47.23739560673918,698.6521312984108,420.8951723199968,234.94627700007163,465.925074997358,0.4097276475694444
1417,47.2707553493993,698.7108525193644,424.8580689279987,234.2285108000287,427.884120028466,0.4099858940972222
1418,47.304115092059426,697.9843410077457,430.94322757119954,233.19140432001146,433.98123199585825,0.4108355034722222
1419,47.33747483471956,693.9437364030982,443.8772910284797,232.02656172800454,424.63117704028264,0.41228841145833334
1420,47.37083457737968,705.0774945612393,429.55091641139205,230.0606246912018,449.59631300298497,0.41327148437499994
1421,47.40419432003981,709.5309978244959,423.82036656455693,227.02424987648075,449.5482320198789,0.4124034288194445
1422,47.43755406269994,712.0623991297985,426.0281466258227,225.0596999505923,473.5426399856806,0.41393663194444447
1423,47.47091380536006,711.5749596519192,432.9112586503291,225.02387998023693,467.8804129944183,0.4162510850694444
1424,47.50427354802019,710.6299838607677,440.1645034601316,225.00955199209477,448.77305399859324,0.4190798611111111
1425,47.53763329068032,710.2519935443071,443.0658013840526,224.25382079683783,444.57206601509824,0.42069010416666663
1426,47.57099303334044,710.8507974177229,445.7263205536209,225.45152831873514,420.6944269826636,0.4146006944444445
1427,47.60435277600057,711.8403189670892,442.2905282214482,226.680611327494,476.4158650068566,0.41676323784722225
1428,47.63771251866069,702.4861275868357,421.41621128857935,226.42224453099757,457.5118289794773,0.4165386284722222
1429,47.67107226132082,700.2444510347343,416.0664845154316,226.31889781239903,449.6223609894514,0.41605251736111115
1430,47.70443200398095,701.5977804138937,421.42659380617266,223.2775591249596,443.73781100148335,0.41599066840277776
1431,47.73779174664107,705.1391121655574,429.57063752246904,220.56102364998372,429.35737600782886,0.4154654947916666
1432,47.771151489301204,705.8056448662229,434.3282550089876,217.97440945999347,445.17604197608307,0.41602322048611107
1433,47.80451123196133,708.3222579464891,440.73130200359503,216.1897637839973,409.56552705029026,0.4149858940972223
1434,47.83787097462145,713.8289031785956,446.292520801438,215.47590551359895,408.0906579620205,0.41484375
1435,47.871230717281584,719.0315612714382,445.5170083205752,216.69036220543956,414.59362901514396,0.4134049479166667
1436,47.90459045994171,709.8626245085754,425.7068033282302,217.17614488217578,413.78501197323203,0.41277886284722226
1437,47.93795020260183,706.19504980343,420.782721331292,218.8704579528703,345.8513429504819,0.41051106770833334
1438,47.97130994526196,685.9780199213719,390.31308853251676,220.29818318114806,417.1889959834516,0.4091710069444444
1439,48.00466968792209,678.6412079685488,385.62523541300664,220.86927327245922,396.3258399744518,0.4086295572916666
1440,48.03802943058221,674.9564831874194,388.25009416520254,221.09770930898364,418.3458680054173,0.41032660590277775
1441,48.07138917324234,672.7325932749677,393.800037666081,221.9390837235934,436.57900602556765,0.4107465277777778
1442,48.10474891590247,673.3430373099872,396.02001506643234,222.27563348943738,463.62461597891524,0.4066720920138889
1443,48.138108658562594,673.5872149239949,396.90800602657293,224.66025339577504,428.3571680425666,0.40772026909722214
1444,48.17146840122272,672.184885969598,403.26320241062916,226.36410135831002,419.6124959853478,0.4077376302083333
1445,48.20482814388285,668.6239543878391,411.8052809642517,228.545640543324,402.29652501875535,0.40746636284722226
1446,48.238187886542974,665.6995817551358,418.22211238570077,227.9182562173296,409.2154310201295,0.40589518229166666
1447,48.2715476292031,665.2798327020544,419.28884495428036,228.41730248693176,385.57974400464445,0.4064203559027777
1448,48.30490737186322,665.8619330808217,418.2155379817121,229.3669209947727,393.3075770037249,0.3994911024305555
1449,48.338267114523354,664.5947732323287,420.78621519268495,230.49676839790908,418.05139096686617,0.39916015625
1450,48.37162685718348,661.0879092929315,424.8144860770741,230.9487073591637,453.111301001627,0.3874533420138888
1451,48.4049865998436,655.9351637171726,430.9257944308296,227.37948294366547,398.23731797514483,0.3891558159722222
1452,48.438346342503735,650.8740654868691,433.37031777233176,225.95179317746613,421.8883520225063,0.38401584201388883
1453,48.47170608516386,645.8496261947477,443.34812710893266,226.1307172709865,382.98106502043083,0.3847775607638889
1454,48.505065827823984,646.0898504778991,451.83925084357315,226.20228690839457,479.6673479722813,0.38572808159722216
1455,48.53842557048411,641.6859401911597,446.2357003374292,226.98091476335784,437.86196497967467,0.38493815104166673
1456,48.57178531314424,652.6743760764639,424.4942801349717,228.7923659053431,396.0355090093799,0.39274088541666663
1457,48.605145055804364,657.0697504305855,415.7977120539887,229.51694636213722,365.5596729950048,0.39246744791666666
1458,48.63850479846449,658.8279001722343,418.3190848215955,230.5567785448548,394.6328770252876,0.3935177951388889
1459,48.67186454112462,660.2811600688938,423.8276339286382,233.22271141794192,412.6964840106666,0.38778645833333325
1460,48.705224283784744,657.1124640275575,421.53105357145535,234.28908456717681,407.41731197340414,0.38767578125
1461,48.73858402644487,653.594985611023,416.1124214285821,234.71563382687071,467.24329597782344,0.3878656684027778
1462,48.771943769105,652.1879942444092,416.94496857143287,229.63625353074826,442.88042199332267,0.38831271701388886
1463,48.805303511765125,651.6251976977637,426.27798742857306,232.10450141229933,454.97574598994106,0.3872374131944445
1464,48.83866325442525,651.4000790791055,430.01119497142923,232.3418005649197,416.8541990220547,0.3863812934027778
1465,48.872022997085374,655.8100316316421,431.5044779885717,227.1867202259678,430.3352519636974,0.3837771267361111
1466,48.905382739745505,659.824012652657,427.6017911954287,226.62468809038714,393.30863498616964,0.38252061631944445
1467,48.93874248240563,664.4296050610627,420.0407164781714,225.6498752361548,382.1935160085559,0.38619140625000004
1468,48.972102225065754,665.521842024425,412.5162865912687,221.509950094462,412.185428023804,0.38518446180555554
1469,49.005461967725886,665.95873680977,412.50651463650746,220.60398003778477,398.92310003051534,0.383173828125
1470,49.03882171038601,672.133494723908,427.50260585460296,219.491592015114,403.8184559904039,0.3798372395833334
1471,49.072181453046134,678.3533978895632,441.00104234184107,218.29663680604563,399.6753600076772,0.3776356336805555
1472,49.105541195706266,686.0913591558253,453.9004169367365,217.06865472241822,436.8955970276147,0.3822341579861111
1473,49.13890093836639,695.1865436623301,456.06016677469455,215.82746188896726,416.30801203427836,0.37341796875
1474,49.172260681026515,695.8246174649321,444.92406670987793,216.08098475558694,428.97101101698354,0.3806694878472222
1475,49.20562042368664,681.0798469859728,404.46962668395133,215.43239390223474,403.4057690296322,0.3803624131944444
1476,49.23898016634677,677.431938794389,389.7878506735806,214.4229575608938,397.5192249636166,0.3735677083333333
1477,49.272339909006895,681.9727755177555,374.9151402694322,211.76918302435755,380.09291799971834,0.3725954861111111
1478,49.30569965166702,685.2891102071023,371.96605610777294,210.70767320974295,346.6100569930859,0.37145941840277774
1479,49.33905939432715,686.615644082841,379.7864224431092,212.53306928389713,408.06215902557597,0.3603081597222223
1480,49.372419136987276,682.6462576331363,388.9145689772436,213.26322771355888,404.10575101850554,0.36260525173611113
1481,49.4057788796474,678.8085030532545,394.0658275908975,214.3052910854235,414.0242629800923,0.3651703559027778
1482,49.43913862230753,676.523401221302,397.62633103635903,216.22211643416935,416.98047204408795,0.3601529947916667
1483,49.472498364967656,676.3593604885207,403.55053241454357,216.23884657366773,432.5539249693975,0.3616037326388889
1484,49.50585810762778,677.0437441954083,407.4202129658173,214.74553862946715,432.356471021194,0.3639377170138889
1485,49.539217850287905,677.3174976781632,411.9680851863269,213.39821545178688,454.29521397454664,0.3583669704861111
1486,49.572577592948036,681.1769990712653,418.28723407453083,213.60928618071478,457.7642930089496,0.36596896701388887
1487,49.60593733560816,687.2207996285061,426.8148936298122,215.19371447228588,438.57979495078325,0.3654709201388889
1488,49.639297078268285,677.6383198514025,403.225957451925,216.57748578891432,475.40501301409677,0.36278971354166667
1489,49.67265682092842,673.0553279405609,392.29038298077,217.88099431556574,500.7536340272054,0.3611675347222222
1490,49.70601656358854,670.4721311762244,386.41615319230795,217.65239772622624,525.7249770220369,0.35867078993055557
1491,49.739376306248666,670.9388524704898,390.06646127692306,218.31095909049048,471.78555896971375,0.3578982204861111
1492,49.77273604890879,671.1255409881959,394.5265845107693,219.32438363619616,444.3112429580651,0.3570290798611111
1493,49.80609579156892,671.2002163952784,399.3106338043077,221.2297534544785,404.68039200641215,0.35538953993055555
1494,49.839455534229046,671.9800865581113,405.724253521723,223.4919013817914,431.88099801773205,0.3538444010416666
1495,49.87281527688917,673.0420346232445,412.7897014086892,225.14676055271647,451.654642005451,0.3461035156250001
1496,49.9061750195493,680.216813849298,411.1158805634757,227.3087042210865,435.790465970058,0.34789496527777775
1497,49.939534762209426,686.8367255397192,411.94635222539034,228.92348168843455,429.9612159957178,0.3504926215277778
1498,49.97289450486955,691.7346902158876,419.778540890156,229.5693926753738,453.8398660370149,0.35107747395833333
1499,50.00625424752968,680.943876086355,400.4114163560624,230.57775707014946,433.9150289888494,0.3516145833333334
1500,50.03961399018981,677.377550434542,394.16456654242495,230.2311028280597,438.7390799820423,0.3497135416666667
1501,50.07297373284993,684.2010201738168,381.16582661697004,229.34244113122386,430.1824379945174,0.34894314236111107
1502,50.106333475510056,690.6804080695267,386.4663306467879,228.9869764524895,408.98520697373897,0.3474479166666667
1503,50.13969321817019,694.7721632278108,397.5865322587152,228.0947905809958,434.46109298383817,0.34687065972222225
1504,50.17305296083031,685.1588652911244,385.53461290348605,226.98791623239828,420.1966300024651,0.3461653645833333
1505,50.206412703490436,682.0635461164497,385.21384516139443,226.54516649295937,462.81521004857495,0.3466905381944445
1506,50.23977244615057,680.8254184465798,388.0855380645578,225.6180665971837,525.5857160082087,0.3455219184027778
1507,50.27313218881069,683.3301673786319,392.234215225823,223.74722663887349,476.7500919988379,0.3461273871527778
1508,50.306491931470816,677.5820669514528,365.3936860903292,218.49889065554942,456.983428040985,0.3650802951388889
1509,50.33985167413095,674.5328267805812,356.15747443613157,211.89955626221976,460.46959003433585,0.35929578993055555
1510,50.37321141679107,671.8131307122325,355.46298977445275,208.50982250488795,427.1651369635947,0.3604166666666666
1511,50.4065711594512,666.975252284893,362.68519590978116,207.2812173188351,441.613816015888,0.36263020833333326
1512,50.43993090211132,663.5401009139572,368.57407836391246,204.06157160078206,408.181349048391,0.36126410590277774
1513,50.47329064477145,667.4160403655831,360.429631345565,200.12462864031278,457.3166859918274,0.35957031249999993
1514,50.50665038743158,674.9664161462331,351.17185253822595,197.79985145612517,414.3275729729794,0.35343641493055555
1515,50.5400101300917,680.2365664584934,351.96874101529045,195.36994058245006,440.47996297013015,0.3541905381944444
1516,50.57336987275183,690.5946265833973,356.78749640611625,198.75247392741915,433.0495689646341,0.35562174479166664
1517,50.60672961541196,687.9878506333589,342.21499856244645,201.7509895709677,460.50017297966406,0.3575944010416666
1518,50.64008935807208,685.4451402533437,342.38599942497854,198.45039582838706,436.73220596974716,0.3516764322916667
1519,50.67344910073221,683.6780561013375,343.9543997699914,194.88015833135483,420.01621902454644,0.35288519965277776
1520,50.70680884339234,682.2212224405349,343.0817599079966,192.62159576743286,429.57266396842897,0.3547309027777778
1521,50.74016858605246,679.3884889762139,347.2327039631986,193.50772737143978,430.5873590055853,0.3542936197916667
1522,50.77352832871259,676.7553955904856,345.8930815852795,195.15309094857588,463.6617010110058,0.35593207465277776
1523,50.80688807137272,672.7021582361942,345.3572326341117,262.2460629990609,463.98947498528287,0.35596137152777774
1524,50.84024781403284,668.8308632944777,346.6428930536448,277.5406567786257,482.7728450181894,0.35645290798611107
1525,50.87360755669297,665.7823453177912,347.15715722145785,281.2662627114502,433.3813670091331,0.3567545572916666
1526,50.9069672993531,663.8129381271165,348.86286288858315,286.6872179245538,465.6395750353113,0.35829752604166665
1527,50.94032704201322,662.2751752508466,351.04514515543326,307.1961972956344,469.57872196799144,0.3589605034722222
1528,50.97368678467335,663.1600701003388,360.91805806217343,317.18797176536356,514.5663430448622,0.36025173611111116
1529,51.00704652733347,665.0140280401354,370.8672232248693,326.1302864173134,444.89054603036493,0.3610232204861111
1530,51.0404062699936,665.0056112160541,376.3468892899476,329.94290730998216,471.13099199486896,0.3609526909722222
1531,51.07376601265373,664.2522444864217,383.03875571597905,328.81152964883745,451.9958379678428,0.36216145833333324
1532,51.10712575531385,663.9508977945686,394.7155022863916,326.83488691408706,445.37676201434806,0.36253797743055555
1533,51.140485497973984,663.0803591178276,400.88620091455664,320.9309445988498,419.47849898133427,0.36391276041666665
1534,51.17384524063411,675.482143647131,377.8544803658227,321.8723778395399,419.43572903983295,0.36584309895833333
1535,51.20720498329423,674.4428574588524,365.641792146329,323.748951135816,398.7345509813167,0.3669194878472223
1536,51.240564725954364,671.027142983541,366.75671685853166,324.4995804543264,431.608347047586,0.3687771267361111
1537,51.27392446861449,668.1608571934163,370.20268674341264,323.63901456213284,413.95239101257175,0.37601562499999996
1538,51.30728421127461,666.2643428773665,373.0810746973651,319.86860471147656,432.8714520088397,0.3773361545138888
1539,51.34064395393474,665.5057371509465,377.23242987894594,318.4474418845906,478.38062001392245,0.3792784288194444
1540,51.37400369659487,662.9522948603787,377.3929719515785,317.1289767538363,426.33707396453246,0.38101562499999997
1541,51.40736343925499,659.6809179441516,381.95718878063144,257.3568515015822,424.3617780157365,0.3827983940972222
1542,51.44072318191512,655.3723671776606,386.7828755122526,230.48038762620826,425.41392997372895,0.3852300347222223
1543,51.47408292457525,651.3989468710643,396.213150204901,245.84723024891974,404.7089209780097,0.38556532118055553
1544,51.507442667235374,648.3095787484257,405.98526008196046,217.45589097167507,408.4864559699781,0.38101128472222223
1545,51.5408024098955,646.3238314993703,414.3941040327843,218.23235638867004,421.039542008657,0.3823980034722222
1546,51.57416215255563,644.0295325997481,420.75764161311355,218.54294255546804,386.2695749849081,0.3823893229166667
1547,51.607521895215754,640.1118130398993,426.3030566452455,218.66717702218722,421.77807696862146,0.38361545138888886
1548,51.64088163787588,635.5447252159597,437.52122265809817,218.71687080887494,439.3619410111569,0.38681532118055556
1549,51.674241380536,608.9678900863839,392.5084890632394,216.48674832355,430.99148001056165,0.3869108072916666
1550,51.707601123196135,619.3371560345536,407.50339562529587,214.84469932942,471.60525602521375,0.3821440972222222
1551,51.74096086585626,618.9848624138215,395.50135825011836,214.93787973176805,447.085865016561,0.3802962239583333
1552,51.77432060851638,619.5939449655286,392.2005433000473,213.47515189270717,450.5631280480884,0.38127712673611114
1553,51.807680351176515,619.8375779862114,393.8802173200188,212.1400607570828,442.98889802303165,0.38162434895833336
1554,51.84104009383664,620.6850311944846,399.0520869280076,213.85602430283302,437.78254999779165,0.3744715711805555
1555,51.874399836496764,621.0240124777939,404.120834771203,210.7924097211332,381.40541600296274,0.37485243055555556
1556,51.907759579156895,623.4096049911175,410.64833390848105,209.5669638884533,432.47885996242985,0.3767599826388889
1557,51.94111932181702,625.863841996447,419.25933356339243,209.8267855553813,406.33390698349103,0.37510525173611114
1558,51.974479064477144,632.0955367985788,424.2037334253571,210.6807142221524,413.5121610015631,0.37401150173611114
1559,52.00783880713727,638.3382147194316,430.6814933701429,220.02228568886096,419.2688059993088,0.3732552083333333
1560,52.0411985497974,643.8352858877727,436.27259734805716,226.00891427554438,426.514107035473,0.37394422743055555
1561,52.074558292457525,646.0341143551091,435.5090389392228,228.77629010133705,521.293320984114,0.3739941406249999
1562,52.10791803511765,646.9136457420436,429.2036155756891,229.51051604053487,426.5478999586776,0.3729383680555555
