frame,timestamp,v_mps,w_radps,raw_err_x_px,raw_err_theta_deg,filt_err_x_px,filt_err_theta_deg,confidence,status,innovation_x,innovation_theta_deg,median_width,filt_width,n_two_sided,has_line,pending_count,map_status,map_conf,map_innov_x,map_innov_w,support_old,support_new,shift_px
0,1790599433.3705819,0.1497,-0.0247,234.8,-19.29,145.5,14.15,0.54,accepted,0.0,0.00,399,535,6,1,0,no_map,0.38,0.0,0.0,0,1,14.0
1,1790599433.4885287,0.1473,-0.1791,225.9,-13.69,145.6,14.15,0.52,accepted,0.2,0.00,388,535,6,1,0,map_accept,0.47,-7.5,7.3,0,1,14.0
2,1790599433.5953164,0.1439,-0.2914,102.4,2.46,147.4,14.19,0.49,accepted,5.3,0.11,307,527,5,1,0,map_pending,0.50,-46.9,-188.4,3,3,14.0
3,1790599433.6806278,0.1321,-0.3644,205.9,-15.94,147.9,14.21,0.38,pending,5.6,0.33,458,527,4,1,0,map_accept,0.49,4.6,17.2,1,0,14.0
4,1790599433.7680526,0.1238,-0.4119,206.2,-15.96,148.2,14.23,0.31,pending,3.6,0.15,456,526,4,1,0,map_accept,0.52,4.5,23.5,1,0,14.0
5,1790599433.844032,0.1288,-0.4427,209.3,-19.62,149.7,13.90,0.35,accepted,4.3,-0.94,404,521,5,1,0,map_accept,0.56,5.3,23.9,1,1,14.0
6,1790599433.9371867,0.1318,-0.4628,207.3,-19.22,151.4,13.73,0.38,accepted,4.8,-0.49,401,517,5,1,0,map_accept,0.60,7.5,25.1,2,1,14.0
7,1790599434.082897,0.1336,-0.4758,207.3,-19.05,152.3,13.62,0.40,accepted,2.6,-0.30,401,514,5,1,0,map_accept,0.62,7.4,31.1,2,1,14.0
8,1790599434.1634793,0.1347,-0.4843,207.0,-19.20,153.1,13.58,0.41,accepted,2.2,-0.11,403,513,5,1,0,map_accept,0.64,8.2,33.4,2,1,14.0
9,1790599434.2444577,0.1259,-0.4898,197.1,-14.47,153.3,13.61,0.33,pending,3.2,0.38,445,513,4,1,0,map_accept,0.62,9.8,37.1,1,1,14.0
10,1790599434.3176482,0.1281,-0.4934,210.0,0.00,150.6,11.86,0.35,accepted,-7.8,-4.99,421,510,2,1,0,map_accept,0.64,-1.5,31.7,0,1,14.0
11,1790599434.3850224,0.1203,-0.4957,115.2,10.55,150.1,11.83,0.28,pending,-5.6,-0.37,409,510,3,1,0,map_accept,0.61,-2.0,42.6,0,1,14.0
12,1790599434.4877083,0.1158,-0.4972,186.3,-12.13,150.6,11.90,0.23,pending,6.4,0.85,387,510,4,1,0,map_accept,0.63,12.6,55.0,1,1,14.0
13,1790599434.6056905,0.1127,-0.4982,187.8,-12.17,152.2,12.06,0.21,pending,19.9,1.97,389,510,4,1,0,map_accept,0.66,28.0,66.4,1,1,14.0
14,1790599434.7356558,0.1113,-0.4988,187.0,0.00,153.8,11.96,0.19,pending,19.5,-1.24,401,510,2,1,0,map_accept,0.62,27.9,71.6,0,0,14.0
15,1790599434.851048,0.1085,-0.4992,180.7,-11.31,155.4,12.14,0.17,pending,19.7,2.26,408,510,3,1,0,map_accept,0.60,26.1,81.2,0,1,14.0
16,1790599434.9719293,0.1199,-0.4995,208.0,0.00,167.0,13.49,0.27,accepted,33.1,3.84,403,511,2,1,0,map_accept,0.56,40.3,85.9,0,0,14.0
17,1790599435.0888526,0.1153,-0.4997,225.0,-16.05,168.8,13.73,0.23,pending,23.5,3.04,310,512,4,1,0,map_accept,0.58,35.0,91.2,0,0,14.0
18,1790599435.2118466,0.1120,-0.4998,243.9,-18.73,170.7,14.05,0.20,pending,23.2,4.03,312,512,4,1,0,map_accept,0.61,32.1,99.5,2,0,14.0
19,1790599435.2977908,0.1098,-0.4999,245.9,-18.80,172.1,14.31,0.18,pending,17.3,3.20,312,513,4,1,0,map_accept,0.63,24.3,127.3,2,0,14.0
20,1790599435.3684542,0.1182,-0.4999,236.1,-15.46,190.4,16.66,0.26,accepted,52.4,6.71,291,480,5,1,0,map_accept,0.67,58.4,-11.4,3,1,14.0
21,1790599435.4351377,0.1254,-0.4999,236.2,-14.70,203.1,18.18,0.32,accepted,36.1,4.36,291,456,5,1,0,map_accept,0.70,50.4,19.7,3,1,14.0
22,1790599435.5050504,0.1298,-0.5000,239.5,-15.25,212.0,19.19,0.36,accepted,25.4,2.88,290,440,5,1,0,map_accept,0.73,46.3,36.4,3,1,14.0
23,1790599435.5781882,0.1228,-0.5000,243.8,-16.10,209.9,19.31,0.30,pending,-25.6,1.47,252,435,4,1,0,map_hold,0.72,8.9,184.6,3,0,14.0
24,1790599435.647364,0.1160,-0.5000,177.3,-9.19,207.3,19.26,0.24,pending,-32.2,-0.66,234,431,2,1,0,map_pending,0.69,19.6,199.5,2,1,14.0
25,1790599435.7224002,0.1112,-0.5000,183.8,-10.01,204.3,19.10,0.19,pending,-37.4,-1.94,233,427,2,1,0,map_pending,0.67,29.5,204.8,2,1,14.0
26,1790599435.7968264,0.1079,-0.5000,174.9,-8.37,201.1,18.87,0.16,pending,-40.9,-2.95,238,423,2,1,0,map_pending,0.67,39.2,211.7,2,1,14.0
27,1790599435.865556,0.1055,-0.5000,187.8,-10.01,197.6,18.57,0.14,pending,-43.0,-3.75,233,419,2,1,0,map_pending,0.66,46.3,206.8,2,1,14.0
28,1790599435.939267,0.1045,-0.5000,183.8,-9.19,194.1,18.21,0.13,pending,-44.7,-4.42,249,416,3,1,0,map_pending,0.66,42.7,164.9,2,1,14.0
29,1790599436.0163143,0.1172,-0.5000,270.1,-24.22,206.9,19.07,0.25,accepted,36.7,2.44,291,400,5,1,0,map_accept,0.73,85.8,29.4,3,1,14.0
30,1790599436.0969803,0.1249,-0.5000,264.8,-20.85,219.8,19.95,0.32,accepted,36.9,2.53,291,403,5,1,0,map_accept,0.76,80.4,76.4,3,1,14.0
31,1790599436.1671572,0.1294,-0.5000,272.8,-23.85,228.9,20.53,0.36,accepted,26.0,1.65,291,405,5,1,0,map_accept,0.79,67.3,70.3,3,1,14.0
32,1790599436.2376974,0.1322,-0.5000,275.6,-24.22,235.5,20.93,0.38,accepted,18.9,1.15,291,407,5,1,0,map_accept,0.81,59.2,67.0,3,1,14.0
33,1790599436.3055527,0.1338,-0.5000,278.2,-24.13,236.5,20.84,0.40,accepted,2.8,-0.26,288,393,5,1,0,map_accept,0.82,42.9,17.7,3,1,14.0
34,1790599436.3746634,0.1241,-0.5000,258.2,-18.77,236.7,20.88,0.31,pending,3.5,0.46,336,392,3,1,0,map_accept,0.78,42.1,29.2,2,1,14.0
35,1790599436.441016,0.1182,-0.5000,255.3,-17.79,237.0,20.90,0.26,pending,3.0,0.30,287,390,4,1,0,map_accept,0.77,43.7,23.9,2,1,14.0
36,1790599436.5148325,0.1141,-0.5000,259.1,-18.10,237.3,20.93,0.22,pending,4.0,0.27,285,388,4,1,0,map_accept,0.77,48.3,24.7,2,1,14.0
37,1790599436.58464,0.1112,-0.5000,253.2,-17.23,237.8,20.95,0.19,pending,5.7,0.35,270,385,4,1,0,map_accept,0.78,53.3,27.1,3,1,14.0
38,1790599436.655121,0.1095,-0.5000,269.7,-0.25,238.3,20.66,0.18,pending,6.7,-3.62,282,383,2,1,0,map_accept,0.73,56.9,25.9,1,1,14.0
39,1790599436.7223547,0.1082,-0.5000,246.2,0.00,238.3,20.66,0.17,pending,-17.0,-20.66,292,383,1,1,1,map_accept,0.68,34.9,-20.7,0,0,14.0
40,1790599436.790243,0.1074,-0.5000,246.0,0.00,238.3,20.66,0.16,pending,-17.3,-20.66,293,383,1,1,2,map_accept,0.63,40.8,-7.5,0,0,14.0
41,1790599436.858117,0.1069,-0.5000,245.5,0.00,238.3,20.66,0.15,pending,-17.8,-20.66,295,383,1,1,3,map_accept,0.58,43.5,1.3,0,0,14.0
42,1790599436.9224012,0.1065,-0.5000,246.0,0.00,238.3,20.66,0.15,pending,-17.3,-20.66,295,383,1,1,4,map_accept,0.53,45.8,5.4,0,0,14.0
43,1790599436.9854798,0.1069,-0.5000,247.0,0.00,238.3,20.66,0.15,pending,-16.3,-24.53,322,383,2,1,5,map_accept,0.48,47.9,6.8,0,1,14.0
44,1790599437.0526214,0.1072,-0.5000,248.5,0.00,238.3,20.66,0.16,pending,-14.8,-24.59,322,383,2,1,6,map_accept,0.43,50.2,10.6,0,1,14.0
45,1790599437.124518,0.1074,-0.5000,250.2,0.00,238.3,20.66,0.16,pending,-13.0,-24.53,323,383,2,1,7,map_accept,0.42,52.8,15.1,1,1,14.0
46,1790599437.219422,0.1075,-0.5000,252.0,0.00,238.3,20.66,0.16,pending,-11.3,-24.59,322,383,2,1,8,map_accept,0.42,55.3,17.3,1,1,14.0
47,1790599437.2955885,0.1065,-0.5000,268.1,-19.81,238.3,20.66,0.15,pending,-67.3,-29.57,223,383,3,1,9,map_pending,0.49,2.7,136.7,0,0,14.0
48,1790599437.364844,0.1056,-0.5000,250.5,-16.79,238.3,20.66,0.14,pending,-79.9,-28.90,247,383,3,1,10,map_pending,0.52,16.5,137.5,2,0,14.0
49,1790599437.433737,0.1050,-0.5000,247.6,-16.31,238.3,20.66,0.14,pending,-89.4,-28.71,245,383,3,1,11,map_pending,0.56,27.8,141.0,2,0,14.0
50,1790599437.498493,0.1045,-0.5000,240.9,-15.48,238.3,20.66,0.13,pending,-91.9,-30.34,243,383,3,1,12,map_pending,0.59,26.8,134.1,2,0,14.0
51,1790599437.5643914,0.1052,-0.5000,263.8,-23.54,238.3,20.66,0.14,pending,-93.9,-33.52,233,383,4,1,13,map_hold,0.63,25.8,123.6,3,0,14.0
52,1790599437.6326997,0.1053,-0.5000,292.0,-23.81,238.3,20.66,0.14,pending,-94.5,-33.86,235,383,4,1,14,map_hold,0.66,26.7,120.3,3,0,14.0
53,1790599437.6992407,0.1050,-0.5000,288.7,-23.48,238.3,20.66,0.14,pending,-94.7,-34.11,219,383,3,1,15,map_hold,0.66,27.9,112.2,3,1,14.0
54,1790599437.7782676,0.1058,-0.5000,293.4,-24.08,238.3,20.66,0.14,pending,-95.0,-34.68,230,383,4,1,16,map_hold,0.65,28.7,106.4,3,1,14.0
55,1790599437.8500392,0.1063,-0.5000,278.6,-22.43,238.3,20.66,0.15,pending,-96.1,-35.21,226,383,4,1,17,map_hold,0.65,29.8,104.9,3,1,14.0
56,1790599437.9148574,0.1067,-0.5000,272.7,-21.72,238.3,20.66,0.15,pending,-98.2,-35.68,224,383,4,1,18,map_hold,0.64,31.9,106.0,3,1,14.0
57,1790599437.9785247,0.1069,-0.5000,271.0,-21.46,238.3,20.66,0.15,pending,-101.0,-36.11,225,383,4,1,19,map_hold,0.63,36.2,111.4,3,1,14.0
58,1790599438.0447888,0.1064,-0.5000,217.6,-13.12,238.3,20.66,0.15,pending,-104.3,-36.48,231,383,3,1,20,map_hold,0.62,43.3,120.5,3,2,14.0
59,1790599438.1190813,0.1060,-0.5000,234.7,-15.88,238.3,20.66,0.15,pending,-107.7,-37.50,207,383,3,1,21,map_hold,0.61,45.9,123.4,3,2,14.0
60,1790599438.188187,0.1062,-0.5000,230.8,-15.67,238.3,20.66,0.15,pending,-115.6,-36.73,323,383,4,1,22,map_pending,0.61,-58.4,364.8,2,0,14.0
61,1790599438.263407,0.1044,-0.5000,263.6,-20.92,238.3,20.66,0.13,pending,-111.6,-36.11,197,383,2,1,23,map_pending,0.60,54.9,98.4,2,0,14.0
62,1790599438.3313468,0.1031,-0.5000,251.4,-19.69,238.3,20.66,0.12,pending,-111.4,-36.16,196,383,2,1,24,map_pending,0.59,53.4,99.9,2,0,14.0
63,1790599438.401053,0.1184,-0.5000,271.2,-24.73,221.4,19.69,0.26,accepted,-48.3,-2.79,249,369,5,1,0,map_accept,0.62,66.6,64.8,4,2,14.0
64,1790599438.467295,0.1136,-0.5000,242.5,-18.58,221.4,19.69,0.21,pending,-83.2,-37.25,255,369,3,1,1,map_hold,0.61,33.8,91.0,3,0,14.0
65,1790599438.5376596,0.1246,-0.5000,191.5,-8.51,206.6,16.03,0.31,accepted,-42.1,-10.45,268,365,6,1,0,map_accept,0.65,45.1,81.4,3,2,14.0
66,1790599438.6100323,0.1312,-0.5000,196.7,-10.45,198.7,14.18,0.37,accepted,-22.6,-5.28,265,366,6,1,0,map_accept,0.68,42.6,79.5,4,2,14.0
67,1790599438.6795025,0.1394,-0.5000,185.6,-6.66,191.6,12.59,0.45,accepted,-20.5,-4.54,275,371,7,1,0,map_accept,0.72,30.9,85.0,4,1,14.0
68,1790599438.748964,0.1423,-0.5000,163.5,-3.77,186.3,11.19,0.48,accepted,-15.1,-4.01,229,373,6,1,0,map_accept,0.74,22.2,59.4,4,1,14.0
69,1790599438.8248403,0.1428,-0.5000,208.8,-11.04,182.7,10.41,0.48,accepted,-10.3,-2.23,268,377,6,1,0,map_accept,0.77,16.6,51.5,3,0,14.0
70,1790599438.8973181,0.1464,-0.5000,193.7,-6.78,178.5,9.92,0.51,accepted,-11.9,-1.40,251,379,7,1,0,map_accept,0.79,8.0,36.1,4,1,14.0
71,1790599438.9667702,0.1485,-0.5000,209.7,-13.86,174.8,9.38,0.53,accepted,-10.5,-1.56,255,379,7,1,0,map_accept,0.80,4.8,26.2,4,1,14.0
72,1790599439.034786,0.1498,-0.5000,203.6,-15.23,178.9,9.09,0.54,accepted,11.7,-0.81,251,379,7,1,0,map_accept,0.80,24.1,21.5,4,1,14.0
73,1790599439.1050725,0.1505,-0.5000,208.1,-16.67,179.0,8.44,0.55,accepted,0.3,-1.87,249,388,7,1,0,map_accept,0.81,13.4,48.8,4,0,14.0
74,1790599439.1739252,0.1510,-0.5000,176.6,-9.48,182.3,8.55,0.55,accepted,9.2,0.32,229,386,7,1,0,map_accept,0.81,23.5,10.2,4,0,14.0
75,1790599439.2448177,0.1513,-0.5000,181.1,-10.64,184.6,8.58,0.56,accepted,6.7,0.10,227,384,7,1,0,map_accept,0.82,24.0,14.6,4,0,14.0
76,1790599439.3140917,0.1514,-0.5000,206.4,-16.64,186.8,8.67,0.56,accepted,6.1,0.24,227,383,7,1,0,map_accept,0.82,26.0,17.6,4,0,14.0
77,1790599439.379518,0.1515,-0.5000,192.4,-11.61,188.2,8.73,0.56,accepted,4.0,0.17,210,383,7,1,0,map_accept,0.83,26.0,20.2,4,0,14.0
78,1790599439.4457934,0.1516,-0.5000,182.2,-8.75,189.2,8.83,0.56,accepted,2.8,0.28,209,382,7,1,0,map_accept,0.83,26.4,22.4,4,0,14.0
79,1790599439.511684,0.1516,-0.5000,183.6,-9.10,190.1,8.83,0.56,accepted,2.6,0.00,207,381,7,1,0,map_accept,0.84,27.4,22.6,4,0,14.0
80,1790599439.5823998,0.1517,-0.5000,188.2,-10.36,191.1,8.92,0.56,accepted,2.9,0.27,211,381,7,1,0,map_accept,0.84,28.7,26.9,4,0,14.0
81,1790599439.646041,0.1517,-0.5000,194.4,-12.00,189.1,8.79,0.56,accepted,-5.6,-0.39,205,374,7,1,0,map_accept,0.85,21.1,4.2,4,0,14.0
82,1790599439.7144597,0.1517,-0.5000,193.7,-11.66,190.0,8.82,0.56,accepted,2.4,0.10,207,376,7,1,0,map_accept,0.85,28.6,34.6,4,0,14.0
83,1790599439.7787588,0.1517,-0.5000,197.4,-12.64,189.3,8.72,0.56,accepted,-2.0,-0.28,207,370,7,1,0,map_accept,0.86,24.4,9.0,4,0,14.0
84,1790599439.8533952,0.1517,-0.5000,196.0,-11.90,191.3,8.83,0.56,accepted,5.7,0.31,206,374,7,1,0,map_accept,0.86,31.7,37.7,4,0,14.0
85,1790599439.9233677,0.1517,-0.5000,197.3,-11.95,193.1,8.89,0.56,accepted,5.2,0.16,204,376,7,1,0,map_accept,0.86,31.6,35.0,4,0,14.0
86,1790599439.9878845,0.1517,-0.5000,192.6,-9.85,194.6,9.02,0.56,accepted,4.4,0.37,207,378,7,1,0,map_accept,0.86,31.2,35.7,4,0,14.0
87,1790599440.0709558,0.1542,-0.5000,210.4,-16.86,187.6,8.30,0.58,accepted,-20.1,-2.05,233,369,8,1,0,map_accept,0.89,6.9,0.7,5,1,14.0
88,1790599440.1516104,0.1559,-0.5000,217.6,-18.13,183.8,7.92,0.60,accepted,-10.8,-1.07,240,364,8,1,0,map_accept,0.90,13.1,10.5,5,2,14.0
89,1790599440.240672,0.1569,-0.5000,211.3,-15.91,181.4,7.71,0.61,accepted,-6.8,-0.60,248,360,8,1,0,map_accept,0.90,14.3,12.9,5,2,14.0
90,1790599440.339136,0.1548,-0.5000,212.6,-16.51,179.9,8.09,0.59,accepted,-4.4,1.09,245,357,7,1,0,map_accept,0.90,14.4,13.4,4,1,14.0
91,1790599440.4173405,0.1536,-0.5000,209.2,-14.70,179.0,8.36,0.58,accepted,-2.4,0.77,245,355,7,1,0,map_accept,0.90,14.8,13.2,4,1,14.0
92,1790599440.4846525,0.1556,-0.5000,207.8,-13.39,178.5,8.06,0.60,accepted,-1.5,-0.87,249,354,8,1,0,map_accept,0.90,14.6,12.6,5,2,14.0
93,1790599440.5604336,0.1568,-0.5000,218.0,-17.33,180.8,8.10,0.61,accepted,6.5,0.12,251,361,8,1,0,map_accept,0.91,21.8,38.0,5,2,14.0
94,1790599440.6316555,0.1493,-0.5000,215.9,-18.70,182.8,11.34,0.54,accepted,5.7,9.27,266,366,6,1,0,map_accept,0.90,21.2,33.5,3,1,14.0
95,1790599440.7020662,0.1449,-0.5000,220.7,-20.09,184.2,13.53,0.50,accepted,4.0,6.26,266,370,6,1,0,map_accept,0.89,20.1,30.2,3,1,14.0
96,1790599440.781168,0.1444,-0.5000,219.7,-19.75,185.0,14.86,0.49,accepted,2.3,3.80,266,374,6,1,0,map_accept,0.88,19.0,29.4,3,1,14.0
97,1790599440.8591502,0.1441,-0.5000,226.7,-21.56,184.8,15.78,0.49,accepted,-0.5,2.63,265,376,6,1,0,map_accept,0.87,16.7,31.0,3,1,14.0
98,1790599440.931314,0.1440,-0.5000,224.8,-16.67,184.4,16.39,0.49,accepted,-1.1,1.73,265,378,6,1,0,map_accept,0.86,16.0,29.6,3,1,14.0
99,1790599441.0085402,0.1449,-0.5000,161.9,0.11,182.5,13.38,0.50,accepted,-5.4,-8.60,253,377,7,1,0,map_accept,0.86,11.1,21.3,4,1,14.0
100,1790599441.0814679,0.1454,-0.5000,202.2,-11.42,181.1,11.54,0.50,accepted,-4.0,-5.24,251,376,7,1,0,map_accept,0.86,11.6,24.3,4,1,14.0
101,1790599441.157579,0.1479,-0.5000,199.6,-10.97,179.5,10.36,0.53,accepted,-4.6,-3.39,247,374,7,1,0,map_accept,0.86,10.3,22.2,4,1,14.0
102,1790599441.2320719,0.1494,-0.5000,196.3,-7.88,177.5,9.66,0.54,accepted,-5.8,-1.98,249,372,7,1,0,map_accept,0.86,8.6,25.2,4,1,14.0
103,1790599441.2997007,0.1503,-0.5000,194.9,-8.18,175.2,9.16,0.55,accepted,-6.5,-1.45,249,372,7,1,0,map_accept,0.86,7.2,27.3,4,1,14.0
104,1790599441.3756,0.1509,-0.5000,194.0,-8.62,173.3,8.91,0.55,accepted,-5.5,-0.69,250,371,7,1,0,map_accept,0.86,7.5,26.2,4,1,14.0
105,1790599441.445504,0.1512,-0.5000,189.2,-7.17,171.4,8.69,0.56,accepted,-5.3,-0.64,251,371,7,1,0,map_accept,0.86,7.1,24.9,4,1,14.0
106,1790599441.5197532,0.1514,-0.5000,189.1,-7.52,167.8,8.36,0.56,accepted,-10.4,-0.96,249,370,7,1,0,map_accept,0.86,1.5,24.4,4,1,14.0
107,1790599441.5972886,0.1515,-0.5000,183.8,-6.05,164.2,8.04,0.56,accepted,-10.3,-0.89,253,370,7,1,0,map_accept,0.86,0.4,23.3,4,1,14.0
108,1790599441.6701639,0.1462,-0.5000,218.2,-22.08,161.0,10.58,0.51,accepted,-9.2,7.25,288,370,6,1,0,map_accept,0.86,0.0,24.5,3,1,14.0
109,1790599441.7445257,0.1484,-0.5000,195.0,-10.70,158.0,12.22,0.53,accepted,-8.5,4.67,271,370,7,1,0,map_accept,0.88,-0.7,23.8,4,1,14.0
110,1790599441.8176868,0.1497,-0.5000,204.1,-17.06,155.6,13.41,0.54,accepted,-7.0,3.39,275,369,7,1,0,map_accept,0.89,-0.4,17.4,4,1,14.0
111,1790599441.894112,0.1505,-0.5000,204.5,-18.61,158.0,14.48,0.55,accepted,6.9,3.08,275,381,7,1,0,map_accept,0.88,12.9,63.8,4,1,14.0
112,1790599441.9667253,0.1510,-0.5000,197.3,-16.91,158.9,15.15,0.55,accepted,2.5,1.91,275,390,7,1,0,map_accept,0.88,9.8,50.9,4,1,14.0
113,1790599442.0384076,0.1524,-0.5000,171.8,-3.91,157.3,13.42,0.57,accepted,-4.4,-4.96,265,397,8,1,0,map_accept,0.89,4.5,49.7,5,1,14.0
114,1790599442.1102095,0.1521,-0.5000,215.9,-18.43,155.6,14.46,0.56,accepted,-4.8,2.99,279,402,7,1,0,map_accept,0.89,4.8,43.6,4,1,14.0
115,1790599442.1847146,0.1520,-0.5000,202.8,-20.37,154.1,15.24,0.56,accepted,-4.4,2.21,279,404,7,1,0,map_accept,0.88,5.4,36.6,4,1,14.0
116,1790599442.2605393,0.1543,-0.5000,183.9,-14.78,155.1,15.25,0.58,accepted,2.9,0.04,269,407,8,1,0,map_accept,0.89,12.5,38.7,5,1,14.0
117,1790599442.336059,0.1559,-0.5000,174.7,-7.17,155.8,15.51,0.60,accepted,1.9,0.75,267,409,8,1,0,map_accept,0.90,12.5,35.9,5,1,14.0
118,1790599442.419623,0.1569,-0.5000,219.8,-22.03,155.9,15.68,0.61,accepted,0.5,0.47,282,411,8,1,0,map_accept,0.90,12.3,35.3,5,1,14.0
119,1790599442.5130198,0.1582,-0.5000,172.0,-9.10,156.3,15.87,0.62,accepted,1.1,0.55,282,412,8,1,0,map_accept,0.90,13.9,33.7,5,1,14.0
120,1790599442.5911326,0.1590,-0.5000,195.7,-9.82,157.3,16.01,0.63,accepted,2.7,0.41,283,413,8,1,0,map_accept,0.89,16.3,31.5,5,1,14.0
121,1790599442.6678243,0.1589,-0.5000,227.5,-22.17,158.7,16.07,0.63,accepted,4.2,0.17,284,414,8,1,0,map_accept,0.88,18.4,29.2,5,1,14.0
122,1790599442.7379603,0.1588,-0.5000,229.9,-22.33,160.9,16.20,0.63,accepted,6.3,0.36,284,415,8,1,0,map_accept,0.87,20.9,32.4,5,1,14.0
123,1790599442.809946,0.1559,-0.5000,190.4,-14.14,162.5,16.07,0.60,accepted,4.6,-0.36,251,419,7,1,0,map_accept,0.87,19.7,38.2,5,1,14.0
124,1790599442.8738327,0.1542,-0.5000,198.2,-16.04,164.8,16.14,0.58,accepted,6.5,0.19,251,423,7,1,0,map_accept,0.86,21.8,38.3,5,1,14.0
125,1790599442.945522,0.1565,-0.5000,197.0,-14.87,166.8,16.38,0.60,accepted,5.7,0.71,270,426,8,1,0,map_accept,0.85,21.4,37.8,5,1,14.0
126,1790599443.0160115,0.1573,-0.5000,202.8,-15.69,169.0,16.60,0.61,accepted,6.2,0.62,272,428,8,1,0,map_accept,0.85,22.5,37.7,5,1,14.0
127,1790599443.086151,0.1577,-0.5000,217.6,-15.34,168.3,16.67,0.62,accepted,-2.0,0.19,276,419,8,1,0,map_accept,0.85,14.5,1.5,5,2,14.0
128,1790599443.1542284,0.1579,-0.5000,239.5,-20.06,168.0,17.06,0.62,accepted,-0.8,1.12,278,414,8,1,0,map_accept,0.84,14.1,13.4,5,1,14.0
129,1790599443.2226875,0.1581,-0.5000,220.4,-6.47,168.8,17.28,0.62,accepted,2.2,0.61,280,413,8,1,0,map_accept,0.84,14.0,22.4,5,1,14.0
130,1790599443.2876148,0.1583,-0.5000,225.3,-5.97,170.8,17.61,0.62,accepted,5.7,0.95,284,415,8,1,0,map_accept,0.83,14.4,28.3,5,1,14.0
131,1790599443.354438,0.1581,-0.5000,227.9,-5.04,172.6,17.81,0.62,accepted,5.2,0.56,286,425,8,1,0,map_accept,0.83,11.7,55.5,5,1,14.0
132,1790599443.422997,0.1582,-0.5000,239.1,-8.41,177.3,18.31,0.62,accepted,13.4,1.44,288,428,8,1,0,map_accept,0.82,18.2,30.4,5,1,14.0
133,1790599443.4930737,0.1580,-0.5000,236.2,-19.65,182.6,18.94,0.62,accepted,15.2,1.81,280,431,8,1,0,map_accept,0.82,19.5,31.7,5,1,14.0
134,1790599443.5582247,0.1575,-0.5000,202.2,-9.32,188.2,19.21,0.61,accepted,15.9,0.75,284,436,8,1,0,map_accept,0.82,20.4,34.6,5,1,14.0
135,1790599443.62752,0.1577,-0.5000,215.5,-12.32,194.2,19.57,0.62,accepted,17.1,1.05,284,440,8,1,0,map_accept,0.81,22.9,31.9,5,1,14.0
136,1790599443.6981587,0.1580,-0.5000,257.2,-23.40,207.1,20.43,0.62,accepted,37.1,2.45,282,443,8,1,0,map_accept,0.81,45.4,27.0,5,1,14.0
137,1790599443.7645361,0.1582,-0.5000,258.5,-20.60,216.8,21.44,0.62,accepted,27.6,2.89,274,445,8,1,0,map_accept,0.81,41.7,23.3,5,0,14.0
138,1790599443.8356326,0.1585,-0.5000,255.9,-19.37,223.5,22.04,0.62,accepted,19.2,1.71,271,445,8,1,0,map_accept,0.80,37.8,15.5,5,0,14.0
139,1790599443.9183667,0.1587,-0.5000,262.5,-20.94,227.8,22.13,0.62,accepted,12.2,0.26,264,444,8,1,0,map_accept,0.80,34.1,12.7,5,0,14.0
140,1790599444.0337062,0.1589,-0.5000,267.7,-22.15,231.4,22.19,0.63,accepted,10.2,0.16,257,444,8,1,0,map_accept,0.80,35.1,19.0,5,0,14.0
141,1790599444.1039155,0.1589,-0.5000,223.0,-9.32,235.2,22.36,0.63,accepted,10.9,0.48,258,445,8,1,0,map_accept,0.80,38.2,21.6,5,0,14.0
142,1790599444.169032,0.1593,-0.5000,229.5,-10.90,233.7,22.00,0.63,accepted,-4.2,-1.02,260,463,8,1,0,map_accept,0.79,25.1,80.0,5,0,14.0
143,1790599444.2496712,0.1596,-0.5000,232.6,-11.11,223.4,20.53,0.63,accepted,-29.5,-4.20,234,456,7,1,0,map_hold,0.79,89.3,-165.0,5,0,14.0
144,1790599444.3126054,0.1555,-0.5000,248.9,-16.06,211.8,19.13,0.60,accepted,-33.0,-4.00,225,445,6,1,0,map_pending,0.70,-75.7,-159.9,5,5,14.0
145,1790599444.3969927,0.1434,-0.5000,201.8,-7.38,205.1,18.35,0.49,pending,-84.3,-9.70,214,437,7,1,0,map_accept,0.73,-58.5,-112.8,5,4,14.0
146,1790599444.472874,0.1458,-0.5000,220.9,-7.84,192.6,16.86,0.51,accepted,-35.7,-4.27,231,416,6,1,0,map_hold,0.74,38.1,147.8,5,0,14.0
147,1790599444.543362,0.1472,-0.5000,314.9,-28.63,184.4,15.81,0.52,accepted,-23.3,-2.98,235,399,6,1,0,map_hold,0.74,42.9,160.6,5,0,14.0
148,1790599444.6154478,0.1481,-0.5000,300.1,-24.56,179.0,15.07,0.53,accepted,-15.5,-2.13,242,384,6,1,0,map_hold,0.74,46.9,173.1,5,0,14.0
149,1790599444.6887975,0.1486,-0.5000,290.1,-21.12,175.3,14.52,0.53,accepted,-10.5,-1.56,250,371,6,1,0,map_hold,0.74,48.5,185.9,5,0,14.0
150,1790599444.7610598,0.1489,-0.5000,317.9,-26.98,172.9,14.11,0.54,accepted,-6.9,-1.19,260,359,6,1,0,map_hold,0.74,56.6,191.3,5,0,14.0
151,1790599444.8361769,0.1491,-0.5000,300.0,-20.98,171.4,13.80,0.54,accepted,-4.3,-0.86,247,350,6,1,0,map_hold,0.74,53.9,181.3,5,0,14.0
152,1790599444.9098985,0.1511,-0.5000,295.6,-17.49,170.7,13.58,0.56,accepted,-2.1,-0.64,257,341,7,1,0,map_hold,0.73,58.2,185.8,5,0,14.0
153,1790599444.9793322,0.1523,-0.5000,316.3,-26.61,170.6,13.41,0.57,accepted,-0.2,-0.47,257,335,7,1,0,map_hold,0.73,62.3,183.1,5,0,14.0
154,1790599445.066544,0.1542,-0.5000,326.4,-33.93,171.1,13.32,0.58,accepted,1.4,-0.26,269,329,7,1,0,map_hold,0.73,64.7,183.4,5,0,14.0
155,1790599445.1441998,0.1540,-0.5000,287.9,-14.28,172.1,13.32,0.58,accepted,2.9,-0.03,263,325,7,1,0,map_hold,0.73,66.7,180.6,5,0,14.0
156,1790599445.218359,0.1539,-0.5000,280.8,-12.24,173.6,13.40,0.58,accepted,4.3,0.24,261,322,7,1,0,map_hold,0.73,63.6,144.2,5,1,14.0
157,1790599445.2919755,0.1538,-0.5000,293.2,-17.80,175.5,13.52,0.58,accepted,5.5,0.35,263,320,7,1,0,map_hold,0.72,64.2,148.0,5,1,14.0
158,1790599445.3591232,0.1537,-0.5000,286.1,-13.56,177.8,13.69,0.58,accepted,6.4,0.48,265,319,7,1,0,map_hold,0.72,66.8,153.4,5,1,14.0
159,1790599445.4283261,0.1537,-0.5000,277.7,-10.81,180.2,13.89,0.58,accepted,7.0,0.56,265,318,7,1,0,map_hold,0.72,67.7,116.6,5,1,14.0
160,1790599445.4980457,0.1536,-0.5000,296.7,-20.02,182.8,14.08,0.58,accepted,7.4,0.55,268,318,7,1,0,map_hold,0.89,65.6,142.5,5,1,14.0
161,1790599445.5690145,0.1541,-0.5000,322.1,-31.84,213.5,17.09,0.58,accepted,87.7,8.60,276,342,8,1,0,map_accept,0.92,80.2,80.3,5,1,14.0
162,1790599445.6420903,0.1535,-0.5000,358.2,-29.92,235.2,19.27,0.58,accepted,62.0,6.22,282,370,8,1,0,map_accept,0.94,61.8,93.0,5,1,14.0
163,1790599445.7131362,0.1568,-0.5000,340.0,-26.00,254.3,20.91,0.61,accepted,54.6,4.70,280,395,8,1,0,map_accept,0.94,60.5,88.7,5,1,14.0
164,1790599445.782569,0.1574,-0.5000,310.1,-27.27,259.8,21.29,0.61,accepted,15.7,1.09,284,387,8,1,0,map_accept,0.95,28.3,-15.2,5,1,14.0
165,1790599445.8525028,0.1564,-0.5000,294.9,-11.91,262.0,21.25,0.60,accepted,6.2,-0.12,329,389,7,1,0,map_accept,0.92,21.5,19.3,4,1,14.0
166,1790599445.9247437,0.1576,-0.5000,316.3,-19.19,259.3,20.88,0.61,accepted,-7.7,-1.06,288,392,8,1,0,map_accept,0.91,9.2,24.6,4,1,14.0
167,1790599446.0294201,0.1583,-0.5000,334.0,-24.56,257.1,20.89,0.62,accepted,-6.3,0.03,276,395,8,1,0,map_accept,0.92,10.3,27.3,4,1,14.0
168,1790599446.1029885,0.1586,-0.5000,323.9,-22.28,255.3,21.11,0.62,accepted,-5.1,0.63,279,399,8,1,0,map_accept,0.93,9.7,30.0,5,1,14.0
169,1790599446.1764095,0.1570,-0.5000,339.0,-26.80,253.8,21.01,0.61,accepted,-4.3,-0.28,295,402,7,1,0,map_accept,0.91,7.4,32.0,4,2,14.0
170,1790599446.2547133,0.1577,-0.5000,341.9,-27.90,252.5,21.18,0.62,accepted,-3.8,0.47,293,405,8,1,0,map_accept,0.91,5.5,29.6,4,2,14.0
171,1790599446.3279436,0.1585,-0.5000,346.2,-27.81,249.3,21.24,0.62,accepted,-9.0,0.20,291,407,8,1,0,map_accept,0.92,-2.4,31.4,4,2,14.0
172,1790599446.4009168,0.1564,-0.5000,380.8,-33.18,264.4,23.01,0.60,accepted,42.9,5.04,274,384,8,1,0,map_accept,0.93,46.3,-52.6,5,2,14.0
173,1790599446.4698663,0.1408,-0.5000,334.6,-2.02,264.4,23.01,0.46,pending,33.1,-21.69,248,384,4,1,1,map_accept,0.81,38.4,-34.8,0,0,14.0
174,1790599446.5444763,0.1434,-0.5000,388.6,-31.98,284.5,25.43,0.49,accepted,57.6,6.91,264,364,7,1,0,map_accept,0.75,53.2,-21.7,4,1,14.0
175,1790599446.6233692,0.1470,-0.5000,390.6,-30.56,300.4,27.05,0.52,accepted,45.2,4.64,265,353,7,1,0,map_accept,0.77,48.1,-2.4,4,1,14.0
176,1790599446.696146,0.1479,-0.5000,338.9,-22.77,303.1,26.57,0.53,accepted,7.9,-1.37,269,372,6,1,0,map_accept,0.77,17.3,96.9,5,0,14.0
177,1790599446.7730587,0.1485,-0.5000,332.4,-20.48,302.7,25.85,0.53,accepted,-1.1,-2.07,276,387,6,1,0,map_accept,0.77,14.5,89.7,5,3,14.0
178,1790599446.8449593,0.1467,-0.5000,326.7,-17.31,307.0,25.64,0.52,accepted,12.3,-0.60,277,399,5,1,0,map_accept,0.74,33.8,88.3,4,1,14.0
179,1790599446.9169881,0.1477,-0.5000,350.1,-18.75,315.9,27.05,0.52,accepted,25.2,4.03,261,410,6,1,0,map_accept,0.73,53.8,94.6,4,0,14.0
180,1790599446.9894295,0.1498,-0.5000,370.8,-23.70,320.6,26.68,0.54,accepted,13.6,-1.05,257,416,7,1,0,map_accept,0.74,50.5,87.2,4,0,14.0
181,1790599447.0686927,0.1509,-0.5000,379.0,-24.45,326.4,26.70,0.55,accepted,16.4,0.06,263,420,7,1,0,map_accept,0.75,58.6,88.8,5,0,14.0
182,1790599447.1408029,0.1515,-0.5000,381.8,-23.38,332.4,26.91,0.56,accepted,17.1,0.61,265,423,7,1,0,map_accept,0.76,63.1,84.6,5,0,14.0
183,1790599447.2068207,0.1534,-0.5000,422.3,-35.94,338.9,27.34,0.58,accepted,18.6,1.20,299,427,8,1,0,map_accept,0.78,67.1,88.2,5,1,14.0
184,1790599447.2803464,0.1494,-0.5000,393.9,-27.46,347.1,29.08,0.54,accepted,23.6,4.98,285,435,6,1,0,map_accept,0.76,67.3,98.3,4,1,14.0
185,1790599447.355121,0.1382,-0.5000,406.6,-31.97,347.1,29.08,0.44,pending,-49.3,-14.90,294,435,5,1,1,map_pending,0.69,-65.1,-142.6,4,3,14.0
186,1790599447.425083,0.1308,-0.5000,338.4,-22.02,347.1,29.08,0.37,pending,-109.6,-16.76,251,435,6,1,1,map_accept,0.71,-51.9,-113.7,4,4,14.0
187,1790599447.4971263,0.1252,-0.5000,300.4,-11.39,347.1,29.08,0.32,pending,-112.1,-16.87,252,435,6,1,2,map_accept,0.73,-36.7,-65.0,5,5,14.0
188,1790599447.5665193,0.1217,-0.5000,306.2,-13.77,347.1,29.08,0.29,pending,-114.9,-15.51,264,435,6,1,3,map_accept,0.74,-29.3,-47.3,5,4,14.0
189,1790599447.6430576,0.1193,-0.5000,290.1,-7.98,347.1,29.08,0.27,pending,-116.6,-14.81,254,435,6,1,4,map_accept,0.73,-24.4,-35.1,4,5,14.0
190,1790599447.7452912,0.1165,-0.5000,322.5,-18.37,347.1,29.08,0.24,pending,-102.6,-14.28,240,435,5,1,5,map_accept,0.72,-5.5,-87.8,4,2,14.0
191,1790599447.8158424,0.1153,-0.5000,312.5,-15.61,347.1,29.08,0.23,pending,-100.9,-14.00,246,435,6,1,6,map_accept,0.71,-3.3,-73.2,4,1,14.0
192,1790599447.8825371,0.1155,-0.5000,327.4,-20.81,339.1,28.13,0.23,pending,-100.9,-11.89,256,423,7,1,6,map_accept,0.73,-2.4,-57.8,4,1,14.0
193,1790599447.9536476,0.1157,-0.5000,333.5,-22.36,331.5,27.24,0.23,pending,-95.1,-11.10,256,412,7,1,6,map_accept,0.74,-3.2,-40.4,5,2,14.0
194,1790599448.0377626,0.1154,-0.5000,366.5,-28.65,331.5,27.24,0.23,pending,-86.2,-17.87,292,412,6,1,7,map_hold,0.72,60.3,98.4,4,2,14.0
195,1790599448.112047,0.1152,-0.5000,362.6,-27.21,331.5,27.24,0.23,pending,-87.4,-19.87,290,412,6,1,8,map_hold,0.70,62.1,96.1,4,2,14.0
196,1790599448.1817884,0.1265,-0.5000,344.7,-18.25,300.3,21.00,0.33,pending_accepted,-88.3,-21.69,317,358,7,1,0,map_hold,0.70,62.3,95.3,4,2,14.0
197,1790599448.2507837,0.1349,-0.5000,334.2,-13.19,281.6,18.47,0.41,accepted,-53.6,-7.23,319,326,7,1,0,map_pending,0.66,49.8,93.7,4,3,14.0
198,1790599448.3198206,0.1394,-0.5000,353.5,-24.16,269.4,16.20,0.45,accepted,-34.7,-6.49,327,306,7,1,0,map_hold,0.69,38.7,70.3,5,0,14.0
199,1790599448.391858,0.1296,-0.5000,352.4,-26.70,267.6,15.79,0.36,pending,-22.2,-5.06,301,304,4,1,0,occlusion_hold,0.68,0.0,0.0,4,0,14.0
200,1790599448.4593005,0.1224,-0.5000,397.6,-30.80,266.1,15.21,0.29,pending,-19.7,-7.26,230,302,4,1,0,map_hold,0.67,39.4,59.6,3,0,14.0
201,1790599448.5274866,0.1319,-0.5000,322.9,-23.37,280.9,18.59,0.38,accepted,42.4,9.65,290,318,7,1,0,map_accept,0.69,60.4,76.8,4,2,14.0
202,1790599448.595027,0.1376,-0.5000,348.8,-25.19,286.5,21.07,0.43,accepted,16.1,7.09,305,314,7,1,0,map_accept,0.70,32.9,10.1,4,2,14.0
203,1790599448.663075,0.1265,-0.5000,366.6,-22.50,287.3,20.62,0.33,pending,9.5,-5.70,303,314,3,1,0,map_accept,0.66,25.4,6.6,1,1,14.0
204,1790599448.7373588,0.1187,-0.5000,401.4,-32.41,287.9,20.53,0.26,pending,7.2,-1.12,299,313,3,1,0,map_accept,0.62,18.8,0.9,1,1,14.0
205,1790599448.814203,0.1268,-0.5000,355.1,-27.83,289.4,20.66,0.33,accepted,4.4,0.37,274,305,5,1,0,map_accept,0.63,12.5,-14.4,3,2,14.0
206,1790599448.8824747,0.1306,-0.5000,347.5,-26.28,289.6,20.73,0.37,accepted,0.6,0.22,262,296,5,1,0,map_accept,0.64,11.7,-20.3,4,2,14.0
207,1790599448.955315,0.1329,-0.5000,331.7,-23.48,294.8,21.68,0.39,accepted,14.9,2.69,256,305,5,1,0,map_accept,0.64,29.9,35.2,4,2,14.0
208,1790599449.027664,0.1240,-0.5000,259.1,-11.91,294.8,21.68,0.31,pending,-20.8,-12.80,315,305,3,1,1,map_hold,0.74,-44.5,71.1,3,0,14.0
209,1790599449.1038046,0.1181,-0.5000,296.0,-0.00,294.8,21.68,0.26,pending,-27.9,-15.73,259,305,1,1,2,map_pending,0.69,20.0,107.9,0,0,14.0
210,1790599449.176734,0.1144,-0.5000,290.0,-0.00,294.8,21.68,0.22,pending,-33.2,-17.58,253,305,1,1,3,map_pending,0.72,37.1,113.0,0,0,14.0
211,1790599449.2484093,0.1220,-0.5000,264.1,-15.74,271.7,19.04,0.29,accepted,-66.1,-7.54,273,282,5,1,0,map_accept,0.75,-26.3,-73.7,2,0,14.0
212,1790599449.3165522,0.1156,-0.5000,259.0,-13.77,271.7,19.04,0.23,pending,-27.1,-12.73,334,282,2,1,1,map_pending,0.67,27.3,101.2,2,3,14.0
213,1790599449.3822649,0.1109,-0.5000,234.8,-8.91,269.1,18.16,0.19,pending,-32.1,-10.98,331,282,2,1,1,map_pending,0.61,-2.6,106.7,2,0,14.0
214,1790599449.4434,0.1097,-0.5000,305.5,-28.52,266.4,17.58,0.18,pending,-33.9,-7.33,334,282,4,1,1,map_pending,0.60,-4.6,109.0,2,0,14.0
215,1790599449.5127273,0.1088,-0.5000,289.7,-25.07,263.6,17.28,0.17,pending,-34.7,-3.64,338,282,4,1,1,map_pending,0.67,0.8,115.3,2,0,14.0
216,1790599449.5795958,0.1198,-0.5000,269.7,-19.72,251.3,17.15,0.27,accepted,-35.3,-0.37,347,286,5,1,0,map_pending,0.67,6.6,115.1,2,0,14.0
217,1790599449.6489224,0.1152,-0.5000,311.0,0.00,249.5,17.39,0.23,pending,-22.1,2.89,279,286,1,1,0,map_pending,0.60,61.8,-15.1,0,0,14.0
218,1790599449.714503,0.1205,-0.5000,329.8,-37.49,241.1,20.46,0.28,accepted,-24.0,8.78,355,292,4,1,0,map_pending,0.62,46.2,107.7,1,3,14.0
219,1790599449.7858636,0.1257,-0.5000,291.4,-24.75,235.5,23.13,0.32,accepted,-16.0,7.64,348,299,5,1,0,map_pending,0.63,40.9,138.3,2,3,14.0
220,1790599449.857613,0.1216,-0.5000,282.3,-21.75,237.5,22.78,0.29,pending,25.0,-4.41,370,305,6,1,0,map_accept,0.75,39.8,108.6,2,3,14.0
221,1790599449.927427,0.1253,-0.5000,349.8,-30.25,261.0,23.46,0.32,accepted,67.0,1.96,270,311,5,1,0,map_accept,0.82,77.3,-28.1,2,2,14.0
222,1790599449.9974499,0.1275,-0.5000,359.5,-31.37,280.6,24.51,0.34,accepted,56.0,3.00,273,316,5,1,0,map_accept,0.86,78.0,-17.4,3,2,14.0
223,1790599450.0660627,0.1209,-0.5000,338.5,0.00,280.6,24.51,0.28,pending,32.9,-24.51,289,316,1,1,1,map_accept,0.80,65.9,-50.2,0,0,14.0
224,1790599450.1406949,0.1183,-0.5000,277.4,-20.25,278.3,24.05,0.26,pending,-28.6,-5.75,328,321,6,1,1,map_accept,0.84,0.4,102.3,2,2,14.0
225,1790599450.2114227,0.1155,-0.5000,294.4,-24.06,275.8,23.76,0.23,pending,-31.3,-3.69,334,327,5,1,1,map_accept,0.85,6.0,87.9,2,1,14.0
226,1790599450.2814813,0.1135,-0.5000,278.0,-19.27,273.6,23.43,0.21,pending,-27.8,-4.07,335,333,5,1,1,map_accept,0.84,13.0,79.0,2,1,14.0
227,1790599450.3495452,0.1111,-0.5000,247.3,-7.14,271.1,22.59,0.19,pending,-31.1,-10.54,338,340,4,1,1,map_accept,0.80,11.0,88.3,1,2,14.0
228,1790599450.4202611,0.1104,-0.5000,253.2,-8.79,268.7,22.28,0.19,pending,-29.3,-3.80,329,346,5,1,1,map_accept,0.80,13.9,79.6,2,1,14.0
229,1790599450.4905875,0.1090,-0.5000,252.1,-13.39,266.2,21.80,0.17,pending,-32.0,-6.08,314,350,4,1,1,map_accept,0.76,11.6,40.7,1,2,14.0
230,1790599450.5604203,0.1199,-0.5000,274.1,-22.91,258.1,20.42,0.27,accepted,-23.2,-3.95,326,369,5,1,0,map_accept,0.74,20.8,33.7,1,2,14.0
231,1790599450.6348832,0.1265,-0.5000,270.7,-21.32,245.3,19.97,0.33,accepted,-36.6,-1.28,275,351,5,1,0,map_accept,0.91,-0.3,-63.2,1,2,14.0
232,1790599450.7159333,0.1189,-0.5000,382.0,-35.78,244.0,19.82,0.26,pending,-15.8,-1.91,349,351,3,1,0,map_accept,0.77,13.1,8.0,1,3,14.0
233,1790599450.7972713,0.1259,-0.5000,271.5,-19.78,237.2,19.22,0.33,accepted,-19.5,-1.71,297,354,5,1,0,map_accept,0.83,10.4,29.2,2,3,14.0
234,1790599450.87832,0.1197,-0.5000,285.6,-21.21,236.2,19.00,0.27,pending,-12.2,-2.69,308,354,4,1,0,map_accept,0.83,14.4,26.5,2,3,14.0
235,1790599450.9539576,0.1155,-0.5000,285.7,-20.67,235.7,18.81,0.23,pending,-6.7,-2.36,305,354,4,1,0,map_accept,0.83,21.3,30.3,2,3,14.0
236,1790599451.066166,0.1106,-0.5000,224.4,3.13,233.6,19.33,0.19,pending,-26.3,6.41,396,353,2,1,0,map_pending,0.68,24.3,89.8,1,0,14.0
237,1790599451.1431878,0.1071,-0.5000,221.7,3.18,233.6,19.33,0.16,pending,-27.9,-18.33,411,353,2,1,1,map_pending,0.56,46.8,104.4,1,0,14.0
238,1790599451.2185032,0.1057,-0.5000,276.2,-17.44,233.6,19.33,0.14,pending,-34.3,-16.71,305,353,3,1,2,map_pending,0.54,23.1,14.7,1,0,14.0
239,1790599451.2914839,0.1065,-0.5000,219.2,0.00,233.6,19.33,0.15,pending,-35.7,-22.50,483,353,1,1,3,map_pending,0.53,46.6,122.6,0,0,14.0
240,1790599451.369045,0.1074,-0.5000,216.5,0.00,233.6,19.33,0.16,pending,-36.3,-20.90,467,353,1,1,4,map_pending,0.46,72.5,113.4,1,0,14.0
241,1790599451.4445107,0.1062,-0.5000,210.0,3.90,233.6,19.33,0.15,pending,-36.8,-22.19,348,353,3,1,5,map_pending,0.48,78.0,120.9,2,0,14.0
242,1790599451.5171483,0.1044,-0.5000,122.7,12.60,233.6,19.33,0.13,pending,-36.9,-22.53,408,353,2,1,6,map_pending,0.47,81.3,119.5,1,0,14.0
243,1790599451.5863147,0.1048,-0.5000,285.5,-21.13,233.6,19.33,0.13,pending,-40.6,-20.19,346,353,4,1,7,map_pending,0.44,29.1,-3.0,1,0,14.0
244,1790599451.655895,0.1054,-0.5000,247.8,0.41,233.6,19.33,0.14,pending,-36.4,-20.60,348,353,4,1,8,map_pending,0.45,90.6,109.5,1,2,14.0
245,1790599451.724464,0.1058,-0.5000,242.8,1.92,233.6,19.33,0.14,pending,-31.8,-21.00,348,353,4,1,9,map_pending,0.46,91.5,114.1,1,2,14.0
246,1790599451.7938926,0.1051,-0.5000,306.8,-26.17,233.6,19.33,0.14,pending,-28.4,-21.32,354,353,3,1,10,map_pending,0.47,91.3,114.7,0,2,14.0
247,1790599451.8638287,0.1053,-0.5000,305.5,-25.69,233.6,19.33,0.14,pending,62.7,12.94,364,353,4,1,1,map_accept,0.50,95.6,109.0,0,2,14.0
248,1790599451.9311764,0.1155,-0.5000,259.6,-1.20,238.5,21.08,0.23,accepted,14.2,5.02,371,336,5,1,0,map_accept,0.55,26.6,-45.0,1,2,14.0
249,1790599452.0000298,0.1238,-0.5000,269.6,-4.82,243.6,22.37,0.31,accepted,14.5,3.68,384,326,5,1,0,map_accept,0.58,30.1,-25.6,2,2,14.0
250,1790599452.0732315,0.1288,-0.5000,290.3,-11.77,245.6,23.42,0.35,accepted,5.7,2.99,385,319,5,1,0,map_accept,0.60,23.1,-18.4,2,2,14.0
251,1790599452.1514509,0.1318,-0.5000,287.0,-4.69,247.5,23.93,0.38,accepted,5.4,1.46,397,317,5,1,0,map_accept,0.61,22.5,-8.7,2,2,14.0
252,1790599452.226096,0.1336,-0.5000,295.4,-5.68,249.4,24.26,0.40,accepted,5.5,0.95,396,323,5,1,0,map_accept,0.61,21.3,16.6,2,2,14.0
253,1790599452.297688,0.1347,-0.5000,314.7,-14.99,252.6,24.62,0.41,accepted,9.1,1.03,399,329,5,1,0,map_accept,0.61,22.8,10.9,2,2,14.0
254,1790599452.3768528,0.1353,-0.5000,393.9,-44.75,257.4,25.41,0.41,accepted,13.7,2.26,407,334,5,1,0,map_accept,0.60,25.5,3.7,2,2,14.0
255,1790599452.4526196,0.1357,-0.5000,389.4,-43.28,264.4,26.74,0.42,accepted,20.1,3.81,413,337,5,1,0,map_accept,0.60,30.5,-3.4,2,2,14.0
256,1790599452.5302374,0.1287,-0.5000,275.8,-14.71,264.4,26.74,0.35,pending,18.1,-20.47,423,337,6,1,1,map_accept,0.62,28.9,17.1,2,2,14.0
257,1790599452.6062505,0.1295,-0.5000,382.2,-37.71,273.0,28.49,0.36,accepted,24.6,4.98,415,349,5,1,0,map_accept,0.63,29.7,7.5,2,2,14.0
258,1790599452.680021,0.1300,-0.5000,402.7,-40.85,282.1,30.46,0.36,accepted,26.0,5.63,417,359,5,1,0,map_accept,0.63,34.4,2.9,2,2,14.0
259,1790599452.753886,0.1325,-0.5000,291.6,-13.14,287.3,29.75,0.39,accepted,14.9,-2.01,409,380,5,1,0,map_accept,0.63,25.8,38.6,2,2,14.0
260,1790599452.831671,0.1340,-0.5000,335.2,-23.94,293.9,30.39,0.40,accepted,18.9,1.83,437,397,5,1,0,map_accept,0.62,35.6,37.7,2,2,14.0
261,1790599452.9197798,0.1350,-0.5000,320.9,-30.47,302.7,30.14,0.41,accepted,25.1,-0.73,389,391,5,1,0,map_accept,0.62,46.8,-32.8,2,2,14.0
262,1790599453.0199473,0.1271,-0.5000,336.7,-27.57,305.7,30.50,0.34,pending,36.8,4.51,445,397,5,1,0,map_accept,0.62,65.5,118.9,2,2,14.0
263,1790599453.0961332,0.1216,-0.5000,279.2,-5.96,305.7,30.50,0.29,pending,37.3,-24.81,447,397,5,1,1,map_accept,0.62,63.0,92.2,1,2,14.0
264,1790599453.171842,0.1178,-0.5000,304.2,-17.84,305.7,30.50,0.25,pending,42.8,-23.36,476,397,5,1,2,map_accept,0.63,64.2,75.3,2,2,14.0
265,1790599453.2523315,0.1151,-0.5000,354.3,-33.26,309.3,30.86,0.23,pending,45.8,4.49,435,403,5,1,2,map_accept,0.65,63.2,66.4,1,2,14.0
266,1790599453.3263593,0.1126,-0.5000,327.6,-29.18,309.3,30.86,0.21,pending,-22.1,-28.21,461,403,4,1,1,map_pending,0.62,-52.1,-194.3,2,0,14.0
267,1790599453.4028347,0.1113,-0.5000,330.0,0.00,309.3,30.86,0.19,pending,-37.3,-30.66,311,403,1,1,2,map_pending,0.57,-40.0,-160.1,0,1,14.0
268,1790599453.4756675,0.1096,-0.5000,230.7,3.09,309.3,30.86,0.18,pending,-53.1,-27.07,442,403,4,1,1,map_accept,0.60,-7.6,-67.3,2,1,14.0
269,1790599453.5427778,0.1081,-0.5000,317.3,-24.22,307.0,30.56,0.16,pending,-28.8,-3.73,474,407,4,1,1,map_accept,0.62,26.3,50.4,1,1,14.0
270,1790599453.6152816,0.1070,-0.5000,312.7,-22.79,303.7,29.90,0.15,pending,-41.8,-8.20,468,407,4,1,1,map_accept,0.63,10.3,-26.8,1,1,14.0
271,1790599453.6865427,0.1063,-0.5000,298.8,-17.56,300.7,29.11,0.15,pending,-37.7,-9.94,453,408,4,1,1,map_accept,0.64,13.9,-21.6,1,1,14.0
272,1790599453.7575076,0.1058,-0.5000,302.8,-18.20,297.9,28.33,0.14,pending,-35.2,-9.67,459,409,4,1,1,map_accept,0.64,15.1,-2.8,1,1,14.0
273,1790599453.829185,0.1054,-0.5000,311.4,-19.76,295.4,27.62,0.14,pending,-30.6,-8.97,478,413,4,1,1,map_accept,0.63,17.7,49.9,1,1,14.0
274,1790599453.9083054,0.1052,-0.5000,291.0,-11.12,295.4,27.62,0.14,pending,-30.9,-13.85,481,413,4,1,1,map_accept,0.63,14.4,43.8,1,1,14.0
275,1790599453.977699,0.1050,-0.5000,275.0,-4.76,295.4,27.62,0.14,pending,-25.4,-14.91,468,413,4,1,2,map_accept,0.63,20.1,38.5,1,1,14.0
276,1790599454.0491686,0.1049,-0.5000,307.3,-20.19,291.9,26.73,0.14,pending,-43.4,-11.05,504,420,4,1,2,map_accept,0.62,1.3,68.1,1,1,14.0
277,1790599454.125658,0.1036,-0.5000,309.7,-17.93,290.2,26.11,0.12,pending,-21.4,-7.79,493,425,3,1,2,map_accept,0.60,23.1,19.2,0,0,14.0
278,1790599454.2071989,0.1028,-0.5000,316.5,-16.13,290.2,26.11,0.12,pending,-30.0,-18.98,485,425,3,1,1,map_accept,0.57,9.8,4.3,0,0,14.0
279,1790599454.2871988,0.1021,-0.5000,291.4,-5.04,290.2,26.11,0.11,pending,-24.2,-18.85,469,425,3,1,2,map_accept,0.55,15.0,8.3,0,0,14.0
280,1790599454.37034,0.1017,-0.5000,301.8,-11.09,290.2,26.11,0.11,pending,-18.2,-12.34,505,425,3,1,1,map_accept,0.54,19.0,17.1,0,0,14.0
281,1790599454.4394867,0.1014,-0.5000,319.7,-17.67,288.9,25.24,0.10,pending,-16.2,-10.89,509,429,3,1,1,map_accept,0.52,18.2,21.3,0,0,14.0
282,1790599454.5144007,0.1012,-0.5000,353.9,-31.50,288.5,25.23,0.10,pending,-5.4,-0.15,510,433,3,1,1,map_accept,0.51,25.1,21.4,0,0,14.0
283,1790599454.5899835,0.1032,-0.5000,297.5,0.00,288.5,25.23,0.12,pending,-11.2,-19.91,489,433,2,1,1,map_accept,0.48,14.7,-5.2,0,0,14.0
284,1790599454.6660295,0.1046,-0.5000,299.5,0.00,288.5,25.23,0.13,pending,-13.7,-24.95,496,433,2,1,2,map_accept,0.45,10.8,7.6,0,0,14.0
285,1790599454.7435853,0.1056,-0.5000,286.5,0.00,287.5,24.46,0.14,pending,-12.7,-9.62,524,437,2,1,2,map_accept,0.43,11.2,15.2,0,0,14.0
286,1790599454.8210363,0.1062,-0.5000,276.0,0.00,287.1,25.07,0.15,pending,-4.5,7.65,527,441,2,1,2,map_accept,0.41,18.8,15.7,0,0,14.0
287,1790599454.9029026,0.1067,-0.5000,272.0,0.00,287.1,25.07,0.15,pending,1.9,14.40,520,441,2,1,1,map_accept,0.39,24.7,14.9,0,0,14.0
288,1790599454.9853122,0.1070,-0.5000,291.0,0.00,287.6,25.35,0.15,pending,6.6,3.48,502,445,2,1,1,map_accept,0.38,29.0,17.6,0,0,14.0
289,1790599455.0605488,0.1051,-0.5000,334.8,-28.61,288.5,25.77,0.14,pending,11.4,5.25,525,449,3,1,1,map_accept,0.39,32.1,16.4,0,1,14.0
290,1790599455.1369698,0.1038,-0.5000,347.5,-31.97,288.3,26.18,0.13,pending,-3.5,5.21,557,457,3,1,1,map_accept,0.41,16.1,98.3,0,1,14.0
291,1790599455.2151,0.1029,-0.5000,357.5,-32.77,287.4,26.43,0.12,pending,-10.3,3.05,561,467,3,1,1,map_accept,0.42,11.0,133.2,1,0,14.0
292,1790599455.2900379,0.1022,-0.5000,354.9,-31.70,287.0,26.62,0.11,pending,-5.9,2.46,533,478,3,1,1,map_accept,0.43,16.3,118.2,1,0,14.0
293,1790599455.366113,0.1032,-0.5000,318.9,-0.63,287.5,26.91,0.12,pending,6.5,3.53,507,484,2,1,1,map_accept,0.41,28.1,20.4,1,1,14.0
294,1790599455.444304,0.1039,-0.5000,316.4,-0.61,287.8,27.11,0.13,pending,3.5,2.50,512,490,2,1,1,map_accept,0.39,24.3,40.6,1,1,14.0
295,1790599455.5145464,0.1029,-0.5000,328.0,-26.11,288.0,27.26,0.12,pending,2.7,1.86,501,496,3,1,1,map_accept,0.41,25.0,58.8,2,2,14.0
296,1790599455.584224,0.1023,-0.5000,376.0,-35.03,288.7,27.55,0.11,pending,9.0,3.74,520,502,3,1,1,map_accept,0.41,33.4,56.9,2,2,14.0
297,1790599455.653599,0.1018,-0.5000,296.1,-22.38,289.7,28.09,0.11,pending,12.8,6.70,445,507,3,1,1,map_accept,0.42,38.7,56.2,2,2,14.0
298,1790599455.7237957,0.1007,-0.5000,305.1,-23.81,289.7,28.09,0.10,pending,-27.4,-12.27,445,507,2,1,1,occlusion_hold,0.41,0.0,0.0,2,0,14.0
299,1790599455.797223,0.1000,-0.5000,313.0,-24.74,289.7,28.09,0.09,pending,-37.5,-14.53,449,507,2,1,2,occlusion_hold,0.40,0.0,0.0,2,0,14.0
300,1790599455.8672826,0.0994,-0.5000,323.5,-26.11,289.7,28.09,0.09,pending,-45.9,-16.90,447,507,2,1,3,occlusion_hold,0.40,0.0,0.0,2,0,14.0
301,1790599455.9431746,0.1013,-0.5000,137.4,35.59,289.7,28.09,0.10,pending,-59.4,-20.21,464,507,4,1,1,map_pending,0.39,-78.3,-17.4,2,0,14.0
302,1790599456.0140152,0.1017,-0.5000,352.6,-30.29,289.7,28.09,0.11,pending,-77.0,-26.26,457,507,3,1,1,map_pending,0.42,-204.7,231.0,2,0,14.0
303,1790599456.0839634,0.1014,-0.5000,317.5,-25.20,289.7,28.09,0.10,pending,-123.2,-41.98,465,507,3,1,1,map_accept,0.43,-53.6,38.5,1,1,14.0
304,1790599456.1554523,0.1012,-0.5000,332.0,-28.33,289.7,28.09,0.10,pending,-114.7,-39.18,471,507,3,1,2,map_accept,0.43,-28.0,36.3,1,1,14.0
305,1790599456.2363548,0.1022,-0.5000,179.1,16.32,289.7,28.09,0.11,pending,-112.7,-40.61,499,507,4,1,3,map_accept,0.44,-20.1,36.9,1,1,14.0
306,1790599456.3132308,0.1030,-0.5000,367.5,-35.43,289.7,28.09,0.12,pending,-112.7,-31.23,493,507,4,1,1,map_accept,0.44,-15.6,20.7,1,1,14.0
307,1790599456.3847322,0.1035,-0.5000,396.4,-44.64,289.7,28.09,0.12,pending,-108.0,-19.61,464,507,4,1,1,map_accept,0.44,-15.3,34.6,1,1,14.0
308,1790599456.4569702,0.1038,-0.5000,387.7,-42.07,289.7,28.09,0.13,pending,-104.5,-21.80,463,507,4,1,2,map_accept,0.43,-19.1,38.3,1,1,14.0
309,1790599456.5298083,0.1040,-0.5000,364.9,-37.95,289.7,28.09,0.13,pending,-101.2,-21.66,440,507,4,1,3,map_accept,0.43,-22.2,43.6,1,1,14.0
310,1790599456.6031172,0.1042,-0.5000,360.4,-36.26,289.7,28.09,0.13,pending,-97.2,-22.19,446,507,4,1,4,map_accept,0.42,-22.1,51.9,1,1,14.0
311,1790599456.6727953,0.1043,-0.5000,348.0,-33.78,289.7,28.09,0.13,pending,-99.0,-23.80,468,507,4,1,5,map_accept,0.42,-26.7,52.3,1,1,14.0
312,1790599456.7426112,0.1038,-0.5000,284.9,-17.03,289.7,28.09,0.13,pending,-87.5,-27.71,417,507,3,1,6,map_pending,0.38,-198.9,214.4,1,0,14.0
313,1790599456.8140395,0.1041,-0.5000,288.0,-17.37,289.8,28.22,0.13,pending,1.3,1.55,444,505,4,1,6,map_accept,0.40,80.6,-35.6,1,1,14.0
314,1790599456.882825,0.1031,-0.5000,472.6,-54.69,290.0,28.37,0.12,pending,2.4,1.94,521,504,3,1,6,map_accept,0.38,59.1,2.9,0,0,14.0
315,1790599456.9571612,0.1023,-0.5000,296.6,-21.90,290.0,28.37,0.11,pending,15.5,14.59,447,504,3,1,1,map_accept,0.36,55.3,23.3,0,0,14.0
316,1790599457.02977,0.1019,-0.5000,274.3,-13.77,290.2,29.15,0.11,pending,2.0,9.74,457,507,3,1,1,map_accept,0.64,32.9,103.6,0,0,14.0
317,1790599457.0972488,0.1015,-0.5000,267.3,-10.55,287.0,28.40,0.10,pending,-39.4,-9.34,439,502,3,1,1,map_accept,0.76,-8.0,-79.7,0,0,14.0
318,1790599457.1633596,0.1013,-0.5000,236.6,8.09,287.0,28.40,0.10,pending,-31.8,-16.23,467,502,3,1,1,map_accept,0.74,7.0,-48.0,0,0,14.0
319,1790599457.2328613,0.1011,-0.5000,298.1,-19.44,284.5,27.69,0.10,pending,-31.5,-8.96,461,498,3,1,1,map_accept,0.72,12.0,-36.4,0,0,14.0
320,1790599457.3099747,0.1010,-0.5000,286.7,-15.87,282.3,27.11,0.10,pending,-28.0,-7.25,467,493,3,1,1,map_accept,0.71,14.4,-29.0,0,0,14.0
321,1790599457.3823605,0.1009,-0.5000,337.7,-37.41,280.4,27.44,0.10,pending,-23.8,4.19,471,490,3,1,1,map_accept,0.70,16.7,-25.6,0,0,14.0
322,1790599457.455781,0.1030,-0.5000,256.8,0.00,278.0,26.86,0.12,pending,-29.9,-7.25,478,489,2,1,1,map_accept,0.84,8.6,36.9,0,0,14.0
323,1790599457.5299783,0.1044,-0.5000,269.8,0.00,278.0,26.86,0.13,pending,-30.7,-24.05,505,489,2,1,1,map_accept,0.77,8.5,23.4,0,0,14.0
324,1790599457.60261,0.1033,-0.5000,247.3,10.09,278.0,26.86,0.12,pending,-37.0,-36.10,534,489,3,1,1,map_accept,0.64,5.5,16.9,0,1,14.0
325,1790599457.6785955,0.1047,-0.5000,239.5,0.00,274.9,26.80,0.13,pending,-38.5,-0.75,498,489,2,1,1,map_accept,0.48,9.1,12.0,0,0,14.0
326,1790599457.751119,0.1056,-0.5000,225.5,0.00,274.9,26.80,0.14,pending,-8.1,25.61,544,489,2,1,1,map_accept,0.45,44.0,97.6,0,0,14.0
327,1790599457.8265743,0.1056,-0.5000,294.5,0.00,274.9,26.80,0.14,pending,-5.4,-26.80,561,489,1,1,1,map_accept,0.39,49.6,77.6,0,0,14.0
328,1790599457.899533,0.1056,-0.5000,306.5,0.00,274.9,26.80,0.14,pending,6.6,-26.80,525,489,1,1,2,map_accept,0.30,70.3,51.1,0,0,14.0
329,1790599457.9729183,0.1056,-0.5000,309.7,0.00,274.9,26.80,0.14,pending,9.9,-26.80,527,489,1,1,3,map_accept,0.30,82.2,78.6,0,0,14.0
330,1790599458.049283,0.1051,-0.5000,218.0,0.00,274.9,26.80,0.14,pending,-82.4,34.23,0,489,0,1,1,map_pending,0.28,-6.5,-190.0,0,0,14.0
331,1790599458.1239629,0.1052,-0.5000,268.5,0.00,274.9,26.80,0.14,pending,-31.4,-26.80,445,489,1,1,1,map_accept,0.27,81.0,70.6,0,0,14.0
332,1790599458.2511322,0.1054,-0.5000,294.5,0.00,274.9,26.80,0.14,pending,-116.8,-30.51,505,489,1,1,1,map_pending,0.25,62.9,174.6,0,0,14.0
333,1790599458.348855,0.1055,-0.5000,294.2,0.00,274.9,26.80,0.14,pending,-136.8,24.03,486,489,1,1,1,map_pending,0.25,66.8,122.3,0,0,14.0
334,1790599458.4319572,0.1059,-0.5000,97.3,-26.05,274.9,26.80,0.14,pending,-149.5,26.92,504,489,4,1,2,map_pending,0.35,86.0,146.5,0,0,14.0
335,1790599458.5043576,0.1059,-0.5000,68.5,-16.12,274.9,26.80,0.14,pending,-178.2,-13.82,496,489,4,1,1,map_pending,0.47,-102.1,223.6,1,0,14.0
336,1790599458.5775383,0.1078,-0.5000,-40.5,23.60,274.9,26.80,0.16,pending,-194.7,-17.62,565,489,6,1,2,map_pending,0.57,-79.6,516.7,2,1,14.0
337,1790599458.65519,0.1078,-0.5000,-3.1,4.47,257.5,25.86,0.16,pending,-217.7,-11.72,529,480,4,1,2,map_pending,0.60,-95.6,252.6,2,3,14.0
338,1790599458.7241852,0.1075,-0.5000,-17.2,14.56,257.5,25.86,0.16,pending,-218.8,-14.71,537,480,4,1,3,map_pending,0.60,-79.5,272.5,2,3,14.0
339,1790599458.7948017,0.1083,-0.5000,11.0,-1.47,257.5,25.86,0.17,pending,-233.2,-17.70,509,480,5,1,1,map_pending,0.57,-62.6,249.8,2,3,14.0
340,1790599458.8685644,0.1082,-0.5000,-3.3,6.87,257.5,25.86,0.17,pending,-244.4,-19.72,547,480,4,1,2,map_pending,0.62,-52.0,225.6,1,2,14.0
341,1790599458.9384086,0.1070,-0.5000,27.9,-7.58,257.5,25.86,0.15,pending,-252.1,-21.03,603,480,3,1,3,map_pending,0.62,-31.9,153.9,1,3,14.0
342,1790599459.0150309,0.1079,-0.5000,-0.6,7.51,257.5,25.86,0.16,pending,-282.5,-21.71,603,480,5,1,1,map_accept,0.69,-26.5,138.7,1,3,14.0
343,1790599459.0845373,0.1072,-0.5000,100.0,0.00,257.5,25.86,0.16,pending,-182.5,-25.86,430,480,1,1,1,map_accept,0.65,82.8,-88.5,0,0,14.0
344,1790599459.1563652,0.1068,-0.5000,100.0,0.00,257.5,25.86,0.15,pending,-182.5,-25.86,436,480,1,1,2,map_accept,0.60,65.5,-74.3,0,0,14.0
345,1790599459.2279325,0.1064,-0.5000,100.7,0.00,257.5,25.86,0.15,pending,-181.7,-25.86,440,480,1,1,3,map_accept,0.55,57.5,-66.9,0,0,14.0
346,1790599459.3039908,0.1062,-0.5000,100.7,0.00,257.5,25.86,0.15,pending,-181.7,-25.86,440,480,1,1,4,map_accept,0.50,53.1,-63.9,0,0,14.0
347,1790599459.3841846,0.1067,-0.5000,91.8,0.00,257.5,25.86,0.15,pending,-285.7,-87.63,556,480,2,1,1,map_accept,0.48,-52.8,140.6,0,0,14.0
348,1790599459.468312,0.1088,-0.5000,-37.2,22.82,257.5,25.86,0.17,pending,-286.7,-21.93,495,480,6,1,1,map_accept,0.56,-37.9,109.3,0,3,14.0
349,1790599459.5438862,0.1095,-0.5000,49.8,-26.57,257.5,25.86,0.18,pending,-284.0,-22.17,515,480,5,1,2,map_accept,0.62,-22.9,93.3,2,3,14.0
350,1790599459.620518,0.1112,-0.5000,6.4,4.31,257.5,25.86,0.19,pending,-286.0,-15.98,589,480,6,1,1,map_accept,0.62,-17.2,79.2,2,3,14.0
351,1790599459.6924567,0.1127,-0.5000,-16.2,11.78,257.5,25.86,0.21,pending,-284.5,-22.47,519,480,7,1,1,map_accept,0.62,-10.3,65.4,2,3,14.0
352,1790599459.7647152,0.1116,-0.5000,121.5,0.00,257.5,25.86,0.20,pending,-284.0,-86.70,607,480,2,1,1,map_accept,0.59,-7.7,57.4,0,0,14.0
353,1790599459.8408434,0.1098,-0.5000,104.7,0.00,257.5,25.86,0.18,pending,-177.7,-25.86,495,480,1,1,1,map_accept,0.55,90.5,-134.3,0,0,14.0
354,1790599459.917115,0.1085,-0.5000,105.5,0.00,257.5,25.86,0.17,pending,-177.0,-25.86,499,480,1,1,2,map_accept,0.51,66.0,-92.4,0,0,14.0
355,1790599459.988465,0.1077,-0.5000,107.0,0.00,257.5,25.86,0.16,pending,-175.5,-25.86,503,480,1,1,3,map_accept,0.48,56.3,-66.7,0,0,14.0
356,1790599460.0694354,0.1071,-0.5000,110.0,0.00,257.5,25.86,0.16,pending,-172.5,-25.86,499,480,1,1,4,map_accept,0.44,55.1,-56.5,0,0,14.0
357,1790599460.1436636,0.1094,-0.5000,-67.2,9.92,257.5,25.86,0.18,pending,-279.7,-21.17,509,480,6,1,1,map_accept,0.55,-53.4,185.8,2,3,14.0
358,1790599460.2236154,0.1111,-0.5000,-66.8,9.72,257.5,25.86,0.19,pending,-281.5,-21.66,513,480,6,1,2,map_accept,0.61,-30.8,157.0,5,3,14.0
359,1790599460.3039658,0.1130,-0.5000,-21.6,-1.20,257.5,25.86,0.21,pending,-281.2,-23.23,519,480,7,1,3,map_accept,0.67,-16.4,148.8,5,3,14.0
360,1790599460.3868823,0.1144,-0.5000,-73.8,8.53,257.5,25.86,0.22,pending,-266.5,-21.82,475,480,7,1,1,map_accept,0.70,6.5,214.6,5,0,14.0
361,1790599460.4654703,0.1153,-0.5000,-54.4,0.79,257.5,25.86,0.23,pending,-264.2,-21.87,479,480,7,1,2,map_accept,0.73,11.3,212.2,5,0,14.0
362,1790599460.5397084,0.1160,-0.5000,-54.2,1.05,257.5,25.86,0.24,pending,-257.0,-21.98,481,480,7,1,3,map_accept,0.74,21.1,205.5,5,0,14.0
363,1790599460.6124752,0.1164,-0.5000,-59.5,3.22,257.5,25.86,0.24,pending,-240.0,-20.05,501,480,7,1,4,map_accept,0.75,39.5,142.7,5,1,14.0
364,1790599460.6880152,0.1168,-0.5000,-60.0,3.55,257.5,25.86,0.24,pending,-227.2,-19.90,509,480,7,1,5,map_accept,0.75,50.6,147.9,5,1,14.0
365,1790599460.7622652,0.1170,-0.5000,-59.6,3.82,257.5,25.86,0.25,pending,-228.5,-20.74,514,480,7,1,6,map_accept,0.75,46.9,151.9,5,1,14.0
366,1790599460.837303,0.1283,-0.5000,-62.0,5.02,172.9,18.41,0.35,pending_accepted,-241.7,-22.34,519,581,7,1,0,map_accept,0.75,33.7,154.6,5,1,14.0
367,1790599460.911587,0.1250,-0.5000,-82.4,12.47,172.9,18.41,0.32,pending,-158.4,-15.75,524,581,7,1,1,map_accept,0.75,36.1,151.9,5,1,14.0
368,1790599460.9838083,0.1235,-0.5000,-9.2,-12.82,172.9,18.41,0.30,pending,-159.4,-19.41,542,581,8,1,2,map_accept,0.77,37.9,149.1,5,2,14.0
369,1790599461.061928,0.1224,-0.5000,-29.1,-2.55,172.9,18.41,0.29,pending,-160.9,-19.85,560,581,8,1,3,map_accept,0.78,37.8,152.5,5,2,14.0
370,1790599461.1371057,0.1217,-0.5000,-75.5,16.50,172.9,18.41,0.29,pending,-161.9,-20.65,564,581,8,1,4,map_accept,0.78,38.0,159.7,5,3,14.0
371,1790599461.2150826,0.1212,-0.5000,-83.6,17.65,172.9,18.41,0.28,pending,-149.4,-18.54,566,581,8,1,5,map_accept,0.78,52.5,155.7,5,3,14.0
372,1790599461.3006563,0.1178,-0.5000,128.4,-22.10,172.9,18.41,0.25,pending,-67.9,17.69,571,581,5,1,1,map_accept,0.77,133.2,-23.8,4,4,14.0
373,1790599461.3853903,0.1155,-0.5000,71.6,-10.41,172.9,18.41,0.23,pending,-67.6,16.78,561,581,5,1,2,map_accept,0.75,114.5,16.2,4,4,14.0
374,1790599461.4626954,0.1161,-0.5000,-17.4,-3.29,172.9,18.41,0.24,pending,-171.6,-12.53,501,581,7,1,1,map_hold,0.75,36.8,-270.2,5,1,14.0
375,1790599461.542325,0.1173,-0.5000,-8.9,-4.75,161.7,17.55,0.25,pending,-139.4,-10.73,502,572,8,1,1,map_accept,0.77,49.1,-213.7,5,2,14.0
376,1790599461.6162484,0.1323,-0.5000,-8.1,-3.80,117.9,14.16,0.38,accepted,-125.2,-9.68,506,525,8,1,0,map_accept,0.77,46.8,-127.7,5,3,14.0
377,1790599461.6951823,0.1249,-0.5000,78.0,0.00,117.9,14.16,0.32,pending,-74.9,-25.25,404,525,2,1,1,map_accept,0.72,45.7,-67.9,0,0,14.0
378,1790599461.780282,0.1197,-0.5000,80.5,0.00,117.9,14.16,0.27,pending,-74.4,-27.40,412,525,2,1,2,map_accept,0.67,36.1,-30.2,0,0,14.0
379,1790599461.8594787,0.1199,-0.5000,-65.7,16.39,117.9,14.16,0.27,pending,-202.9,-29.79,565,525,7,1,1,map_accept,0.72,-100.4,133.7,4,5,14.0
380,1790599461.9424734,0.1201,-0.5000,-87.1,23.08,117.9,14.16,0.27,pending,-191.6,-28.83,573,525,7,1,2,map_accept,0.74,-61.6,169.5,5,5,14.0
381,1790599462.0219274,0.1193,-0.5000,22.1,-2.89,117.9,14.16,0.27,pending,-204.4,-27.97,588,525,7,1,3,map_accept,0.74,-60.1,57.3,5,5,14.0
382,1790599462.102557,0.1149,-0.5000,139.2,-20.56,111.8,13.99,0.23,pending,-75.9,-2.17,494,520,4,1,3,map_accept,0.73,80.4,-107.1,3,3,14.0
383,1790599462.1806347,0.1118,-0.5000,140.7,-20.80,106.4,13.86,0.20,pending,-68.1,-1.65,498,516,4,1,3,map_accept,0.72,60.9,-74.4,3,3,14.0
384,1790599462.2583578,0.1099,-0.5000,94.2,0.08,106.4,13.86,0.18,pending,-37.1,-17.39,430,516,2,1,1,map_accept,0.67,75.5,-30.6,1,1,14.0
385,1790599462.3449838,0.1085,-0.5000,83.4,0.15,106.4,13.86,0.17,pending,-47.9,-20.01,390,516,2,1,2,map_accept,0.77,53.6,-114.5,1,1,14.0
386,1790599462.4246979,0.1076,-0.5000,93.9,0.09,106.4,13.86,0.16,pending,-37.4,-17.56,388,516,2,1,3,map_accept,0.72,60.7,-98.0,1,1,14.0
387,1790599462.499598,0.1084,-0.5000,-65.8,29.83,106.4,13.86,0.17,pending,-149.6,-36.98,663,516,5,1,1,map_accept,0.74,-55.7,147.6,2,2,14.0
388,1790599462.574514,0.1092,-0.5000,-79.2,20.67,106.4,13.86,0.17,pending,-177.4,-15.07,533,516,5,1,1,map_accept,0.75,-61.2,-25.6,1,2,14.0
389,1790599462.6535506,0.1091,-0.5000,-159.4,37.58,106.4,13.86,0.17,pending,-174.4,-50.56,558,516,5,1,1,map_accept,0.75,-37.4,-20.0,2,2,14.0
390,1790599462.73701,0.1072,-0.5000,-89.2,37.73,106.4,13.86,0.16,pending,-154.0,-18.87,695,516,3,1,1,map_pending,0.69,-73.8,-219.0,2,0,14.0
391,1790599462.811597,0.1071,-0.5000,-89.2,39.66,106.4,13.86,0.16,pending,-157.8,-19.12,702,516,4,1,2,map_pending,0.74,-72.3,-213.9,2,0,14.0
392,1790599462.8841136,0.1057,-0.5000,-170.4,49.51,106.4,13.86,0.14,pending,-159.7,-19.03,663,516,3,1,3,map_pending,0.71,-69.2,-208.9,2,0,14.0
393,1790599462.9574766,0.1054,-0.5000,-254.7,56.61,106.4,13.86,0.14,pending,-154.9,-49.22,571,516,4,1,1,map_accept,0.71,-0.8,16.3,2,2,14.0
394,1790599463.0288925,0.1054,-0.5000,-134.9,50.44,106.4,13.86,0.14,pending,-107.6,-52.21,580,516,4,1,1,map_accept,0.69,40.9,155.9,2,0,14.0
395,1790599463.1095684,0.1058,-0.5000,-60.1,8.50,99.8,13.42,0.14,pending,-81.9,-5.50,476,526,4,1,1,map_accept,0.74,52.2,94.7,0,1,14.0
396,1790599463.1830275,0.1060,-0.5000,-48.6,7.20,94.6,13.11,0.15,pending,-65.1,-3.81,479,537,4,1,1,map_accept,0.75,47.5,99.9,1,1,14.0
397,1790599463.2611613,0.1046,-0.5000,-7.4,32.51,94.6,13.11,0.13,pending,-56.9,-37.94,762,537,3,1,1,map_accept,0.73,39.8,112.6,1,0,14.0
398,1790599463.3342772,0.1142,-0.5000,25.6,-12.57,62.7,10.36,0.22,accepted,-91.2,-7.85,494,573,4,1,0,map_pending,0.62,-53.2,-207.7,1,0,14.0
399,1790599463.4240482,0.1271,-0.5000,-43.3,17.71,41.3,11.61,0.34,accepted,-61.2,3.56,478,593,6,1,0,map_pending,0.57,-48.7,-169.3,2,0,14.0
400,1790599463.5263982,0.1349,-0.5000,-40.5,17.36,27.0,12.23,0.41,accepted,-40.9,1.77,480,599,6,1,0,map_pending,0.58,-43.9,-142.0,2,0,14.0
401,1790599463.5987206,0.1385,-0.4111,20.6,-11.01,0.9,9.33,0.44,accepted,-74.5,-8.28,480,562,6,1,0,map_accept,0.66,-50.0,-118.9,3,4,14.0
402,1790599463.6683586,0.1375,-0.3228,-16.0,-3.14,-13.5,5.98,0.43,accepted,-41.2,-9.57,416,541,5,1,0,map_accept,0.64,-27.6,-44.1,2,3,14.0
403,1790599463.7446527,0.1281,-0.2383,-72.9,9.37,-15.5,5.37,0.35,pending,-25.5,-7.61,414,540,4,1,0,map_accept,0.66,-18.7,5.0,3,3,14.0
404,1790599463.818159,0.1334,-0.1461,9.9,-2.16,-22.5,4.14,0.39,accepted,-20.0,-3.53,407,535,5,1,0,map_accept,0.68,-13.6,33.5,3,3,14.0
405,1790599463.8888881,0.1240,-0.0586,-1204.5,0.00,-23.7,3.94,0.31,pending,-14.7,-2.42,411,532,3,1,0,map_accept,0.66,-15.9,-2.2,2,2,14.0
406,1790599463.9615152,0.1181,0.0244,-67.4,10.74,-23.4,4.77,0.26,pending,3.4,10.25,456,529,3,1,0,map_hold,0.66,-35.4,-229.1,3,0,14.0
407,1790599464.03786,0.1127,0.1121,-38.4,5.04,-23.1,5.41,0.21,pending,4.4,8.03,445,525,2,1,0,map_pending,0.63,-44.0,-241.4,2,0,14.0
408,1790599464.1190007,0.1242,0.1194,59.8,-16.93,-15.9,6.89,0.31,accepted,20.6,4.24,427,491,5,1,0,map_accept,0.66,10.6,-32.5,4,4,14.0
409,1790599464.1977901,0.1188,0.1203,-26.1,3.86,-14.7,6.40,0.26,pending,14.4,-6.10,430,488,4,1,0,map_accept,0.66,7.6,-5.8,3,3,14.0
410,1790599464.2684987,0.1145,0.1134,-53.7,9.54,-14.1,7.11,0.22,pending,7.5,8.79,425,485,3,1,0,map_hold,0.65,-38.7,-180.6,3,0,14.0
411,1790599464.3407474,0.1114,0.1026,-50.4,9.27,-13.7,7.75,0.19,pending,5.7,8.02,431,482,3,1,0,map_hold,0.64,-44.1,-195.5,3,0,14.0
412,1790599464.4178543,0.1092,0.0905,-77.9,17.51,-13.4,8.33,0.17,pending,3.6,7.28,472,479,3,1,0,map_hold,0.64,-48.7,-180.6,3,0,14.0
413,1790599464.4926548,0.1179,0.0666,-12.4,1.59,-13.0,10.64,0.25,accepted,1.2,6.60,487,460,4,1,0,map_hold,0.66,-51.1,-154.0,3,0,14.0
414,1790599464.5655587,0.1273,0.0433,6.9,-5.32,-13.5,11.97,0.34,accepted,-1.6,3.80,479,447,5,1,0,map_hold,0.69,-57.7,-172.0,4,0,14.0
415,1790599464.6396842,0.1329,0.0347,-17.4,2.61,-14.8,12.72,0.39,accepted,-3.6,2.15,483,437,5,1,0,map_hold,0.71,-55.9,-170.7,4,0,14.0
416,1790599464.712393,0.1363,0.0370,-54.5,16.00,-16.5,13.13,0.42,accepted,-4.8,1.16,456,430,5,1,0,map_hold,0.72,-53.9,-168.3,4,0,14.0
417,1790599464.7891862,0.1291,0.0386,-66.3,8.22,-16.5,13.13,0.36,pending,-52.5,-18.84,340,430,6,1,1,map_accept,0.74,-47.1,-143.0,4,2,14.0
418,1790599464.8598015,0.1240,0.0396,-59.6,3.25,-16.5,13.13,0.31,pending,-53.8,-16.55,310,430,6,1,2,map_accept,0.74,-35.8,-111.8,3,3,14.0
419,1790599464.931059,0.1319,-0.0304,-61.3,4.85,-2.9,11.78,0.38,accepted,38.7,-3.86,346,445,6,1,0,map_accept,0.74,67.0,122.6,3,3,14.0
420,1790599465.00443,0.1347,-0.0240,5.9,-11.76,-11.7,11.48,0.41,accepted,-25.0,-0.85,469,428,5,1,0,map_pending,0.66,59.7,159.4,3,3,14.0
421,1790599465.0771291,0.1263,0.0000,-33.3,5.93,-13.1,11.48,0.33,pending,-18.5,0.06,475,426,4,1,0,map_pending,0.61,59.1,164.7,2,2,14.0
422,1790599465.153423,0.1232,0.0000,-85.0,14.73,-13.1,11.48,0.30,pending,-70.6,-20.12,376,426,7,1,1,map_accept,0.67,-47.6,-88.1,3,3,14.0
423,1790599465.2313793,0.1210,0.0000,-29.2,3.89,-13.1,11.48,0.28,pending,-26.4,-15.43,485,426,7,1,1,map_accept,0.71,14.0,124.6,4,4,14.0
424,1790599465.305197,0.1333,0.0654,5.9,-8.31,-22.2,10.23,0.39,accepted,-25.9,-3.58,493,446,7,1,0,map_accept,0.73,12.2,93.3,3,4,14.0
425,1790599465.3766112,0.1407,0.1511,-27.8,5.59,-29.1,9.48,0.46,accepted,-19.8,-2.16,501,463,7,1,0,map_accept,0.75,6.5,71.3,4,4,14.0
426,1790599465.4546764,0.1451,0.2379,-15.5,-0.21,-33.5,9.15,0.50,accepted,-12.4,-0.94,505,473,7,1,0,map_accept,0.76,5.5,43.9,4,4,14.0
427,1790599465.5314212,0.1477,0.3260,-49.2,17.00,-38.5,8.93,0.52,accepted,-14.3,-0.64,533,487,7,1,0,map_accept,0.78,-2.4,49.4,4,4,14.0
428,1790599465.6082032,0.1493,0.3869,76.0,-14.04,-42.1,9.17,0.54,accepted,-10.5,0.68,523,499,7,1,0,map_accept,0.79,-3.4,41.7,4,4,14.0
429,1790599465.6868951,0.1514,0.4265,63.9,-16.07,-45.5,9.22,0.56,accepted,-9.6,0.16,529,512,7,1,0,map_accept,0.81,-6.1,40.6,4,4,14.0
430,1790599465.7590358,0.1515,0.4522,60.7,-12.21,-47.4,9.38,0.56,accepted,-5.5,0.44,518,513,7,1,0,map_accept,0.81,-4.8,3.5,4,4,14.0
431,1790599465.833904,0.1516,0.4689,62.9,-12.82,-49.4,9.55,0.56,accepted,-5.6,0.48,531,518,7,1,0,map_accept,0.82,-6.5,16.0,4,4,14.0
432,1790599465.905132,0.1494,0.4798,-69.2,19.25,-50.5,5.70,0.54,accepted,-3.1,-10.98,539,527,7,1,0,map_accept,0.85,-5.2,29.8,3,4,14.0
433,1790599465.9819422,0.1481,0.4869,-54.1,15.25,-52.8,3.45,0.53,accepted,-6.8,-6.44,576,542,7,1,0,map_accept,0.87,-9.3,46.9,4,4,14.0
434,1790599466.0583007,0.1475,0.4915,-95.1,34.30,-52.0,3.71,0.52,accepted,2.3,0.73,578,543,6,1,0,map_accept,0.87,-1.6,0.4,3,3,14.0
435,1790599466.1478384,0.1451,0.4945,4.8,-1.82,-52.6,3.13,0.50,accepted,-1.7,-1.66,556,547,5,1,0,map_accept,0.86,-6.0,1.8,3,2,14.0
436,1790599466.2396505,0.1436,0.4964,7.9,-3.53,-52.9,2.88,0.49,accepted,-0.9,-0.71,564,552,5,1,0,map_accept,0.84,-6.8,2.7,3,2,14.0
437,1790599466.3180153,0.1427,0.4977,36.4,-10.02,-53.9,3.07,0.48,accepted,-2.8,0.54,579,560,5,1,0,map_accept,0.83,-10.3,11.6,3,2,14.0
438,1790599466.3962355,0.1422,0.4985,39.5,-10.92,-49.6,3.89,0.47,accepted,12.4,2.36,587,568,5,1,0,map_accept,0.82,3.5,12.7,3,2,14.0
439,1790599466.4753094,0.1376,0.4990,91.6,-20.78,-46.6,7.48,0.43,accepted,8.5,10.25,607,572,4,1,0,map_hold,0.80,-91.9,-253.1,3,1,14.0
440,1790599466.5551617,0.1359,0.4994,18.6,11.60,-43.7,10.04,0.42,accepted,8.2,7.32,707,575,5,1,0,map_hold,0.79,-103.1,-255.1,3,0,14.0
441,1790599466.6297994,0.1349,0.4996,-1.8,16.68,-40.8,12.06,0.41,accepted,8.3,5.77,571,578,5,1,0,map_hold,0.77,-102.3,-310.8,3,0,14.0
442,1790599466.7025595,0.1365,0.4792,7.7,9.48,-37.7,13.63,0.42,accepted,9.0,4.50,581,584,5,1,0,map_hold,0.76,-102.7,-314.3,3,0,14.0
443,1790599466.776203,0.1364,0.4589,57.2,-14.65,-37.2,14.63,0.42,accepted,1.4,2.85,669,586,4,1,0,map_pending,0.71,-106.2,-321.9,2,2,14.0
444,1790599466.8478577,0.1394,0.4450,76.5,-21.59,-37.6,15.40,0.45,accepted,-1.1,2.21,591,588,5,1,0,map_pending,0.69,-104.3,-321.8,3,3,14.0
445,1790599466.919058,0.1412,0.4360,79.4,-22.38,-37.9,16.04,0.47,accepted,-1.1,1.82,587,591,5,1,0,map_pending,0.68,-101.2,-328.3,3,4,14.0
446,1790599466.9928768,0.1423,0.4290,75.1,-22.76,-38.1,16.56,0.48,accepted,-0.4,1.50,553,594,5,1,0,map_pending,0.67,-101.8,-328.4,3,3,14.0
447,1790599467.0677283,0.1390,0.4274,44.1,-1.65,-37.9,15.78,0.45,accepted,0.5,-2.25,556,598,4,1,0,map_pending,0.66,-98.0,-331.1,2,0,14.0
448,1790599467.1400607,0.1295,0.4260,-69.6,34.60,-37.9,15.78,0.36,pending,21.2,-45.57,726,598,4,1,1,map_accept,0.67,12.6,119.8,1,0,14.0
449,1790599467.2149742,0.1229,0.4247,-15.8,28.30,-37.9,15.78,0.30,pending,30.9,-41.06,683,598,4,1,2,map_accept,0.66,14.6,97.7,1,0,14.0
450,1790599467.2878346,0.1182,0.4235,-20.9,25.48,-37.9,15.78,0.26,pending,58.2,-41.11,598,598,4,1,1,map_accept,0.65,34.7,193.7,1,0,14.0
451,1790599467.3584673,0.1161,0.4224,-106.2,33.87,-37.9,15.78,0.24,pending,-18.6,-52.10,555,598,5,1,1,map_accept,0.67,-53.4,-196.6,2,2,14.0
452,1790599467.4310102,0.1143,0.4213,-46.9,2.23,-37.9,15.78,0.22,pending,-28.6,-46.65,559,598,5,1,2,map_accept,0.68,-48.4,-123.4,2,1,14.0
453,1790599467.508746,0.1109,0.4073,-20.7,-9.10,-36.4,16.52,0.19,pending,18.4,9.33,629,606,3,1,2,map_accept,0.67,11.9,120.9,1,0,14.0
454,1790599467.5890656,0.1096,0.4165,-23.6,-9.02,-39.1,16.28,0.18,pending,-33.6,-2.99,604,604,4,1,2,map_accept,0.66,-42.1,-86.4,1,1,14.0
455,1790599467.6683373,0.1094,0.4221,27.6,16.90,-39.1,16.28,0.18,pending,-32.4,-41.99,405,604,5,1,1,map_accept,0.67,-30.8,-42.1,2,0,14.0
456,1790599467.7458808,0.1075,0.4491,-49.7,-4.55,-42.4,15.63,0.16,pending,-40.4,-8.13,575,602,3,1,1,map_accept,0.64,-36.4,-12.0,1,1,14.0
457,1790599467.839563,0.1061,0.4669,-52.6,-4.21,-45.6,14.98,0.15,pending,-41.1,-8.13,595,602,3,1,1,map_accept,0.62,-33.2,23.1,1,1,14.0
458,1790599467.9174075,0.1053,0.4785,110.8,-11.65,-46.5,14.87,0.14,pending,-10.4,-1.36,365,601,3,1,1,map_pending,0.60,12.6,217.2,2,0,14.0
459,1790599468.0006783,0.1054,0.4860,176.2,-28.32,-46.5,14.87,0.14,pending,17.5,-35.16,365,601,4,1,1,map_accept,0.61,23.1,180.4,2,0,14.0
460,1790599468.0730338,0.1178,0.3977,219.6,-43.43,-14.6,14.82,0.25,accepted,91.0,-0.15,377,590,5,1,0,map_accept,0.62,85.2,-19.7,2,0,14.0
461,1790599468.1522,0.1151,0.3113,128.6,-14.38,-14.6,14.82,0.23,pending,135.1,12.81,361,590,5,1,1,map_accept,0.62,126.3,-51.2,2,1,14.0
462,1790599468.2341912,0.1147,0.2165,77.4,5.80,-14.6,14.82,0.22,pending,123.1,-25.62,403,590,6,1,1,map_accept,0.63,74.2,-47.6,1,4,14.0
463,1790599468.3168993,0.1119,0.1407,-6.6,23.99,-14.6,14.82,0.20,pending,131.6,-22.07,378,590,4,1,2,map_accept,0.62,62.6,-13.4,2,2,14.0
464,1790599468.4005303,0.1097,0.0915,160.6,-31.48,-14.6,14.82,0.18,pending,112.9,14.83,371,590,4,1,1,map_accept,0.61,32.0,-60.9,1,1,14.0
465,1790599468.483551,0.1082,0.0595,163.6,-31.85,-14.6,14.82,0.17,pending,110.6,14.08,364,590,4,1,2,map_accept,0.58,26.2,-44.1,1,1,14.0
466,1790599468.5542397,0.1071,0.0000,155.0,-27.92,-6.8,15.41,0.16,pending,97.6,7.42,372,580,4,1,2,map_accept,0.56,11.0,4.6,1,1,14.0
467,1790599468.6406925,0.1063,-0.0713,98.8,-14.54,-2.4,15.00,0.15,pending,54.8,-5.16,266,565,4,1,2,map_accept,0.55,-23.0,-112.3,1,1,14.0
468,1790599468.7394521,0.1058,-0.1567,104.0,-15.60,4.2,15.42,0.14,pending,83.4,5.26,282,556,4,1,2,map_accept,0.53,19.9,44.6,1,1,14.0
469,1790599468.8150845,0.1043,-0.2124,96.9,-17.67,4.2,15.42,0.13,pending,80.0,15.36,308,556,3,1,3,map_accept,0.50,21.8,45.8,0,0,14.0
470,1790599468.8851047,0.1032,-0.2488,106.6,-22.86,4.2,15.42,0.12,pending,81.8,18.46,305,556,3,1,4,map_accept,0.47,23.8,51.2,0,0,14.0
471,1790599468.9560971,0.1025,-0.2726,109.1,-23.57,4.2,15.42,0.11,pending,83.3,18.94,311,556,3,1,5,map_accept,0.45,26.0,58.0,0,0,14.0
472,1790599469.038335,0.1019,-0.2883,93.2,-17.93,4.2,15.42,0.11,pending,88.8,20.54,315,556,3,1,6,map_accept,0.43,32.0,53.8,0,0,14.0
473,1790599469.120019,0.1016,-0.2987,90.2,-16.13,4.2,15.42,0.11,pending,91.0,20.54,319,556,3,1,7,map_accept,0.41,33.9,52.9,0,0,14.0
474,1790599469.197406,0.1013,-0.3322,75.8,-9.46,8.9,15.80,0.10,pending,58.8,4.76,315,544,3,1,7,map_accept,0.39,1.3,-38.1,0,0,14.0
475,1790599469.2735853,0.1011,-0.3747,49.6,6.43,13.4,15.54,0.10,pending,55.6,-3.23,329,534,3,1,7,map_accept,0.38,10.1,-5.4,0,0,14.0
476,1790599469.3450675,0.1010,-0.4186,44.2,10.28,17.5,15.11,0.10,pending,51.6,-5.40,323,524,3,1,7,map_accept,0.37,14.1,18.0,0,0,14.0
477,1790599469.4246829,0.1009,-0.4471,33.3,16.13,21.5,14.55,0.10,pending,49.2,-7.02,313,515,3,1,7,map_accept,0.36,17.5,8.5,0,0,14.0
478,1790599469.4941049,0.1009,-0.4656,43.8,14.04,25.0,13.77,0.10,pending,43.8,-9.79,311,506,3,1,7,map_accept,0.35,16.3,12.1,0,0,14.0
479,1790599469.5621772,0.1008,-0.4776,49.2,13.24,28.5,13.06,0.10,pending,43.8,-8.86,304,498,3,1,7,map_accept,0.34,19.8,14.8,0,0,14.0
480,1790599469.6300118,0.1008,-0.4855,53.2,13.24,32.0,12.42,0.10,pending,44.5,-8.02,309,491,3,1,7,map_accept,0.34,22.8,31.3,0,0,14.0
481,1790599469.6957595,0.1008,-0.4906,62.7,11.09,35.1,11.54,0.10,pending,38.0,-11.01,315,485,3,1,7,map_accept,0.33,17.7,31.7,0,0,14.0
482,1790599469.7619677,0.1008,-0.4939,109.2,-4.76,38.5,10.90,0.10,pending,42.9,-7.89,317,479,3,1,7,map_accept,0.33,24.8,36.3,0,0,14.0
483,1790599469.829159,0.1007,-0.4960,115.4,-6.16,42.2,10.50,0.10,pending,46.0,-5.03,319,476,3,1,7,map_accept,0.32,27.4,86.1,0,0,14.0
484,1790599469.8942683,0.1007,-0.4974,116.4,-5.04,42.2,10.50,0.10,pending,32.8,-12.19,321,476,3,1,1,map_accept,0.32,13.4,1.3,0,0,14.0
485,1790599469.961388,0.1007,-0.4983,141.2,-15.87,44.5,9.56,0.10,pending,28.6,-11.77,341,470,3,1,1,map_accept,0.32,8.3,-5.4,0,0,14.0
486,1790599470.0583344,0.1007,-0.4989,144.7,-16.39,44.5,9.56,0.10,pending,23.3,-13.63,329,470,3,1,2,map_accept,0.31,5.1,-13.1,0,0,14.0
487,1790599470.1226747,0.1007,-0.4993,162.9,-17.16,50.1,9.84,0.10,pending,70.3,3.55,266,458,3,1,2,map_accept,0.31,52.3,-91.8,0,0,14.0
488,1790599470.192961,0.1007,-0.4995,151.9,-19.44,53.5,9.90,0.10,pending,42.2,0.71,346,453,3,1,2,map_accept,0.56,18.1,36.5,0,0,14.0
489,1790599470.2650073,0.1007,-0.4997,147.7,-18.43,56.7,10.08,0.10,pending,40.5,2.27,347,447,3,1,2,map_accept,0.69,19.1,25.2,0,0,14.0
490,1790599470.3320327,0.1007,-0.4998,146.9,-17.67,59.8,10.26,0.10,pending,39.0,2.22,351,443,3,1,2,map_accept,0.90,20.7,20.6,0,0,14.0
491,1790599470.401641,0.1029,-0.4999,116.2,0.00,62.9,10.02,0.12,pending,37.9,-3.00,348,438,2,1,2,map_accept,0.83,22.6,17.7,0,0,14.0
492,1790599470.473566,0.1044,-0.4999,133.5,0.00,67.8,10.61,0.13,pending,61.6,7.40,274,429,2,1,2,map_accept,0.76,49.1,-79.8,0,0,14.0
493,1790599470.548692,0.1033,-0.4999,168.4,-19.19,70.3,10.13,0.12,pending,31.0,-5.99,288,425,3,1,2,map_accept,0.79,17.7,28.5,0,0,14.0
494,1790599470.6234825,0.1025,-0.5000,172.4,-20.43,72.8,9.80,0.11,pending,31.2,-4.12,298,422,3,1,2,map_accept,0.83,22.9,29.8,0,0,14.0
495,1790599470.6914616,0.1020,-0.5000,182.8,-24.04,76.8,10.47,0.11,pending,50.7,8.38,302,416,3,1,2,map_accept,0.85,39.9,-19.3,0,0,14.0
496,1790599470.7599254,0.1018,-0.5000,111.9,12.36,76.8,10.47,0.11,pending,46.9,-21.48,305,416,3,1,1,map_accept,0.69,30.1,-5.0,0,1,14.0
497,1790599470.8302412,0.1036,-0.5000,130.0,0.00,80.4,11.05,0.12,pending,44.4,7.20,303,412,2,1,1,map_accept,0.51,21.8,43.8,0,0,14.0
498,1790599470.904954,0.1049,-0.5000,129.0,0.00,83.9,11.90,0.14,pending,43.9,10.61,308,409,2,1,1,map_accept,0.48,23.2,53.3,0,0,14.0
499,1790599470.974933,0.1058,-0.5000,130.5,0.00,86.9,12.38,0.14,pending,38.1,6.03,300,406,2,1,1,map_accept,0.44,20.5,39.4,0,0,14.0
500,1790599471.0459406,0.1064,-0.5000,129.5,0.00,89.3,12.47,0.15,pending,29.8,1.13,285,400,2,1,1,map_accept,0.36,16.4,12.3,0,0,14.0
501,1790599471.1143334,0.1066,-0.5000,134.5,0.00,90.9,13.42,0.15,pending,20.2,11.80,353,398,1,1,1,map_accept,0.32,11.8,76.8,0,0,14.0
502,1790599471.1836839,0.1063,-0.5000,149.5,0.00,90.9,13.42,0.15,pending,33.6,-13.42,309,398,1,1,1,map_accept,0.32,33.9,33.6,0,0,14.0
503,1790599471.267203,0.1061,-0.5000,151.5,0.00,90.9,13.42,0.15,pending,35.6,-13.42,313,398,1,1,2,map_accept,0.35,39.6,52.5,0,0,14.0
504,1790599471.360714,0.1059,-0.5000,147.0,0.00,90.9,13.42,0.14,pending,31.1,-13.42,289,398,1,1,3,map_accept,0.31,39.2,39.2,0,0,14.0
505,1790599471.430803,0.1059,-0.5000,150.0,0.00,90.9,13.42,0.14,pending,34.1,-13.42,291,398,1,1,4,map_accept,0.28,47.4,55.0,0,0,14.0
506,1790599471.503818,0.1058,-0.5000,150.0,0.00,90.9,13.42,0.14,pending,34.1,-13.42,284,398,1,1,5,map_accept,0.26,51.4,57.7,0,0,14.0
507,1790599471.5820646,0.1057,-0.5000,145.0,0.00,90.9,13.42,0.14,pending,29.1,-13.42,291,398,1,1,6,map_accept,0.31,49.9,73.4,0,0,14.0
508,1790599471.6588101,0.1057,-0.5000,129.2,0.00,90.9,13.42,0.14,pending,13.3,-13.42,232,398,1,1,1,map_accept,0.42,38.2,18.9,0,0,14.0
509,1790599471.7319415,0.1057,-0.5000,116.5,0.00,90.9,13.42,0.14,pending,0.6,-13.42,233,398,1,1,2,map_accept,0.78,31.8,36.5,0,0,14.0
510,1790599471.804129,0.1057,-0.5000,117.0,0.00,90.9,13.42,0.14,pending,1.1,-13.42,244,398,1,1,3,map_accept,0.77,39.0,56.7,0,0,14.0
511,1790599471.874778,0.1048,-0.5000,72.9,0.00,90.9,13.42,0.13,pending,-43.0,-13.42,0,398,0,1,4,occlusion_hold,0.54,0.0,0.0,0,0,14.0
512,1790599471.946344,0.1070,-0.5000,-76.7,18.69,90.9,13.42,0.15,pending,-68.0,-14.14,578,398,6,1,5,map_pending,0.28,-157.0,413.8,0,4,14.0
513,1790599472.0189903,0.1086,-0.5000,-81.5,23.70,84.0,13.30,0.17,pending,-86.8,-1.50,598,388,6,1,5,map_pending,0.34,-142.6,437.9,0,4,14.0
514,1790599472.090526,0.1071,-0.5000,30.6,-5.38,77.4,12.84,0.16,pending,-82.5,-5.66,349,378,1,1,5,map_pending,0.34,9.0,75.2,0,1,14.0
515,1790599472.164382,0.1066,-0.5000,65.5,0.00,71.4,12.21,0.15,pending,-74.7,-7.86,373,369,1,1,5,map_pending,0.31,41.1,193.6,0,0,14.0
516,1790599472.239776,0.1060,-0.5000,-84.1,12.83,65.2,11.47,0.15,pending,-77.2,-9.34,632,360,4,1,5,map_pending,0.31,-76.9,502.4,0,3,14.0
517,1790599472.3130302,0.1044,-0.5000,54.9,4.56,59.4,10.94,0.13,pending,-72.8,-6.64,497,353,3,1,5,map_pending,0.34,-16.5,521.4,0,0,14.0
518,1790599472.3890734,0.1072,-0.5000,-155.0,30.01,59.4,10.94,0.16,pending,-83.5,-19.98,639,353,6,1,1,map_pending,0.44,-195.0,825.5,1,0,14.0
519,1790599472.465518,0.1092,-0.5000,-149.4,29.34,59.4,10.94,0.17,pending,-69.2,-17.97,646,353,6,1,2,map_hold,0.52,-192.2,807.2,4,0,14.0
520,1790599472.5472455,0.1105,-0.5000,-164.6,32.72,59.4,10.94,0.19,pending,-68.1,-18.61,660,353,6,1,3,map_hold,0.57,-181.3,846.1,4,0,14.0
521,1790599472.6284714,0.1126,-0.5000,-156.3,31.88,59.4,10.94,0.21,pending,-67.1,-19.37,664,353,7,1,4,map_hold,0.62,-192.9,786.5,4,1,14.0
522,1790599472.7042372,0.1122,-0.5000,-5.9,-4.40,59.4,10.94,0.20,pending,-81.2,-20.28,665,353,5,1,1,map_pending,0.68,-177.4,784.8,2,0,14.0
523,1790599472.7899442,0.1103,-0.5000,76.2,0.00,59.4,10.94,0.18,pending,-78.7,-24.14,415,353,1,1,2,map_pending,0.66,-1.1,164.0,0,0,14.0
524,1790599472.8638382,0.1068,-0.5000,66.3,4.52,59.4,10.94,0.15,pending,-76.4,-20.99,378,353,2,1,1,map_pending,0.65,5.4,162.9,1,0,14.0
525,1790599472.936292,0.1075,-0.5000,-10.7,-6.87,59.4,10.94,0.16,pending,-75.2,-21.24,642,353,4,1,2,map_pending,0.66,4.9,169.2,2,4,14.0
526,1790599473.0070434,0.1086,-0.5000,64.3,-35.36,54.1,10.06,0.17,pending,-66.4,-10.99,668,368,5,1,2,map_accept,0.71,10.5,168.1,2,4,14.0
527,1790599473.0799253,0.1094,-0.5000,61.3,-33.79,50.3,9.34,0.18,pending,-48.1,-8.90,695,386,5,1,2,map_accept,0.73,24.0,158.6,2,4,14.0
528,1790599473.1562269,0.1083,-0.5000,121.5,0.00,54.0,8.60,0.17,pending,46.2,-9.34,599,396,1,1,2,map_accept,0.70,112.6,-15.7,0,0,14.0
529,1790599473.2306142,0.1088,-0.5000,-67.7,27.10,54.0,8.60,0.17,pending,-52.3,-19.34,681,396,4,1,1,map_pending,0.69,-33.6,-476.6,2,0,14.0
530,1790599473.3033335,0.1086,-0.5000,166.2,0.00,54.0,8.60,0.17,pending,87.3,-19.67,599,396,1,1,1,map_accept,0.66,149.1,-10.6,0,2,14.0
531,1790599473.3787198,0.1136,-0.5000,-89.9,38.30,48.0,8.24,0.21,pending,-74.2,-4.52,677,415,9,1,1,map_accept,0.76,-38.6,153.5,5,3,14.0
532,1790599473.448207,0.1156,-0.5000,-17.7,9.42,41.9,7.83,0.23,pending,-76.5,-5.09,681,432,8,1,1,map_accept,0.82,-24.5,83.1,5,2,14.0
533,1790599473.5211563,0.1169,-0.5000,-15.0,8.84,36.4,7.47,0.24,pending,-68.4,-4.43,685,449,8,1,1,map_accept,0.84,-9.7,84.2,5,2,14.0
534,1790599473.5912695,0.1178,-0.5000,36.0,-9.01,30.9,7.08,0.25,pending,-68.9,-4.89,660,466,8,1,1,map_accept,0.86,-10.6,75.7,5,2,14.0
535,1790599473.6709797,0.1326,-0.4114,-18.5,6.13,-11.4,4.19,0.39,accepted,-120.9,-8.28,564,498,8,1,0,map_accept,0.87,-66.5,-149.8,5,4,14.0
536,1790599473.7456965,0.1288,-0.3198,10.8,1.60,-12.5,4.30,0.35,pending,-14.1,1.39,703,512,8,1,0,map_accept,0.87,12.6,108.6,5,2,14.0
537,1790599473.8206146,0.1261,-0.2256,61.5,-18.72,-13.6,4.35,0.33,pending,-12.7,0.69,678,526,8,1,0,map_accept,0.87,5.1,94.9,5,2,14.0
538,1790599473.9022107,0.1243,-0.1375,23.2,-2.75,-11.9,4.55,0.31,pending,20.1,2.51,710,534,8,1,0,map_accept,0.87,31.0,-11.4,5,3,14.0
539,1790599473.9963984,0.1245,-0.0605,36.3,-2.53,-10.4,4.83,0.31,pending,19.4,3.51,647,543,9,1,0,map_accept,0.89,21.6,1.8,6,4,14.0
540,1790599474.0712297,0.1432,-0.0394,24.7,-7.12,-5.5,5.30,0.48,accepted,13.9,1.34,603,590,9,1,0,map_accept,0.89,10.7,-9.1,6,4,14.0
541,1790599474.1468785,0.1556,-0.0763,82.3,-26.06,2.0,6.65,0.60,accepted,21.5,3.84,613,642,9,1,0,map_accept,0.90,21.0,57.4,6,2,14.0
542,1790599474.2224696,0.1619,-0.0818,23.4,-9.05,-1.1,6.35,0.65,accepted,-8.8,-0.85,550,676,9,1,0,map_accept,0.90,-7.1,27.9,6,3,14.0
543,1790599474.295666,0.1656,-0.1158,18.1,-1.52,4.0,6.79,0.69,accepted,14.6,1.25,559,717,9,1,0,map_accept,0.90,16.9,79.6,6,2,14.0
544,1790599474.36736,0.1613,-0.1637,58.7,-17.74,7.8,7.74,0.65,accepted,10.7,2.71,503,750,7,1,0,map_accept,0.88,15.9,78.2,4,1,14.0
545,1790599474.440801,0.1575,-0.1657,75.9,-29.02,3.6,6.62,0.61,accepted,-12.0,-3.18,645,749,7,1,0,map_accept,0.86,-6.4,-13.2,4,3,14.0
546,1790599474.5124025,0.1665,-0.1468,47.6,-14.58,0.5,6.08,0.70,accepted,-8.8,-1.55,521,754,10,1,0,map_accept,0.91,-4.1,13.3,6,3,14.0
547,1790599474.5918937,0.1683,-0.1215,10.7,-6.50,-0.5,4.79,0.71,accepted,-2.7,-3.68,517,760,9,1,0,map_accept,0.92,1.3,31.5,6,2,14.0
548,1790599474.6648197,0.1675,-0.1069,6.0,-1.67,0.1,4.55,0.70,accepted,1.7,-0.68,552,767,8,1,0,map_accept,0.92,7.7,45.8,5,2,14.0
549,1790599474.7412736,0.1646,-0.0591,-15.5,7.56,-5.9,3.70,0.68,accepted,-17.1,-2.43,548,752,8,1,0,map_accept,0.90,-9.0,-15.0,5,4,14.0
550,1790599474.8153412,0.1629,0.0000,9.7,0.61,-8.4,3.85,0.66,accepted,-7.1,0.43,552,742,8,1,0,map_accept,0.90,0.8,7.9,5,3,14.0
551,1790599474.8917508,0.1453,0.0235,107.6,-18.15,-8.4,3.85,0.50,pending,66.1,12.93,405,742,4,1,1,map_accept,0.87,74.2,-148.4,3,2,14.0
552,1790599474.9728107,0.1513,0.0612,13.0,-9.10,-12.7,4.18,0.56,accepted,-12.4,0.92,545,720,8,1,0,map_accept,0.88,-19.0,16.5,5,3,14.0
553,1790599475.0529077,0.1549,0.1054,59.0,-12.38,-16.9,4.94,0.59,accepted,-12.1,2.18,524,706,8,1,0,map_accept,0.88,-13.1,22.1,5,3,14.0
554,1790599475.1270704,0.1570,0.1639,46.6,-18.38,-21.1,3.88,0.61,accepted,-11.8,-3.03,528,702,8,1,0,map_accept,0.88,-12.1,42.3,5,2,14.0
555,1790599475.2054045,0.1625,0.2058,-33.8,6.71,-21.8,4.01,0.66,accepted,-2.2,0.37,503,700,9,1,0,map_accept,0.90,-4.1,40.9,6,2,14.0
556,1790599475.2878628,0.1659,0.2122,-108.3,29.49,-18.6,4.46,0.69,accepted,9.3,1.29,507,689,9,1,0,map_accept,0.92,5.5,5.1,6,2,14.0
557,1790599475.3722527,0.1679,0.1929,9.2,-5.95,-14.3,4.43,0.71,accepted,12.1,-0.08,427,683,9,1,0,map_accept,0.93,7.7,11.4,6,1,14.0
558,1790599475.4521544,0.1648,0.1254,-23.4,6.10,-4.8,4.37,0.68,accepted,27.3,-0.17,466,688,8,1,0,map_accept,0.93,26.6,48.0,5,1,14.0
559,1790599475.525558,0.1630,0.0385,-29.3,9.27,3.7,4.35,0.66,accepted,24.3,-0.07,453,695,8,1,0,map_accept,0.92,30.6,59.8,5,1,14.0
560,1790599475.6006587,0.1585,0.0250,35.9,-23.84,-4.8,5.06,0.62,accepted,-24.2,2.02,527,680,7,1,0,map_accept,0.92,-11.1,-5.8,4,1,14.0
561,1790599475.6754773,0.1548,0.0747,14.7,-8.98,-13.5,3.07,0.59,accepted,-25.0,-5.67,389,661,7,1,0,map_accept,0.92,-12.2,-13.8,5,1,14.0
562,1790599475.7566562,0.1526,0.1479,3.9,-5.90,-20.1,2.36,0.57,accepted,-18.7,-2.04,393,648,6,1,0,map_accept,0.91,-9.2,0.7,5,1,14.0
563,1790599475.8315215,0.1535,0.2231,17.9,-14.45,-25.6,3.02,0.58,accepted,-15.7,1.90,395,638,7,1,0,map_accept,0.91,-9.5,9.1,5,1,14.0
564,1790599475.9013789,0.1519,0.2795,10.2,-7.20,-26.6,2.75,0.56,accepted,-2.9,-0.77,390,633,6,1,0,map_accept,0.90,0.5,23.4,5,0,14.0
565,1790599475.975795,0.1509,0.3335,40.4,-16.30,-29.5,2.62,0.55,accepted,-8.3,-0.39,385,616,6,1,0,map_pending,0.80,-75.1,-245.8,5,5,14.0
566,1790599476.0457888,0.1471,0.3891,9.8,-8.34,-33.0,2.53,0.52,accepted,-10.0,-0.25,403,598,5,1,0,map_pending,0.76,-77.5,-222.2,4,4,14.0
567,1790599476.1182375,0.1359,0.4256,-83.2,8.58,-33.0,2.53,0.42,pending,-79.5,-13.79,336,598,5,1,1,map_accept,0.79,-73.7,-186.4,3,3,14.0
568,1790599476.190701,0.1281,0.4491,-84.0,8.65,-33.0,2.53,0.35,pending,-78.5,-15.40,339,598,5,1,2,map_accept,0.80,-56.8,-129.0,3,3,14.0
569,1790599476.2597055,0.1227,0.4643,-75.2,6.31,-33.0,2.53,0.30,pending,-64.5,-12.77,313,598,5,1,3,map_accept,0.80,-33.6,-144.7,3,3,14.0
570,1790599476.3301322,0.1200,0.4768,-20.5,-1.43,-35.7,2.32,0.27,pending,-34.1,-2.67,419,589,6,1,3,map_hold,0.80,-48.6,-192.3,4,0,14.0
571,1790599476.403962,0.1295,0.4849,-17.6,0.80,-37.9,3.19,0.36,accepted,-6.3,2.49,419,571,6,1,0,map_accept,0.81,21.5,111.4,3,2,14.0
572,1790599476.4780307,0.1384,0.4902,-2.4,-7.79,-39.8,4.52,0.44,accepted,-5.3,3.81,429,557,7,1,0,map_accept,0.82,12.3,81.2,4,4,14.0
573,1790599476.5546064,0.1437,0.4936,-9.1,-6.30,-41.0,5.21,0.49,accepted,-3.5,1.97,433,550,7,1,0,map_accept,0.83,8.6,74.8,4,3,14.0
574,1790599476.6304944,0.1437,0.4959,-15.1,-5.16,-43.4,5.59,0.49,accepted,-6.8,1.07,438,542,6,1,0,map_accept,0.82,2.3,51.5,3,3,14.0
575,1790599476.7002048,0.1437,0.4973,-6.6,-6.10,-44.5,5.84,0.49,accepted,-3.4,0.70,442,539,6,1,0,map_accept,0.81,3.2,56.7,3,3,14.0
576,1790599476.7739446,0.1437,0.4983,1.4,-9.30,-46.3,5.88,0.49,accepted,-5.0,0.12,444,533,6,1,0,map_accept,0.80,0.1,39.7,3,3,14.0
577,1790599476.8479452,0.1437,0.4989,-18.8,-2.17,-47.3,5.85,0.49,accepted,-3.0,-0.08,448,530,6,1,0,map_accept,0.79,0.5,44.0,3,3,14.0
578,1790599476.9154618,0.1469,0.4993,-22.5,-0.68,-48.1,5.90,0.52,accepted,-2.2,0.15,403,529,7,1,0,map_accept,0.81,0.0,48.0,4,3,14.0
579,1790599476.9869754,0.1488,0.4995,-14.7,-2.82,-47.0,5.98,0.53,accepted,3.1,0.22,403,521,7,1,0,map_accept,0.81,4.4,21.7,4,4,14.0
580,1790599477.0562036,0.1446,0.4997,-34.0,8.79,-45.3,3.48,0.50,accepted,4.8,-7.16,425,518,6,1,0,map_accept,0.80,6.0,33.5,3,3,14.0
581,1790599477.131257,0.1474,0.4998,-29.6,4.61,-43.6,2.76,0.52,accepted,4.8,-2.04,389,515,7,1,0,map_accept,0.81,6.5,30.5,4,4,14.0
582,1790599477.2046318,0.1491,0.4999,-32.9,6.17,-42.5,2.24,0.54,accepted,3.1,-1.48,393,512,7,1,0,map_accept,0.80,5.1,30.1,4,4,14.0
583,1790599477.2733898,0.1502,0.4999,-39.9,9.05,-41.8,1.78,0.55,accepted,2.0,-1.32,395,513,7,1,0,map_accept,0.80,4.1,35.2,4,4,14.0
584,1790599477.343698,0.1508,0.4999,-32.7,6.09,-41.7,1.54,0.55,accepted,0.3,-0.70,393,513,7,1,0,map_accept,0.78,2.5,34.5,4,4,14.0
585,1790599477.4149659,0.1511,0.5000,-34.7,7.11,-42.9,1.34,0.56,accepted,-3.3,-0.55,399,513,7,1,0,map_accept,0.77,-1.3,30.1,4,4,14.0
586,1790599477.4866211,0.1492,0.5000,-43.0,14.34,-44.1,-0.78,0.54,accepted,-3.6,-6.06,406,515,7,1,0,map_accept,0.78,-2.2,34.1,3,4,14.0
587,1790599477.559263,0.1626,0.5000,-63.0,24.38,-45.2,-1.29,0.66,accepted,-3.1,-1.45,400,518,8,1,0,map_accept,0.80,-2.5,36.5,5,5,14.0
588,1790599477.6305876,0.1616,0.5000,-36.2,7.90,-45.9,-1.64,0.65,accepted,-2.0,-1.00,405,522,8,1,0,map_accept,0.80,-2.2,39.9,5,5,14.0
589,1790599477.7019653,0.1611,0.5000,-25.7,2.11,-46.1,-1.84,0.65,accepted,-0.6,-0.58,411,527,8,1,0,map_accept,0.80,-1.3,39.0,5,5,14.0
590,1790599477.7750745,0.1586,0.5000,-23.9,0.53,-45.8,-0.35,0.62,accepted,1.0,4.26,407,520,7,1,0,map_hold,0.78,-69.1,-238.6,5,0,14.0
591,1790599477.8420413,0.1571,0.5000,-20.2,-1.35,-45.3,-0.06,0.61,accepted,1.5,0.82,409,513,7,1,0,map_hold,0.77,-70.7,-233.6,5,0,14.0
592,1790599477.9123745,0.1625,0.5000,-32.2,2.13,-46.0,-0.43,0.66,accepted,-2.0,-1.03,421,519,9,1,0,map_accept,0.81,-3.9,41.0,5,6,14.0
593,1790599477.9800184,0.1658,0.5000,-15.2,-3.70,-46.3,-0.44,0.69,accepted,-1.0,-0.05,425,524,9,1,0,map_accept,0.85,-3.1,34.8,6,6,14.0
594,1790599478.050784,0.1636,0.5000,2.4,-7.51,-46.2,-0.86,0.67,accepted,0.3,-1.18,424,527,8,1,0,map_accept,0.85,-2.5,25.2,5,5,14.0
595,1790599478.1210828,0.1664,0.5000,-16.6,0.58,-46.3,-0.86,0.69,accepted,-0.3,-0.00,431,531,9,1,0,map_accept,0.88,-4.0,21.3,6,6,14.0
596,1790599478.1921873,0.1574,0.5000,10.2,-13.59,-47.1,-3.35,0.61,accepted,-2.2,-7.14,424,535,6,1,0,map_accept,0.88,-6.2,23.9,4,4,14.0
597,1790599478.2760983,0.1571,0.5000,36.7,-21.29,-47.9,-4.06,0.61,accepted,-2.4,-2.01,431,539,7,1,0,map_accept,0.88,-6.7,25.3,5,5,14.0
598,1790599478.3441024,0.1591,0.5000,3.5,-11.41,-48.0,-3.40,0.63,accepted,-0.3,1.89,450,543,8,1,0,map_accept,0.90,-4.6,31.8,5,5,14.0
599,1790599478.4157197,0.1615,0.5000,-12.6,-6.30,-46.7,-1.99,0.65,accepted,3.8,4.01,442,536,8,1,0,map_hold,0.91,-77.8,-260.8,6,0,14.0
600,1790599478.4864075,0.1629,0.5000,-13.0,-6.71,-45.8,-1.15,0.66,accepted,2.6,2.41,446,529,8,1,0,map_hold,0.92,-79.2,-247.9,6,0,14.0
601,1790599478.5593548,0.1639,0.5000,-18.1,-4.06,-45.3,-0.67,0.67,accepted,1.3,1.38,446,522,8,1,0,map_hold,0.92,-79.5,-235.0,6,0,14.0
602,1790599478.633013,0.1645,0.5000,-23.3,-1.28,-45.3,-0.42,0.68,accepted,0.1,0.72,450,514,8,1,0,map_hold,0.92,-79.7,-226.7,6,0,14.0
603,1790599478.7052994,0.1670,0.5000,-29.3,1.35,-47.1,-0.64,0.70,accepted,-5.2,-0.63,467,533,9,1,0,map_accept,0.94,-4.3,88.3,6,6,14.0
604,1790599478.7739317,0.1664,0.5000,-31.4,1.84,-47.6,-0.50,0.69,accepted,-1.2,0.40,458,526,8,1,0,map_hold,0.93,-76.9,-242.5,6,0,14.0
605,1790599478.8461342,0.1661,0.5000,-32.9,1.42,-48.1,-0.44,0.69,accepted,-1.6,0.17,464,518,8,1,0,map_hold,0.93,-77.8,-230.7,6,0,14.0
606,1790599478.914034,0.1659,0.5000,-47.4,5.19,-48.8,-0.45,0.69,accepted,-1.9,-0.02,465,512,8,1,0,map_hold,0.93,-77.7,-219.5,6,0,14.0
607,1790599478.980576,0.1675,0.5000,-35.9,1.93,-48.9,-0.60,0.70,accepted,-0.2,-0.45,487,536,9,1,0,map_accept,0.94,1.8,103.6,6,6,14.0
608,1790599479.0515804,0.1687,0.5000,-35.2,2.42,-49.3,-0.87,0.72,accepted,-1.4,-0.76,489,552,9,1,0,map_accept,0.95,1.2,76.5,6,6,14.0
609,1790599479.119768,0.1594,0.5000,-25.8,-3.15,-47.7,-3.03,0.63,accepted,4.6,-6.16,464,567,6,1,0,map_accept,0.94,7.5,74.5,5,5,14.0
610,1790599479.2161252,0.1582,0.5000,37.1,-20.13,-46.0,-3.50,0.62,accepted,5.0,-1.36,489,576,7,1,0,map_accept,0.93,8.9,62.0,5,5,14.0
611,1790599479.290512,0.1575,0.5000,-6.9,-3.85,-47.8,-2.55,0.61,accepted,-5.0,2.73,479,565,7,1,0,map_hold,0.91,-68.5,-265.3,5,1,14.0
612,1790599479.3572583,0.1571,0.5000,5.6,-12.26,-49.4,-2.00,0.61,accepted,-4.7,1.58,508,553,7,1,0,map_hold,0.90,-66.8,-214.9,5,1,14.0
613,1790599479.4283626,0.1464,0.5000,-74.6,0.36,-55.0,-2.81,0.51,pending,-69.8,-10.20,377,544,8,1,0,map_accept,0.93,-66.0,-158.8,6,5,14.0
614,1790599479.4996495,0.1385,0.5000,-96.5,12.82,-59.3,-3.44,0.44,pending,-54.0,-7.90,367,532,8,1,0,map_accept,0.94,-40.6,-156.2,5,5,14.0
615,1790599479.5682914,0.1314,0.5000,-75.5,-0.18,-64.0,-3.91,0.38,pending,-59.2,-5.79,292,520,6,1,0,map_accept,0.92,-40.5,-140.4,4,6,14.0
616,1790599479.6368995,0.1410,0.5000,-88.8,1.23,-57.1,-4.16,0.46,accepted,19.8,-0.74,294,516,7,1,0,map_accept,0.92,41.1,110.4,4,1,14.0
617,1790599479.7035298,0.1370,0.5000,-94.5,3.60,-53.1,-1.69,0.43,accepted,11.6,7.07,281,523,4,1,0,map_accept,0.89,30.8,122.0,1,0,14.0
618,1790599479.7685862,0.1298,0.5000,-80.1,-5.39,-57.6,-1.66,0.36,pending,-57.4,0.34,283,511,5,1,0,map_accept,0.87,-36.6,-139.5,2,6,14.0
619,1790599479.838495,0.1246,0.5000,-66.5,-10.70,-61.8,-1.62,0.31,pending,-51.9,0.53,277,499,5,1,0,map_accept,0.85,-20.9,-79.4,2,6,14.0
620,1790599479.9034543,0.1199,0.5000,-90.7,1.59,-65.9,-1.64,0.27,pending,-51.5,-0.26,283,489,4,1,0,map_accept,0.81,-17.1,-54.2,1,5,14.0
621,1790599479.969364,0.1177,0.5000,-77.9,-5.56,-69.7,-1.66,0.25,pending,-47.6,-0.27,291,479,5,1,0,map_accept,0.80,-12.0,-33.4,2,5,14.0
622,1790599480.0333316,0.1169,0.5000,-81.6,-4.44,-73.0,-1.70,0.24,pending,-40.8,-0.52,278,470,6,1,0,map_accept,0.79,-5.3,-18.8,3,6,14.0
623,1790599480.1001656,0.1171,0.5000,-75.8,-6.05,-76.2,-1.76,0.25,pending,-40.0,-0.71,289,462,7,1,0,map_accept,0.81,-5.9,-5.0,4,6,14.0
624,1790599480.1639218,0.1173,0.5000,-95.1,4.09,-79.8,-1.86,0.25,pending,-45.8,-1.30,289,455,7,1,0,map_accept,0.81,-13.4,2.3,4,5,14.0
625,1790599480.2324111,0.1324,0.5000,-95.7,4.30,-96.3,-2.44,0.39,accepted,-46.9,-1.65,292,418,7,1,0,map_accept,0.81,-14.7,15.6,4,5,14.0
626,1790599480.2965727,0.1412,0.5000,-104.6,6.29,-105.8,-2.97,0.47,accepted,-27.2,-1.51,294,392,7,1,0,map_accept,0.82,-8.4,13.2,4,5,14.0
627,1790599480.3607733,0.1442,0.5000,-111.8,8.23,-112.8,-4.89,0.49,accepted,-20.0,-5.49,289,375,7,1,0,map_accept,0.82,-9.0,19.0,3,5,14.0
628,1790599480.4254456,0.1485,0.5000,-104.1,7.01,-102.6,-4.97,0.53,accepted,29.0,-0.22,261,385,7,1,0,map_accept,0.84,35.0,90.7,4,1,14.0
629,1790599480.4937663,0.1515,0.5000,-115.4,9.05,-98.4,-5.43,0.56,accepted,12.1,-1.33,267,401,7,1,0,map_accept,0.85,20.1,104.3,4,1,14.0
630,1790599480.560963,0.1528,0.5000,-89.2,0.19,-112.4,-6.31,0.57,accepted,-40.1,-2.52,257,374,7,1,0,map_accept,0.86,-30.7,-33.7,4,6,14.0
631,1790599480.6245873,0.1530,0.5000,-146.2,17.41,-122.5,-9.38,0.57,accepted,-28.8,-8.76,252,359,8,1,0,map_accept,0.90,-24.8,-2.0,5,5,14.0
632,1790599480.6954517,0.1533,0.5000,-140.6,16.68,-129.4,-11.63,0.58,accepted,-19.7,-6.42,264,349,8,1,0,map_accept,0.92,-20.6,8.1,5,5,14.0
633,1790599480.7575004,0.1381,0.5000,-52.0,-24.97,-129.4,-11.63,0.44,pending,-14.3,15.08,305,349,3,1,1,map_accept,0.88,-18.8,12.9,0,0,14.0
634,1790599480.8207495,0.1467,0.5000,-135.0,14.45,-131.5,-12.97,0.52,accepted,-6.1,-3.82,261,343,8,1,0,map_accept,0.90,-8.3,20.9,5,5,14.0
635,1790599480.8900213,0.1518,0.5000,-150.9,25.75,-131.7,-13.75,0.56,accepted,-0.5,-2.24,262,341,8,1,0,map_accept,0.91,-4.7,31.6,5,5,14.0
636,1790599480.9752786,0.1546,0.5000,-140.6,15.48,-132.8,-14.31,0.59,accepted,-3.0,-1.59,267,338,8,1,0,map_accept,0.91,-7.6,27.8,5,5,14.0
637,1790599481.0402296,0.1415,0.5000,-144.4,10.13,-132.8,-14.31,0.47,pending,-4.2,15.94,213,338,5,1,1,map_accept,0.91,-8.9,34.1,3,1,14.0
638,1790599481.1114147,0.1483,0.5000,-131.9,15.35,-129.5,-13.76,0.53,accepted,9.3,1.55,258,323,8,1,0,map_accept,0.92,8.2,-1.2,5,5,14.0
639,1790599481.1877778,0.1522,0.5000,-139.9,17.21,-129.7,-13.84,0.57,accepted,-0.5,-0.21,272,313,8,1,0,map_accept,0.92,-1.6,10.0,5,5,14.0
640,1790599481.255596,0.1543,0.5000,-141.7,16.51,-132.2,-14.29,0.58,accepted,-7.3,-1.30,281,308,8,1,0,map_accept,0.91,-9.6,14.4,5,5,14.0
641,1790599481.3263593,0.1557,0.5000,-136.5,14.59,-130.0,-14.12,0.60,accepted,6.5,0.49,280,307,8,1,0,map_accept,0.91,2.6,21.2,5,5,14.0
642,1790599481.3935297,0.1564,0.5000,-119.9,9.80,-131.9,-14.43,0.60,accepted,-5.5,-0.89,286,313,8,1,0,map_accept,0.90,-9.5,40.3,5,5,14.0
643,1790599481.4623864,0.1569,0.5000,-128.8,14.09,-134.6,-14.89,0.61,accepted,-7.6,-1.29,294,317,8,1,0,map_accept,0.89,-12.4,36.0,5,5,14.0
644,1790599481.5351343,0.1565,0.5000,-95.3,-2.61,-137.1,-14.27,0.60,accepted,-7.2,1.76,276,322,7,1,0,map_accept,0.88,-13.1,40.9,4,4,14.0
645,1790599481.606022,0.1552,0.5000,-126.7,14.29,-138.4,-14.13,0.59,accepted,-3.7,0.40,286,329,7,1,0,map_accept,0.87,-11.1,45.9,4,4,14.0
646,1790599481.6770735,0.1543,0.5000,-124.7,12.38,-134.5,-12.40,0.58,accepted,11.1,4.93,295,319,8,1,0,map_accept,0.87,2.6,-6.8,5,5,14.0
647,1790599481.7468371,0.1560,0.5000,-136.7,16.97,-131.9,-11.57,0.60,accepted,7.2,2.37,300,311,8,1,0,map_accept,0.87,-0.3,-3.4,5,5,14.0
648,1790599481.8137715,0.1569,0.5000,-125.9,14.46,-129.3,-11.14,0.61,accepted,7.4,1.25,308,306,8,1,0,map_accept,0.88,1.2,2.0,5,5,14.0
649,1790599481.8859727,0.1575,0.5000,-105.5,11.14,-126.6,-10.55,0.61,accepted,7.8,1.69,312,304,8,1,0,map_accept,0.88,2.5,9.5,5,5,14.0
650,1790599481.9584503,0.1579,0.5000,-125.9,20.37,-123.6,-10.26,0.62,accepted,8.6,0.82,314,304,8,1,0,map_accept,0.88,3.0,14.0,5,5,14.0
651,1790599482.026544,0.1582,0.5000,-125.0,21.20,-120.9,-10.15,0.62,accepted,7.6,0.30,320,305,8,1,0,map_accept,0.89,2.0,14.1,5,5,14.0
652,1790599482.095764,0.1561,0.5000,-106.8,17.68,-118.9,-9.38,0.60,accepted,5.9,2.21,311,307,7,1,0,map_accept,0.89,0.1,15.9,4,4,14.0
653,1790599482.1608903,0.1549,0.5000,-103.0,17.61,-121.2,-9.17,0.59,accepted,-6.6,0.60,315,309,7,1,0,map_accept,0.89,-12.9,17.2,4,4,14.0
654,1790599482.232754,0.1567,0.5000,-78.9,7.99,-122.9,-9.80,0.61,accepted,-4.8,-1.80,336,313,8,1,0,map_accept,0.91,-13.1,22.1,5,5,14.0
655,1790599482.312229,0.1577,0.5000,-117.3,23.00,-122.6,-10.13,0.62,accepted,0.9,-0.95,342,316,8,1,0,map_accept,0.92,-9.8,15.4,5,5,14.0
656,1790599482.3936827,0.1584,0.5000,-89.9,13.98,-122.6,-10.39,0.62,accepted,-0.2,-0.76,356,323,8,1,0,map_accept,0.93,-12.6,31.0,5,5,14.0
657,1790599482.4633229,0.1544,0.5000,-87.6,13.79,-122.2,-12.64,0.59,accepted,1.1,-6.43,355,330,7,1,0,map_accept,0.92,-13.1,28.3,4,4,14.0
658,1790599482.532212,0.1542,0.5000,-85.2,13.40,-121.4,-14.05,0.58,accepted,2.5,-4.02,356,337,7,1,0,map_accept,0.92,-13.1,30.7,4,4,14.0
659,1790599482.599152,0.1540,0.5000,-79.1,11.33,-120.6,-14.99,0.58,accepted,2.1,-2.70,361,342,7,1,0,map_accept,0.91,-14.4,23.9,4,4,14.0
660,1790599482.6675246,0.1598,0.5000,-117.3,25.11,-117.3,-14.21,0.63,accepted,9.6,2.25,398,337,9,1,0,map_accept,0.93,-7.5,-9.8,6,4,14.0
661,1790599482.7452362,0.1632,0.5000,-117.2,25.01,-114.7,-13.67,0.67,accepted,7.3,1.53,404,335,9,1,0,map_accept,0.93,-9.2,-1.0,6,4,14.0
662,1790599482.8096514,0.1656,0.5000,-96.9,20.62,-111.5,-13.20,0.69,accepted,9.2,1.33,430,341,9,1,0,map_accept,0.94,-6.5,22.7,6,4,14.0
663,1790599482.8753452,0.1573,0.5000,-40.7,4.05,-105.3,-10.76,0.61,accepted,17.7,6.97,506,344,6,1,0,map_pending,0.85,27.5,136.9,4,4,14.0
664,1790599482.9489064,0.1582,0.5000,-54.3,17.17,-98.9,-8.82,0.62,accepted,18.2,5.56,519,349,8,1,0,map_pending,0.79,25.1,136.1,6,6,14.0
665,1790599483.021021,0.1480,0.5000,-25.6,9.32,-95.9,-8.60,0.53,pending,37.9,2.68,530,356,9,1,0,map_accept,0.86,21.1,125.5,6,6,14.0
666,1790599483.089856,0.1526,0.5000,-3.1,-0.66,-86.0,-6.64,0.57,accepted,28.1,5.62,537,374,8,1,0,map_pending,0.79,27.2,144.7,6,6,14.0
667,1790599483.163532,0.1442,0.5000,-103.8,48.28,-82.0,-6.20,0.49,pending,50.3,5.41,581,384,9,1,0,map_accept,0.86,26.7,144.7,6,6,14.0
668,1790599483.2359357,0.1384,0.5000,-104.4,48.97,-77.8,-5.73,0.44,pending,53.0,5.86,601,394,9,1,0,map_accept,0.90,20.6,121.3,6,6,14.0
669,1790599483.3039515,0.1328,0.5000,-40.9,27.21,-73.7,-5.16,0.39,pending,51.5,7.15,604,404,8,1,0,map_accept,0.92,12.8,91.0,5,5,14.0
670,1790599483.3738875,0.1290,0.5000,85.2,-15.36,-69.6,-4.57,0.35,pending,50.2,7.38,560,415,8,1,0,map_accept,0.93,7.6,69.7,5,5,14.0
671,1790599483.4422138,0.1263,0.5000,99.9,-18.11,-65.8,-4.08,0.33,pending,47.6,6.12,604,425,8,1,0,map_accept,0.93,2.8,59.8,5,5,14.0
672,1790599483.5107791,0.1232,0.5000,30.7,0.20,-62.0,-4.35,0.30,pending,47.3,-3.35,566,435,7,1,0,map_accept,0.92,1.1,49.5,4,4,14.0
673,1790599483.5887992,0.1218,0.5000,-18.1,20.63,-58.1,-4.64,0.29,pending,49.0,-3.62,573,444,7,1,0,map_accept,0.93,1.1,28.9,4,4,14.0
674,1790599483.6601472,0.1201,0.5000,-14.8,17.87,-54.5,-4.94,0.27,pending,45.6,-3.79,581,452,7,1,0,map_accept,0.92,-2.4,26.9,4,4,14.0
675,1790599483.734646,0.1201,0.5000,-7.0,14.56,-51.5,-5.30,0.27,pending,37.7,-4.48,589,461,8,1,0,map_accept,0.92,-8.6,20.5,5,5,14.0
676,1790599483.8066225,0.1201,0.5000,6.2,6.56,-48.7,-5.73,0.27,pending,35.0,-5.36,620,469,8,1,0,map_accept,0.92,-8.3,26.1,5,5,14.0
677,1790599483.8825576,0.1200,0.5000,-16.8,14.61,-46.1,-6.00,0.27,pending,31.9,-3.41,590,477,8,1,0,map_accept,0.92,-8.5,32.1,5,5,14.0
678,1790599483.961157,0.1215,0.5000,23.9,4.13,-43.8,-6.40,0.29,pending,28.6,-4.90,637,486,9,1,0,map_accept,0.93,-8.6,37.9,6,6,14.0
679,1790599484.0349994,0.1225,0.5000,10.2,9.42,-40.9,-6.69,0.30,pending,36.1,-3.64,627,494,9,1,0,map_accept,0.94,0.4,37.8,6,6,14.0
680,1790599484.1056516,0.1232,0.5000,17.7,5.69,-39.1,-6.17,0.30,pending,23.4,6.49,639,505,9,1,0,map_accept,0.94,-12.4,81.0,6,6,14.0
681,1790599484.1772816,0.1336,0.5000,22.5,1.45,-27.3,-2.62,0.40,accepted,33.5,10.13,603,544,7,1,0,map_hold,0.93,-107.0,-275.4,5,0,14.0
682,1790599484.2494755,0.1399,0.4818,21.5,1.49,-18.8,0.06,0.45,accepted,24.4,7.66,602,569,7,1,0,map_hold,0.92,-105.1,-310.1,5,0,14.0
683,1790599484.3188283,0.1480,0.4255,24.9,-0.68,-11.5,0.89,0.53,accepted,20.8,2.36,604,606,8,1,0,map_accept,0.93,2.9,73.9,5,5,14.0
684,1790599484.3963633,0.1529,0.3608,-9.7,11.74,-7.1,1.58,0.57,accepted,12.5,1.96,602,635,8,1,0,map_accept,0.93,0.3,66.7,5,5,14.0
685,1790599484.490631,0.1558,0.3108,-3.3,8.43,-6.0,1.91,0.60,accepted,3.1,0.96,608,656,8,1,0,map_accept,0.93,-5.5,60.5,5,5,14.0
686,1790599484.5638008,0.1576,0.2798,13.8,2.09,-6.4,1.97,0.61,accepted,-1.0,0.18,662,670,8,1,0,map_accept,0.93,-7.6,51.1,5,5,14.0
687,1790599484.6379335,0.1587,0.2637,-17.8,14.33,-7.0,1.93,0.62,accepted,-1.9,-0.13,666,679,8,1,0,map_accept,0.93,-7.2,44.4,5,5,14.0
688,1790599484.709404,0.1593,0.2552,0.4,9.73,-7.5,2.08,0.63,accepted,-1.5,0.42,649,687,8,1,0,map_accept,0.94,-5.7,46.2,5,5,14.0
689,1790599484.7912078,0.1597,0.2538,-6.5,13.35,-8.1,1.97,0.63,accepted,-1.7,-0.31,662,694,8,1,0,map_accept,0.93,-5.0,50.6,5,5,14.0
690,1790599484.8660862,0.1599,0.2411,-18.3,9.82,-6.3,2.28,0.64,accepted,5.1,0.89,615,691,8,1,0,map_accept,0.93,2.4,17.5,5,5,14.0
691,1790599484.9409735,0.1600,0.2397,-24.2,9.97,-7.6,2.34,0.64,accepted,-3.7,0.18,620,690,8,1,0,map_accept,0.93,-5.1,27.5,5,5,14.0
692,1790599485.014534,0.1480,0.2388,-17.6,12.70,-7.6,2.34,0.53,pending,-5.1,-13.17,678,690,8,1,1,map_accept,0.94,-6.1,37.5,5,5,14.0
693,1790599485.084421,0.1529,0.2615,-41.3,22.09,-11.6,2.16,0.57,accepted,-11.4,-0.52,721,696,8,1,0,map_accept,0.94,-9.8,44.2,5,5,14.0
694,1790599485.1548278,0.1558,0.3067,-55.3,27.63,-16.8,1.93,0.60,accepted,-14.9,-0.65,726,700,8,1,0,map_accept,0.93,-13.4,39.1,5,5,14.0
695,1790599485.2277539,0.1576,0.3614,-68.4,32.07,-21.3,1.86,0.61,accepted,-12.7,-0.21,728,703,8,1,0,map_accept,0.93,-12.0,33.3,5,5,14.0
696,1790599485.298723,0.1552,0.4099,27.8,1.02,-24.8,0.52,0.59,accepted,-10.0,-3.82,705,708,7,1,0,map_accept,0.93,-10.5,38.5,4,4,14.0
697,1790599485.3726435,0.1538,0.4415,-68.6,29.57,-27.5,1.03,0.58,accepted,-7.7,1.45,699,714,7,1,0,map_accept,0.92,-9.3,39.3,4,4,14.0
698,1790599485.443899,0.1541,0.4619,-120.6,48.34,-28.4,1.53,0.58,accepted,-2.5,1.43,709,720,7,1,0,map_accept,0.92,-5.1,35.2,4,4,14.0
699,1790599485.5137572,0.1566,0.4753,5.1,3.44,-29.5,2.24,0.61,accepted,-3.1,2.04,737,726,8,1,0,map_accept,0.92,-6.3,36.0,5,5,14.0
700,1790599485.5827055,0.1546,0.4839,52.8,-4.74,-32.8,2.59,0.59,accepted,-9.5,1.00,729,727,7,1,0,map_accept,0.92,-15.3,8.9,4,4,14.0
701,1790599485.6537728,0.1430,0.4895,14.0,0.78,-32.8,2.59,0.48,pending,-9.2,-12.22,731,727,7,1,1,map_accept,0.92,-16.9,2.1,4,4,14.0
702,1790599485.7182984,0.1348,0.4932,-9.6,7.89,-32.8,2.59,0.41,pending,-11.0,-12.33,741,727,7,1,2,map_accept,0.91,-19.8,8.9,4,4,14.0
703,1790599485.7861557,0.1416,0.4956,62.6,-21.64,-37.8,2.85,0.47,accepted,-14.2,0.74,753,735,7,1,0,map_accept,0.91,-24.0,16.9,4,4,14.0
704,1790599485.8540025,0.1414,0.4971,-63.1,40.97,-38.0,1.08,0.47,accepted,-0.7,-5.08,744,745,6,1,0,map_accept,0.90,-15.7,24.8,4,4,14.0
705,1790599485.9171622,0.1392,0.4981,73.0,-5.58,-38.1,-2.01,0.45,accepted,-0.2,-8.81,721,754,5,1,0,map_accept,0.88,-17.3,23.6,4,4,14.0
706,1790599485.9868734,0.1421,0.4988,-95.9,38.33,-19.9,-1.64,0.47,accepted,52.1,1.04,757,780,6,1,0,map_accept,0.88,33.7,82.1,4,4,14.0
707,1790599486.0536656,0.1439,0.4381,-107.7,39.55,-8.2,-1.50,0.49,accepted,33.4,0.39,762,801,6,1,0,map_accept,0.87,20.5,72.8,4,4,14.0
708,1790599486.1198263,0.1450,0.3696,-107.4,39.74,-3.0,-1.34,0.50,accepted,14.7,0.48,766,819,6,1,0,map_accept,0.87,6.7,74.0,4,4,14.0
709,1790599486.1867146,0.1456,0.2901,23.8,-2.60,3.1,-0.91,0.51,accepted,17.5,1.23,745,838,6,1,0,map_accept,0.87,12.7,88.2,4,4,14.0
710,1790599486.2521484,0.1429,0.2116,110.2,-11.64,7.8,-0.94,0.48,accepted,13.4,-0.10,738,861,5,1,0,map_accept,0.86,11.8,108.7,4,4,14.0
711,1790599486.3125634,0.1310,0.1536,274.7,-35.56,7.7,0.01,0.37,pending,-1.1,11.84,743,859,3,1,0,map_hold,0.83,-101.9,-346.5,3,1,14.0
712,1790599486.377925,0.1240,0.1141,205.8,-29.37,7.7,0.01,0.31,pending,-1.9,12.23,766,859,4,1,1,map_hold,0.82,-99.8,-325.9,4,1,14.0
713,1790599486.441363,0.1198,0.0867,207.6,-29.61,7.7,0.01,0.27,pending,-2.2,13.42,791,859,5,1,2,map_hold,0.82,-98.8,-305.6,4,1,14.0
714,1790599486.5057316,0.1169,0.0673,214.0,-30.80,7.7,0.01,0.24,pending,-1.9,14.43,775,859,5,1,3,map_hold,0.81,-110.1,-287.5,4,1,14.0
715,1790599486.5687556,0.1148,0.0531,180.6,-25.16,7.7,0.01,0.23,pending,-1.2,15.34,757,859,5,1,4,map_hold,0.80,-106.3,-278.0,4,1,14.0
716,1790599486.6394231,0.1141,0.0904,-49.5,-10.15,-0.9,-0.13,0.22,pending,-107.9,-1.72,536,842,6,1,4,map_accept,0.83,-107.6,-254.0,4,4,14.0
717,1790599486.7087317,0.1136,0.1567,-47.8,-7.81,-8.8,-0.26,0.21,pending,-97.8,-1.59,538,825,6,1,4,map_accept,0.84,-75.2,-192.8,4,4,14.0
718,1790599486.7752826,0.1205,0.1819,121.3,-12.08,-9.8,3.45,0.28,accepted,-3.0,10.59,790,830,5,1,0,map_accept,0.84,31.0,202.1,4,4,14.0
719,1790599486.8478136,0.1276,0.1444,65.4,-0.38,-3.5,6.31,0.34,accepted,18.1,8.17,806,852,6,1,0,map_accept,0.84,38.3,206.3,5,4,14.0
720,1790599486.914639,0.1289,0.1268,131.1,-15.71,-8.1,9.24,0.35,accepted,-13.2,8.38,790,819,5,1,0,occlusion_hold,0.84,0.0,0.0,5,0,14.0
721,1790599486.9854324,0.1317,0.1129,108.6,-10.04,-10.0,11.29,0.38,accepted,-5.6,5.84,789,794,5,1,0,map_hold,0.83,-133.1,483.1,5,2,14.0
722,1790599487.0498583,0.1346,0.0956,129.6,-15.14,-10.1,12.77,0.41,accepted,-0.3,4.24,789,776,5,1,0,map_hold,0.82,-153.2,490.1,5,0,14.0
723,1790599487.1137052,0.1363,0.0712,134.8,-16.48,-9.0,13.88,0.42,accepted,3.3,3.17,791,763,5,1,0,map_hold,0.82,-160.6,496.1,5,0,14.0
724,1790599487.1761827,0.1373,0.0390,138.5,-17.25,-7.0,14.74,0.43,accepted,5.5,2.45,793,755,5,1,0,map_hold,0.82,-136.6,489.9,5,0,14.0
725,1790599487.2403708,0.1278,0.0000,86.5,-2.92,-6.5,14.89,0.34,pending,7.0,1.94,734,754,4,1,0,occlusion_hold,0.82,0.0,0.0,4,0,14.0
726,1790599487.3106298,0.1214,0.0000,90.8,-4.38,-5.7,15.09,0.29,pending,9.8,2.43,788,753,4,1,0,map_hold,0.81,-87.0,-390.0,4,0,14.0
727,1790599487.3750637,0.1170,-0.0278,203.2,-33.03,-4.7,15.31,0.25,pending,12.2,2.71,638,753,4,1,0,map_hold,0.81,-80.0,-389.1,4,0,14.0
728,1790599487.4405026,0.1139,-0.0544,206.9,-33.53,-3.6,15.44,0.22,pending,14.5,1.70,680,753,4,1,0,map_hold,0.81,-81.2,-387.8,4,0,14.0
729,1790599487.5035865,0.1239,-0.1066,25.8,14.66,2.2,15.78,0.31,accepted,16.5,0.96,701,756,5,1,0,map_hold,0.82,-83.9,-386.7,5,0,14.0
730,1790599487.5686302,0.1318,-0.1678,42.1,9.96,7.0,15.89,0.38,accepted,13.8,0.32,737,761,6,1,0,map_hold,0.83,27.2,66.4,5,0,14.0
731,1790599487.6365085,0.1366,-0.2291,22.8,16.79,11.3,15.92,0.42,accepted,12.1,0.09,746,766,6,1,0,map_hold,0.84,23.7,67.8,5,0,14.0
732,1790599487.7050333,0.1394,-0.2879,11.3,20.51,15.1,15.93,0.45,accepted,10.9,0.03,738,771,6,1,0,map_hold,0.84,19.9,65.4,5,0,14.0
733,1790599487.7700026,0.1286,-0.3297,-147.8,51.89,16.0,15.61,0.35,pending,11.6,-4.05,837,772,3,1,0,map_pending,0.79,20.2,65.0,2,0,14.0
734,1790599487.834441,0.1358,-0.3796,105.2,-8.72,20.1,16.14,0.42,accepted,11.8,1.51,764,779,6,1,0,map_hold,0.81,-103.7,-385.2,5,0,14.0
735,1790599487.9037576,0.1468,-0.4218,26.9,13.42,23.7,16.39,0.52,accepted,10.2,0.71,768,786,8,1,0,map_hold,0.84,-0.8,61.1,6,0,14.0
736,1790599487.9700272,0.1488,-0.4491,52.3,-1.91,26.8,16.33,0.53,accepted,8.9,-0.17,723,792,7,1,0,map_hold,0.85,-8.6,67.9,5,0,14.0
737,1790599488.0417109,0.1556,-0.4669,153.5,-21.18,29.5,16.19,0.60,accepted,7.7,-0.39,734,798,8,1,0,map_hold,0.87,-122.8,-381.2,6,1,14.0
738,1790599488.1089725,0.1597,-0.4785,145.7,-19.45,31.8,16.35,0.63,accepted,6.6,0.46,744,804,8,1,0,map_hold,0.88,-121.9,-378.7,6,1,14.0
739,1790599488.1762972,0.1620,-0.4860,122.5,-18.01,33.8,16.69,0.65,accepted,5.6,0.96,748,809,8,1,0,map_hold,0.89,-120.9,-371.3,6,2,14.0
740,1790599488.2447,0.1635,-0.4909,117.3,-17.16,35.4,17.08,0.67,accepted,4.5,1.13,759,813,8,1,0,map_hold,0.90,-121.8,-364.1,6,2,14.0
741,1790599488.3067377,0.1441,-0.4941,-64.8,50.10,34.9,16.79,0.49,pending,-5.9,-3.65,744,813,2,1,0,map_pending,0.85,-117.9,-358.2,1,0,14.0
742,1790599488.3693485,0.1313,-0.4962,-45.9,47.93,34.9,16.79,0.38,pending,-0.9,-51.87,877,813,3,1,1,map_accept,0.84,2.1,72.5,1,1,14.0
743,1790599488.4311376,0.1225,-0.4975,-47.6,48.43,34.9,16.79,0.30,pending,-0.9,-54.31,877,813,3,1,2,map_accept,0.82,-0.2,50.8,1,2,14.0
744,1790599488.497948,0.1376,-0.4984,50.7,8.75,32.2,15.92,0.43,accepted,-7.7,-2.50,788,841,8,1,0,map_accept,0.87,-8.4,56.3,6,5,14.0
745,1790599488.5618844,0.1467,-0.4989,44.6,12.35,30.7,15.30,0.52,accepted,-4.5,-1.74,797,864,8,1,0,map_accept,0.90,-7.8,59.5,6,5,14.0
746,1790599488.6263177,0.1521,-0.4993,36.2,15.55,29.3,14.36,0.56,accepted,-3.9,-2.71,803,884,8,1,0,map_accept,0.91,-9.6,64.5,6,5,14.0
747,1790599488.6961355,0.1554,-0.4996,52.1,6.66,29.0,13.75,0.59,accepted,-0.8,-1.72,810,901,8,1,0,map_accept,0.92,-8.2,73.0,6,5,14.0
748,1790599488.7595804,0.1617,-0.4997,46.8,11.30,32.5,13.72,0.65,accepted,10.0,-0.09,824,902,9,1,0,map_accept,0.95,1.9,30.9,6,6,14.0
749,1790599488.826434,0.1611,-0.4998,148.4,-24.43,36.4,14.11,0.65,accepted,11.2,1.10,814,898,8,1,0,map_accept,0.94,4.5,22.2,6,6,14.0
750,1790599488.8940263,0.1573,-0.4999,163.0,-28.24,40.1,14.90,0.61,accepted,10.6,2.24,823,893,7,1,0,map_accept,0.93,5.4,27.0,5,5,14.0
751,1790599488.9564264,0.1551,-0.4999,187.5,-35.56,42.7,15.30,0.59,accepted,7.4,1.17,825,891,7,1,0,map_accept,0.92,3.9,36.3,5,5,14.0
752,1790599489.0210288,0.1408,-0.4999,86.8,-19.13,42.7,15.30,0.46,pending,2.8,-46.09,732,891,2,1,1,map_accept,0.88,0.8,45.8,0,0,14.0
753,1790599489.0884523,0.1309,-0.5000,82.3,-19.72,42.7,15.30,0.37,pending,-2.2,-47.17,736,891,2,1,2,map_accept,0.84,-4.4,51.8,0,1,14.0
754,1790599489.1528609,0.1239,-0.5000,88.8,-19.10,42.7,15.30,0.31,pending,4.8,-47.50,737,891,2,1,3,map_accept,0.80,1.2,56.8,0,1,14.0
755,1790599489.218643,0.1171,-0.5000,318.8,-35.59,42.7,15.30,0.25,pending,-14.7,-46.58,616,891,3,1,4,map_accept,0.78,-23.6,63.7,1,2,14.0
756,1790599489.2877567,0.1124,-0.5000,-204.6,61.96,42.7,15.30,0.20,pending,-13.7,-39.51,837,891,3,1,1,map_accept,0.76,-24.0,72.8,1,1,14.0
757,1790599489.3593235,0.1083,-0.5000,-217.5,62.86,43.8,15.82,0.17,pending,13.5,6.41,726,887,2,1,1,map_pending,0.71,-2.4,26.5,1,0,14.0
758,1790599489.4239316,0.1055,-0.5000,-275.8,65.99,45.3,16.29,0.14,pending,18.6,5.86,728,883,2,1,1,map_pending,0.67,-23.8,51.5,1,0,14.0
759,1790599489.4896188,0.1059,-0.5000,226.2,0.00,48.0,16.77,0.14,pending,34.5,6.01,551,877,1,1,1,map_pending,0.64,132.0,-227.7,0,0,14.0
760,1790599489.5507517,0.1049,-0.5000,-52.2,47.09,50.1,16.70,0.14,pending,25.8,-0.79,819,871,3,1,1,map_pending,0.61,-3.1,51.4,1,0,14.0
761,1790599489.6163557,0.1042,-0.5000,-57.3,48.11,52.1,16.59,0.13,pending,25.2,-1.43,821,866,3,1,1,map_pending,0.59,-6.3,59.7,1,0,14.0
762,1790599489.6900403,0.1028,-0.5000,259.0,-24.27,53.0,16.40,0.12,pending,10.9,-2.37,612,860,2,1,1,map_pending,0.58,-152.7,-432.3,1,0,14.0
763,1790599489.7764554,0.1028,-0.5000,-51.0,52.63,54.2,16.24,0.12,pending,15.6,-1.99,623,855,3,1,1,map_pending,0.57,-18.3,80.2,1,0,14.0
764,1790599489.8418317,0.1027,-0.5000,-46.5,52.51,55.3,15.84,0.12,pending,12.7,-5.07,619,849,3,1,1,map_pending,0.55,-12.2,84.3,1,0,14.0
765,1790599489.908449,0.1036,-0.5000,55.1,34.87,56.3,15.25,0.12,pending,12.5,-7.29,598,844,4,1,1,map_pending,0.56,-13.3,95.5,2,0,14.0
766,1790599489.9718282,0.1052,-0.5000,55.6,35.60,56.3,15.25,0.14,pending,28.5,-38.11,609,844,5,1,2,map_accept,0.62,12.9,77.9,2,1,14.0
767,1790599490.0369215,0.1041,-0.5000,-15.8,44.58,56.3,15.25,0.13,pending,32.7,-37.08,809,844,3,1,3,map_accept,0.63,12.0,60.1,1,1,14.0
768,1790599490.107339,0.1037,-0.5000,-62.7,55.98,56.3,15.25,0.12,pending,14.8,-20.25,603,844,3,1,1,map_pending,0.61,-123.5,-400.5,1,0,14.0
769,1790599490.1710026,0.1030,-0.5000,-11.0,44.43,56.3,15.25,0.12,pending,15.2,-41.86,827,844,3,1,1,map_accept,0.62,-3.4,93.1,1,1,14.0
770,1790599490.241884,0.1246,-0.5000,64.4,13.54,62.3,13.97,0.31,accepted,17.2,-3.65,787,839,7,1,0,map_accept,0.71,-3.5,72.4,2,6,14.0
771,1790599490.3057282,0.1376,-0.5000,71.0,10.56,66.9,13.11,0.43,accepted,13.2,-2.47,785,836,7,1,0,map_accept,0.77,-2.4,60.7,5,6,14.0
772,1790599490.3690581,0.1477,-0.5000,89.1,0.51,68.2,12.58,0.52,accepted,3.6,-1.51,780,836,8,1,0,map_accept,0.82,-7.6,57.4,5,6,14.0
773,1790599490.432108,0.1347,-0.5000,-73.1,52.34,68.2,12.58,0.41,pending,2.3,-43.46,834,836,4,1,1,map_accept,0.80,-5.5,59.5,1,1,14.0
774,1790599490.497518,0.1256,-0.5000,-48.9,54.11,68.2,12.58,0.32,pending,3.1,-52.14,722,836,4,1,1,map_accept,0.78,-2.2,55.5,1,1,14.0
775,1790599490.5639405,0.1193,-0.5000,-60.6,55.61,68.2,12.58,0.27,pending,-2.7,-54.41,727,836,4,1,2,map_accept,0.75,-5.3,54.0,1,1,14.0
776,1790599490.6236053,0.1137,-0.5000,-206.6,69.58,68.2,12.58,0.22,pending,-5.2,-60.70,873,836,3,1,1,map_accept,0.72,-5.9,50.8,0,0,14.0
777,1790599490.6877017,0.1098,-0.5000,-175.3,67.48,68.2,12.58,0.18,pending,-11.2,-59.55,881,836,3,1,2,map_accept,0.68,-10.6,57.4,0,0,14.0
778,1790599490.7555532,0.1070,-0.5000,-155.7,66.36,68.2,12.58,0.15,pending,-7.2,-58.55,853,836,3,1,3,map_accept,0.65,-5.8,65.1,0,0,14.0
779,1790599490.819604,0.1051,-0.5000,-171.8,67.60,68.2,12.58,0.14,pending,-16.7,-62.33,857,836,3,1,4,map_accept,0.62,-16.9,81.8,0,0,14.0
780,1790599490.888522,0.1038,-0.5000,-172.8,67.52,68.2,12.58,0.13,pending,-20.7,-62.68,857,836,3,1,5,map_accept,0.59,-20.0,92.8,0,0,14.0
781,1790599490.9511287,0.1040,-0.5000,181.7,7.09,68.2,12.58,0.13,pending,-33.4,-53.85,605,836,4,1,1,map_accept,0.59,-31.4,97.8,1,1,14.0
782,1790599491.013878,0.1042,-0.5000,178.8,7.30,68.2,12.58,0.13,pending,-50.7,-56.62,607,836,4,1,2,map_accept,0.59,-54.9,125.1,1,0,14.0
783,1790599491.085798,0.1244,-0.5000,69.2,-0.77,56.0,8.61,0.31,accepted,-34.7,-11.35,807,851,8,1,0,map_accept,0.66,-43.0,75.3,2,5,14.0
784,1790599491.1572862,0.1173,-0.5000,-157.7,66.71,56.0,8.61,0.25,pending,-24.0,-62.24,858,851,3,1,1,map_accept,0.63,-43.6,87.3,0,0,14.0
785,1790599491.2258356,0.1323,-0.5000,124.0,-18.20,49.0,6.75,0.38,accepted,-20.0,-5.30,813,863,8,1,0,map_accept,0.70,-34.5,84.8,4,5,14.0
786,1790599491.2950304,0.1239,-0.5000,79.8,24.48,49.0,6.75,0.31,pending,-16.5,-33.21,712,863,4,1,1,map_accept,0.70,-35.7,86.1,0,0,14.0
787,1790599491.3634076,0.1169,-0.5000,-92.6,62.02,49.0,6.75,0.24,pending,-18.8,-60.33,825,863,3,1,1,map_accept,0.67,-34.5,76.1,0,0,14.0
788,1790599491.4285877,0.1132,-0.5000,72.4,25.02,49.0,6.75,0.21,pending,-16.5,-33.33,725,863,4,1,1,map_accept,0.67,-30.5,77.3,1,0,14.0
789,1790599491.5039153,0.1100,-0.5000,73.9,25.08,49.0,6.75,0.18,pending,1.1,-21.78,625,863,3,1,1,map_pending,0.64,-147.4,-404.0,1,0,14.0
790,1790599491.5865839,0.1066,-0.5000,166.5,15.77,49.0,6.75,0.15,pending,1.3,-23.47,556,863,2,1,2,map_pending,0.60,-136.7,-411.5,1,0,14.0
791,1790599491.6545465,0.1043,-0.5000,169.0,15.87,49.0,6.75,0.13,pending,4.7,-25.32,556,863,2,1,3,map_pending,0.58,-144.6,-373.8,1,0,14.0
792,1790599491.7212348,0.1027,-0.5000,170.2,16.42,49.0,6.75,0.12,pending,10.1,-26.99,564,863,2,1,4,map_pending,0.56,-133.3,-369.2,1,0,14.0
793,1790599491.794334,0.1021,-0.5000,178.5,16.13,49.0,6.75,0.11,pending,134.2,-21.79,587,863,3,1,1,map_accept,0.58,108.8,-120.8,1,1,14.0
794,1790599491.8583775,0.1017,-0.5000,174.9,16.87,49.0,6.75,0.11,pending,14.5,-30.49,605,863,3,1,1,map_accept,0.58,-50.6,160.3,1,0,14.0
795,1790599491.9284437,0.1035,-0.5000,218.5,0.00,49.0,6.75,0.12,pending,144.5,-21.49,550,863,2,1,1,map_accept,0.57,83.9,-119.5,1,1,14.0
796,1790599491.994465,0.1175,-0.5000,67.5,-8.06,57.2,5.06,0.25,accepted,23.5,-4.82,849,855,5,1,0,map_accept,0.65,-60.2,167.5,0,5,14.0
797,1790599492.0599701,0.1139,-0.5000,217.2,0.00,68.0,4.66,0.22,pending,135.0,-5.06,587,841,1,1,0,map_accept,0.63,84.1,-134.2,0,0,14.0
798,1790599492.1289423,0.1114,-0.5000,217.5,0.00,78.0,4.29,0.19,pending,124.5,-4.66,589,829,1,1,0,map_accept,0.60,72.1,-106.6,0,0,14.0
799,1790599492.1964116,0.1097,-0.5000,231.0,0.00,88.2,3.94,0.18,pending,128.0,-4.29,591,817,1,1,0,map_accept,0.57,80.3,-93.1,0,0,14.0
800,1790599492.2615628,0.1085,-0.5000,245.5,0.00,98.8,3.63,0.17,pending,132.3,-3.94,591,806,1,1,0,map_accept,0.55,89.9,-88.3,0,0,14.0
801,1790599492.3241508,0.1199,-0.5000,24.0,13.11,73.2,5.01,0.27,accepted,-73.3,3.95,877,825,4,1,0,map_accept,0.59,-110.6,192.1,0,6,14.0
802,1790599492.3924887,0.1303,-0.5000,55.0,1.52,56.7,5.73,0.37,accepted,-47.2,2.06,871,839,5,1,0,map_accept,0.63,-65.4,123.1,1,6,14.0
803,1790599492.4621873,0.1389,-0.5000,25.8,16.84,42.8,5.90,0.44,accepted,-39.7,0.50,859,849,6,1,0,map_accept,0.69,-49.6,80.4,3,7,14.0
804,1790599492.5345297,0.1311,-0.5000,9.6,29.50,42.8,5.90,0.37,pending,7.8,-39.16,855,849,5,1,1,map_hold,0.70,-141.8,-406.0,3,0,14.0
805,1790599492.6088314,0.1331,-0.5000,2.8,34.43,36.1,2.03,0.39,accepted,-19.0,-11.06,855,863,5,1,0,map_accept,0.72,-27.0,71.7,3,5,14.0
806,1790599492.6771793,0.1396,-0.5000,-12.2,40.58,36.4,1.65,0.45,accepted,0.9,-1.11,826,874,6,1,0,map_accept,0.73,-8.0,53.5,2,5,14.0
807,1790599492.7504125,0.1424,-0.5000,32.1,26.17,36.4,1.15,0.48,accepted,-0.2,-1.41,830,884,6,1,0,map_accept,0.75,-9.2,49.7,3,4,14.0
808,1790599492.8228652,0.1439,-0.5000,151.9,-13.13,39.0,2.86,0.49,accepted,7.6,4.88,795,895,7,1,0,map_accept,0.76,-2.5,55.2,3,4,14.0
809,1790599492.8962235,0.1470,-0.5000,166.9,-15.09,36.7,3.81,0.52,accepted,-6.5,2.70,789,889,7,1,0,map_accept,0.79,-20.8,13.0,4,4,14.0
810,1790599492.9728336,0.1467,-0.5000,157.8,-10.76,58.8,6.23,0.52,accepted,63.0,6.91,787,837,7,1,0,map_accept,0.80,42.1,-127.4,4,4,14.0
811,1790599493.0424023,0.1487,-0.5000,136.9,-2.93,72.8,7.62,0.53,accepted,40.0,3.98,757,800,7,1,0,map_accept,0.81,23.1,-84.3,4,4,14.0
812,1790599493.1191945,0.1388,-0.5000,154.4,-2.88,72.8,7.62,0.44,pending,43.0,13.59,761,800,7,1,1,map_accept,0.82,30.7,-60.9,4,5,14.0
813,1790599493.1970522,0.1356,-0.5000,301.6,-36.61,92.5,9.95,0.41,accepted,56.2,6.65,783,773,5,1,0,map_accept,0.81,32.7,-40.1,4,4,14.0
814,1790599493.27286,0.1399,-0.5000,145.0,-8.68,103.3,13.87,0.45,accepted,31.0,11.21,781,755,7,1,0,map_accept,0.83,19.2,-28.6,6,6,14.0
815,1790599493.3464015,0.1424,-0.5000,136.3,-6.51,111.0,16.51,0.48,accepted,21.9,7.54,777,741,7,1,0,map_accept,0.84,18.7,-29.8,6,6,14.0
816,1790599493.419324,0.1461,-0.5000,206.6,-26.43,86.1,15.50,0.51,accepted,-71.0,-2.87,803,784,7,1,0,map_accept,0.85,-67.5,149.4,5,5,14.0
817,1790599493.490446,0.1518,-0.5000,212.9,-27.93,70.5,15.15,0.56,accepted,-44.6,-1.01,805,817,8,1,0,map_accept,0.87,-44.5,112.7,5,5,14.0
818,1790599493.563548,0.1517,-0.5000,125.1,-6.74,64.6,15.68,0.56,accepted,-17.0,1.52,807,829,7,1,0,map_accept,0.87,-19.4,44.5,5,5,14.0
819,1790599493.636264,0.1517,-0.5000,107.0,-0.38,60.0,16.44,0.56,accepted,-13.1,2.17,791,840,7,1,0,map_accept,0.87,-17.9,45.9,5,5,14.0
820,1790599493.7075627,0.1551,-0.5000,133.1,-8.14,55.4,16.50,0.59,accepted,-13.0,0.16,801,852,8,1,0,map_accept,0.88,-20.6,55.2,5,5,14.0
821,1790599493.7749736,0.1584,-0.5000,145.0,-16.62,59.0,17.29,0.62,accepted,10.0,2.27,794,845,8,1,0,map_hold,0.89,15.5,-15.3,6,0,14.0
822,1790599493.849971,0.1557,-0.5000,176.4,-26.23,62.3,18.18,0.60,accepted,9.7,2.53,806,839,7,1,0,map_hold,0.88,10.6,-4.0,5,0,14.0
823,1790599493.9149122,0.1393,-0.5000,-138.9,67.02,62.3,18.18,0.45,pending,11.9,-50.63,819,839,3,1,1,map_accept,0.86,3.4,1.1,0,0,14.0
824,1790599493.9845035,0.1477,-0.5000,135.6,-19.86,67.5,19.04,0.52,accepted,14.7,2.47,801,836,8,1,0,map_accept,0.88,4.0,15.0,5,5,14.0
825,1790599494.0535102,0.1493,-0.5000,156.6,-28.81,69.2,17.53,0.54,accepted,5.0,-4.31,809,833,7,1,0,map_accept,0.89,-3.2,11.7,4,4,14.0
826,1790599494.127328,0.1580,-0.5000,195.6,-43.62,69.0,18.63,0.62,accepted,-0.7,3.14,802,831,9,1,0,map_accept,0.92,-7.6,11.9,6,6,14.0
827,1790599494.1996222,0.1512,-0.5000,118.1,-15.77,69.3,15.97,0.56,accepted,1.0,-7.61,798,832,6,1,0,map_accept,0.91,-4.6,20.9,4,4,14.0
828,1790599494.270329,0.1514,-0.5000,144.6,-27.43,71.3,15.94,0.56,accepted,5.7,-0.09,802,833,7,1,0,map_accept,0.91,2.2,23.4,4,4,14.0
829,1790599494.3385684,0.1473,-0.5000,118.0,-14.51,71.6,13.79,0.52,accepted,0.7,-6.14,771,813,6,1,0,map_accept,0.90,0.1,-51.6,4,4,14.0
830,1790599494.403067,0.1470,-0.5000,135.1,-18.65,75.1,14.98,0.52,accepted,10.2,3.40,794,811,6,1,0,map_accept,0.89,12.7,4.2,4,4,14.0
831,1790599494.4702818,0.1446,-0.5000,94.4,-11.87,72.8,16.79,0.50,accepted,-6.7,5.18,796,808,6,1,0,map_hold,0.88,-82.2,-358.9,4,1,14.0
832,1790599494.5377617,0.1454,-0.5000,81.8,-5.70,69.8,17.85,0.50,accepted,-8.6,3.02,797,807,6,1,0,map_hold,0.86,-81.4,-355.6,4,1,14.0
833,1790599494.6049943,0.1459,-0.5000,56.5,4.25,66.5,18.45,0.51,accepted,-9.5,1.70,796,805,6,1,0,map_hold,0.85,-80.6,-345.1,4,1,14.0
834,1790599494.672131,0.1461,-0.5000,49.7,6.33,63.1,18.75,0.51,accepted,-9.5,0.87,800,804,6,1,0,map_hold,0.84,48.8,-608.7,4,0,14.0
835,1790599494.7391465,0.1463,-0.5000,116.8,-7.47,60.0,18.89,0.51,accepted,-9.0,0.38,781,803,6,1,0,map_hold,0.84,48.4,-590.3,4,0,14.0
836,1790599494.807916,0.1464,-0.5000,73.7,-4.99,57.1,18.93,0.51,accepted,-8.2,0.14,800,803,6,1,0,map_hold,0.83,-103.0,-293.1,4,1,14.0
837,1790599494.884475,0.1463,-0.5000,67.6,-2.61,49.4,15.50,0.51,accepted,-22.1,-9.82,819,823,7,1,0,map_accept,0.84,-14.9,68.0,4,4,14.0
838,1790599494.9883764,0.1348,-0.5000,224.2,0.00,49.4,15.50,0.41,pending,149.9,-34.64,569,823,1,1,1,map_accept,0.80,155.4,-248.5,0,2,14.0
839,1790599495.0603926,0.1416,-0.5000,88.8,-12.01,55.8,14.20,0.47,accepted,18.4,-3.71,807,825,7,1,0,map_accept,0.82,-9.6,71.7,4,4,14.0
840,1790599495.1296723,0.1434,-0.5000,87.1,-11.94,49.0,12.48,0.49,accepted,-19.3,-4.92,807,828,7,1,0,map_accept,0.83,-28.3,46.5,4,4,14.0
841,1790599495.2043953,0.1305,-0.5000,-356.6,64.77,49.6,12.62,0.37,pending,7.5,1.73,713,826,2,1,0,map_pending,0.76,73.0,-543.0,2,0,14.0
842,1790599495.279068,0.1214,-0.5000,159.6,5.04,50.3,12.81,0.29,pending,7.8,2.41,627,822,2,1,0,map_pending,0.72,66.9,-497.5,1,0,14.0
843,1790599495.3494067,0.1166,-0.5000,90.1,-13.56,51.0,13.11,0.24,pending,8.5,3.75,623,818,1,1,0,map_pending,0.66,62.7,-456.3,0,0,14.0
844,1790599495.417303,0.1114,-0.5000,251.0,-28.33,51.8,13.49,0.19,pending,10.3,4.70,616,812,2,1,0,map_pending,0.62,41.3,-486.6,0,0,14.0
845,1790599495.4875686,0.1088,-0.5000,106.1,30.42,53.0,13.91,0.17,pending,15.3,5.29,625,806,3,1,0,map_pending,0.60,33.8,-457.3,0,0,14.0
846,1790599495.5554574,0.1069,-0.5000,24.0,38.09,54.7,13.05,0.15,pending,21.5,-10.78,682,800,3,1,0,map_pending,0.59,27.2,-445.8,1,0,14.0
847,1790599495.6228762,0.1061,-0.5000,-13.9,3.44,56.7,12.59,0.15,pending,25.2,-5.67,512,793,3,1,0,map_pending,0.59,19.1,-429.2,2,0,14.0
848,1790599495.6914601,0.1160,-0.5000,13.2,-9.38,65.7,10.85,0.24,accepted,25.6,-4.98,565,749,4,1,0,map_pending,0.60,17.6,-409.3,2,0,14.0
849,1790599495.7626557,0.1232,-0.5000,-44.7,54.14,71.6,9.44,0.30,accepted,16.7,-4.01,635,714,4,1,0,map_pending,0.61,21.5,-395.4,2,0,14.0
850,1790599495.8304892,0.1275,-0.5000,-40.2,54.28,74.5,9.53,0.34,accepted,8.3,0.24,637,686,4,1,0,map_pending,0.61,26.2,-380.4,2,0,14.0
851,1790599495.9006608,0.1213,-0.5000,-12.8,34.70,74.7,9.80,0.28,pending,3.5,3.49,734,683,4,1,0,map_pending,0.60,28.1,-365.4,2,0,14.0
852,1790599495.9658337,0.1294,-0.5000,10.3,30.76,75.7,11.12,0.36,accepted,2.8,3.77,641,660,5,1,0,map_pending,0.62,27.4,-355.5,2,0,14.0
853,1790599496.0328803,0.1352,-0.5000,26.8,-11.15,37.7,9.62,0.41,accepted,-108.7,-4.30,592,624,5,1,0,map_accept,0.67,-107.8,-83.3,0,2,14.0
854,1790599496.0988183,0.1387,-0.4657,28.4,-12.31,13.5,8.75,0.44,accepted,-69.2,-2.49,603,602,5,1,0,map_accept,0.70,-73.5,-58.5,2,2,14.0
855,1790599496.173652,0.1408,-0.3814,29.2,-12.46,-2.3,8.23,0.46,accepted,-45.0,-1.49,616,590,5,1,0,map_accept,0.70,-52.5,-36.9,2,2,14.0
856,1790599496.2456148,0.1315,-0.3010,-7.0,39.55,-2.3,8.23,0.38,pending,12.8,-28.53,631,590,5,1,1,map_pending,0.67,41.0,253.4,2,3,14.0
857,1790599496.3276258,0.1247,-0.2045,-322.3,24.32,-10.0,8.10,0.32,pending,-96.0,-1.61,504,581,4,1,1,map_accept,0.67,-110.6,-203.8,2,3,14.0
858,1790599496.4073396,0.1304,-0.1493,-37.2,44.27,-8.9,8.41,0.37,accepted,3.1,0.88,637,576,5,1,0,map_hold,0.71,19.8,-444.2,3,0,14.0
859,1790599496.4797385,0.1316,-0.1538,-50.2,45.47,-3.5,10.11,0.38,accepted,15.4,4.87,645,576,5,1,0,map_hold,0.72,-91.3,-225.2,3,0,14.0
860,1790599496.5488188,0.1334,-0.2082,-157.8,64.95,5.0,11.06,0.39,accepted,24.2,2.71,653,583,4,1,0,map_pending,0.67,5.1,224.1,2,2,14.0
861,1790599496.621186,0.1344,-0.2908,136.5,23.71,14.9,12.86,0.40,accepted,28.2,5.14,653,593,5,1,0,map_pending,0.64,-4.8,219.2,3,3,14.0
862,1790599496.692659,0.1350,-0.3640,175.5,4.96,26.3,14.99,0.41,accepted,32.6,6.09,653,604,5,1,0,map_pending,0.62,-10.8,249.2,3,4,14.0
863,1790599496.7643523,0.1364,-0.4116,227.1,-9.70,38.4,17.36,0.42,accepted,34.6,6.78,649,615,5,1,0,map_pending,0.61,-29.0,225.5,3,5,14.0
864,1790599496.8320725,0.1270,-0.4426,-31.4,3.13,41.0,17.75,0.34,pending,32.3,4.88,496,616,3,1,0,map_pending,0.62,-36.6,242.1,2,0,14.0
865,1790599496.903994,0.1305,-0.4627,232.7,-10.49,53.2,19.47,0.37,accepted,34.8,4.92,650,623,5,1,0,map_pending,0.61,-40.5,248.9,4,4,14.0
866,1790599496.97332,0.1359,-0.4757,233.6,-10.79,62.7,20.53,0.42,accepted,27.2,3.01,648,628,5,1,0,map_pending,0.61,-46.9,249.6,4,5,14.0
867,1790599497.0453966,0.1381,-0.4842,238.9,-11.70,70.4,21.37,0.44,accepted,22.1,2.43,650,631,5,1,0,map_pending,0.61,-51.4,259.5,4,4,14.0
868,1790599497.1116924,0.1300,-0.4897,199.4,3.83,70.4,21.37,0.36,pending,3.4,-14.06,650,631,5,1,1,map_switch,0.62,-55.8,261.4,3,4,14.0
869,1790599497.1809738,0.1251,-0.4933,259.2,-19.47,70.4,21.37,0.32,pending,166.1,-33.19,626,631,6,1,1,map_accept,0.69,130.4,-112.2,3,2,14.0
870,1790599497.253848,0.1201,-0.4957,259.0,-28.41,70.4,21.37,0.27,pending,-97.4,-31.18,541,631,4,1,1,map_accept,0.72,-176.3,-32.3,2,3,14.0
871,1790599497.324909,0.1166,-0.4972,269.2,-29.18,70.4,21.37,0.24,pending,-100.4,-33.98,554,631,4,1,2,map_accept,0.73,-142.8,-17.1,3,3,14.0
872,1790599497.3981392,0.1141,-0.4982,269.7,-29.10,70.4,21.37,0.22,pending,-105.9,-34.54,556,631,4,1,3,map_accept,0.73,-128.1,-14.4,3,3,14.0
873,1790599497.4638026,0.1124,-0.4988,275.1,-29.52,70.4,21.37,0.20,pending,-113.9,-35.02,578,631,4,1,4,map_accept,0.73,-123.6,19.7,3,3,14.0
874,1790599497.5288746,0.1113,-0.4992,270.4,-29.29,70.4,21.37,0.19,pending,-115.7,-34.87,602,631,4,1,5,map_accept,0.73,-116.0,37.8,3,3,14.0
875,1790599497.5987573,0.1104,-0.4995,259.9,-27.83,70.4,21.37,0.19,pending,-107.2,-34.90,614,631,4,1,6,map_accept,0.73,-101.2,33.9,3,3,14.0
876,1790599497.6672988,0.1282,-0.4997,282.8,-28.90,67.4,20.15,0.35,accepted,-8.6,-3.49,643,629,7,1,0,map_hold,0.77,50.9,-335.2,5,0,14.0
877,1790599497.7377124,0.1355,-0.4998,284.4,-29.57,72.1,20.04,0.41,accepted,13.5,-0.33,662,628,6,1,0,map_hold,0.78,36.3,-326.5,4,0,14.0
878,1790599497.8159788,0.1379,-0.4999,221.2,-12.18,80.1,20.46,0.44,accepted,22.7,1.22,612,628,5,1,0,map_hold,0.80,19.9,-317.8,4,0,14.0
879,1790599497.8960693,0.1281,-0.4999,179.5,-2.40,80.1,20.46,0.35,pending,109.7,-16.76,582,628,4,1,1,map_accept,0.82,84.3,-30.1,2,2,14.0
880,1790599497.970929,0.1333,-0.4999,287.1,-27.27,121.2,21.08,0.39,accepted,117.4,1.77,615,618,6,1,0,map_accept,0.84,65.5,-25.3,4,3,14.0
881,1790599498.0396898,0.1243,-0.5000,196.1,-5.20,123.1,21.17,0.31,pending,23.7,1.12,582,617,3,1,0,map_pending,0.82,-31.1,-350.1,2,0,14.0
882,1790599498.1112008,0.1180,-0.5000,199.4,-5.41,124.4,21.26,0.25,pending,17.0,1.18,594,615,3,1,0,map_pending,0.80,-19.6,-336.4,2,0,14.0
883,1790599498.1792808,0.1263,-0.5000,202.0,-6.48,129.1,22.62,0.33,accepted,13.4,3.87,650,601,5,1,0,map_hold,0.80,-15.1,-312.2,3,0,14.0
884,1790599498.253329,0.1192,-0.5000,201.9,-7.86,129.6,22.66,0.27,pending,6.2,0.46,566,598,3,1,0,map_pending,0.78,-19.1,-261.8,1,0,14.0
885,1790599498.319456,0.1271,-0.5000,205.0,-4.48,132.0,23.72,0.34,accepted,6.7,3.05,673,584,5,1,0,map_hold,0.79,-12.6,-241.2,3,0,14.0
886,1790599498.3849597,0.1197,-0.5000,204.7,-6.23,132.3,23.71,0.27,pending,4.8,-0.17,571,582,3,1,0,map_pending,0.77,-10.1,-234.6,1,0,14.0
887,1790599498.4521446,0.1145,-0.5000,214.3,-7.70,132.8,23.71,0.22,pending,5.1,0.06,578,580,3,1,0,map_pending,0.75,-16.0,-232.7,1,0,14.0
888,1790599498.5163388,0.1115,-0.5000,217.4,-8.02,132.8,23.71,0.20,pending,43.2,-17.82,576,580,4,1,1,map_accept,0.76,35.8,-20.9,1,1,14.0
889,1790599498.5822682,0.1094,-0.5000,232.7,-11.27,132.8,23.71,0.18,pending,48.0,-16.30,620,580,4,1,2,map_accept,0.76,28.6,-8.0,1,1,14.0
890,1790599498.64993,0.1232,-0.5000,321.5,-29.65,147.3,23.11,0.30,accepted,41.5,-1.74,672,558,6,1,0,map_accept,0.81,13.1,-47.9,4,1,14.0
891,1790599498.7166896,0.1346,-0.5000,222.7,-4.68,155.2,23.06,0.41,accepted,22.7,-0.13,700,546,7,1,0,map_accept,0.84,5.9,-29.0,4,1,14.0
892,1790599498.7846313,0.1353,-0.5000,191.1,11.65,162.2,23.66,0.41,accepted,20.0,1.71,703,545,5,1,0,map_accept,0.84,10.3,-14.1,3,1,14.0
893,1790599498.8514123,0.1357,-0.5000,206.6,7.09,172.7,24.51,0.42,accepted,29.8,2.43,702,571,5,1,0,map_accept,0.84,24.1,68.8,3,2,14.0
894,1790599498.916322,0.1399,-0.5000,319.0,-32.47,179.3,27.27,0.45,accepted,18.8,7.88,735,593,7,1,0,map_accept,0.85,17.5,47.5,5,3,14.0
895,1790599498.9845624,0.1424,-0.5000,347.3,-37.35,184.8,29.15,0.48,accepted,15.7,5.37,737,601,7,1,0,map_accept,0.86,17.9,3.4,5,3,14.0
896,1790599499.057944,0.1495,-0.5000,259.5,-23.09,191.7,30.58,0.54,accepted,19.7,4.08,734,605,8,1,0,map_accept,0.87,25.0,-5.4,5,3,14.0
897,1790599499.1385674,0.1538,-0.5000,260.8,-26.23,196.4,31.25,0.58,accepted,13.6,1.93,710,613,8,1,0,map_accept,0.89,24.0,6.6,5,3,14.0
898,1790599499.2112808,0.1564,-0.5000,237.9,-16.34,193.9,31.47,0.60,accepted,-7.2,0.64,708,618,8,1,0,map_accept,0.90,6.2,-2.4,5,3,14.0
899,1790599499.2892485,0.1417,-0.5000,206.8,-0.16,193.9,31.47,0.47,pending,-12.2,-35.58,608,618,2,1,1,map_accept,0.86,0.6,-78.3,1,2,14.0
900,1790599499.3681839,0.1315,-0.5000,214.6,-0.17,193.9,31.47,0.38,pending,-4.4,-34.78,606,618,2,1,2,map_accept,0.83,12.4,-65.9,1,2,14.0
901,1790599499.441473,0.1240,-0.5000,279.2,-26.75,193.6,30.73,0.31,pending,-4.4,-9.29,696,617,4,1,2,map_accept,0.82,14.1,-29.4,2,3,14.0
902,1790599499.5127614,0.1198,-0.5000,223.4,-0.26,193.6,30.73,0.27,pending,4.7,-44.36,640,617,2,1,1,map_accept,0.79,25.0,-27.9,1,4,14.0
903,1790599499.5833027,0.1161,-0.5000,437.4,-41.92,193.0,29.97,0.24,pending,-6.6,-9.48,606,614,4,1,1,map_accept,0.79,14.0,-83.8,3,3,14.0
904,1790599499.6553876,0.1147,-0.5000,212.0,-40.42,193.0,29.97,0.22,pending,-106.8,-23.05,506,614,5,1,1,map_accept,0.81,-82.9,133.2,2,1,14.0
905,1790599499.7248695,0.1122,-0.5000,402.4,-37.28,193.0,29.97,0.20,pending,3.5,-18.65,605,614,4,1,1,map_accept,0.81,55.0,-146.0,3,4,14.0
906,1790599499.8061378,0.1127,-0.5000,55.0,6.64,193.0,29.97,0.21,pending,-69.0,-23.96,498,614,6,1,1,map_accept,0.84,-25.2,119.0,3,0,14.0
907,1790599499.8926568,0.1130,-0.5000,100.4,-11.18,193.0,29.97,0.21,pending,-71.5,-13.65,542,614,6,1,1,map_accept,0.85,-7.8,112.7,3,1,14.0
908,1790599499.9641318,0.1143,-0.5000,78.4,-5.18,193.0,29.97,0.22,pending,-73.8,-12.04,547,614,7,1,2,map_accept,0.87,4.4,115.6,4,3,14.0
909,1790599500.044704,0.1148,-0.5000,89.8,-10.88,193.0,29.97,0.23,pending,-85.5,-16.12,531,614,7,1,3,map_accept,0.88,4.0,149.7,4,1,14.0
910,1790599500.1172602,0.1141,-0.5000,96.2,-16.92,193.0,29.97,0.22,pending,-151.0,-33.20,528,614,6,1,1,map_accept,0.88,-51.0,-120.7,3,3,14.0
911,1790599500.2280147,0.1158,-0.5000,97.3,-22.74,193.0,29.97,0.23,pending,-151.8,-25.27,552,614,8,1,1,map_accept,0.90,-30.2,-50.2,5,4,14.0
912,1790599500.3192153,0.1159,-0.5000,119.3,-2.87,193.0,29.97,0.24,pending,-151.0,-22.45,552,614,7,1,2,map_accept,0.90,-16.0,-9.0,4,3,14.0
913,1790599500.3995528,0.1159,-0.5000,99.5,-15.58,193.0,29.97,0.24,pending,-139.5,-21.70,561,614,7,1,3,map_accept,0.90,3.4,7.0,4,3,14.0
914,1790599500.473669,0.1160,-0.5000,90.4,-15.00,193.0,29.97,0.24,pending,-157.3,-22.82,590,614,7,1,4,map_accept,0.89,-11.8,6.9,4,4,14.0
915,1790599500.5485787,0.1128,-0.5000,-93.7,50.55,193.0,29.97,0.21,pending,-153.3,-53.75,584,614,4,1,1,map_accept,0.86,-1.9,15.8,1,1,14.0
916,1790599500.6206484,0.1138,-0.5000,86.1,-12.68,193.0,29.97,0.22,pending,-145.8,-23.77,616,614,7,1,1,map_accept,0.86,8.6,28.5,4,4,14.0
917,1790599500.6943827,0.1145,-0.5000,96.8,-14.39,193.0,29.97,0.22,pending,-148.3,-23.34,633,614,7,1,2,map_accept,0.87,6.8,36.3,4,4,14.0
918,1790599500.7711773,0.1142,-0.5000,222.7,-23.35,193.0,29.97,0.22,pending,-162.5,-20.61,639,614,6,1,3,map_accept,0.87,-6.6,33.2,4,4,14.0
919,1790599500.850725,0.1148,-0.5000,60.3,10.49,193.0,29.97,0.23,pending,-163.0,-24.60,616,614,7,1,4,map_accept,0.87,-4.2,18.8,4,4,14.0
920,1790599500.9253092,0.1144,-0.5000,111.3,-1.56,193.0,29.97,0.22,pending,-168.5,-22.94,653,614,6,1,5,map_accept,0.86,-6.1,23.9,4,4,14.0
921,1790599501.003132,0.1121,-0.5000,11.7,49.53,193.0,29.97,0.20,pending,-174.5,-20.06,682,614,4,1,6,map_pending,0.83,-103.9,-234.9,2,0,14.0
922,1790599501.0815728,0.1126,-0.5000,187.4,-13.44,193.0,29.97,0.21,pending,-170.7,-13.46,781,614,6,1,1,map_hold,0.82,-129.6,-232.5,4,0,14.0
923,1790599501.160221,0.1129,-0.5000,187.0,-14.66,193.0,29.97,0.21,pending,-162.4,-12.26,780,614,6,1,2,map_pending,0.76,17.2,285.9,4,4,14.0
924,1790599501.2295423,0.1211,-0.5000,256.1,-22.75,139.6,26.09,0.28,accepted,-152.6,-11.09,645,620,5,1,0,map_pending,0.72,13.4,294.9,3,3,14.0
925,1790599501.3019185,0.1272,-0.5000,241.6,-23.30,160.0,26.69,0.34,accepted,58.1,1.70,654,606,5,1,0,map_accept,0.75,145.8,-64.5,2,1,14.0
926,1790599501.3728285,0.1308,-0.5000,236.7,-24.74,173.2,27.02,0.37,accepted,37.8,0.94,651,598,5,1,0,map_accept,0.77,96.1,-46.5,2,1,14.0
927,1790599501.4410613,0.1383,-0.5000,179.3,-19.80,156.9,26.45,0.44,accepted,-46.5,-1.62,796,608,6,1,0,map_pending,0.72,-60.0,246.0,4,4,14.0
928,1790599501.516961,0.1316,-0.5000,231.6,-31.75,150.6,26.23,0.38,pending,-78.7,-2.69,750,618,7,1,0,map_accept,0.77,-49.5,149.3,4,4,14.0
929,1790599501.601982,0.1430,-0.5000,179.8,-25.15,120.8,25.32,0.48,accepted,-85.4,-2.62,778,672,8,1,0,map_accept,0.82,-52.6,113.4,5,5,14.0
930,1790599501.6764135,0.1489,-0.5000,217.0,-29.53,100.1,25.13,0.54,accepted,-59.0,-0.54,730,712,7,1,0,map_accept,0.84,-44.5,80.7,4,4,14.0
931,1790599501.7533877,0.1500,-0.5000,124.0,-7.18,86.1,24.12,0.55,accepted,-40.1,-2.88,787,747,7,1,0,map_accept,0.84,-40.0,88.3,4,4,14.0
932,1790599501.8319647,0.1486,-0.5000,165.2,-16.65,97.5,25.02,0.53,accepted,32.7,2.57,713,735,6,1,0,map_accept,0.85,26.7,-55.0,4,4,14.0
933,1790599501.9074082,0.1458,-0.5000,-12.2,21.52,98.2,24.42,0.51,accepted,2.0,-1.73,609,738,5,1,0,map_hold,0.83,-48.0,-350.8,3,0,14.0
934,1790599501.983096,0.1461,-0.5000,85.5,7.70,98.1,23.73,0.51,accepted,-0.2,-1.96,767,742,6,1,0,map_hold,0.82,-33.0,-353.6,4,0,14.0
935,1790599502.0620503,0.1461,-0.5000,8.4,18.12,57.7,20.50,0.51,accepted,-115.6,-9.22,642,692,7,1,0,map_accept,0.84,-111.9,-169.6,4,4,14.0
936,1790599502.1399064,0.1430,-0.5000,26.4,10.71,30.7,17.41,0.48,accepted,-76.9,-8.83,602,663,6,1,0,map_accept,0.84,-79.5,-100.5,3,3,14.0
937,1790599502.2187927,0.1465,-0.5000,-22.0,27.74,19.7,16.35,0.51,accepted,-31.5,-3.04,613,624,7,1,0,map_accept,0.84,-37.7,-124.1,4,4,14.0
938,1790599502.295099,0.1486,-0.5000,8.5,24.65,12.8,16.32,0.53,accepted,-19.7,-0.08,655,597,7,1,0,map_accept,0.85,-26.2,-87.4,4,3,14.0
939,1790599502.3705068,0.1498,-0.4819,52.1,6.86,6.7,16.11,0.54,accepted,-17.6,-0.60,663,581,7,1,0,map_accept,0.85,-25.7,-55.5,4,3,14.0
940,1790599502.450177,0.1517,-0.4480,46.0,2.61,2.7,15.90,0.56,accepted,-11.4,-0.62,692,574,7,1,0,map_accept,0.86,-21.6,-34.9,4,4,14.0
941,1790599502.5191631,0.1444,-0.4060,198.0,-44.28,1.4,13.78,0.49,accepted,-3.7,-6.05,632,571,5,1,0,map_accept,0.84,-15.8,-28.3,3,3,14.0
942,1790599502.594685,0.1351,-0.4012,282.3,-51.60,5.3,14.04,0.41,pending,48.6,3.32,774,582,6,1,0,map_accept,0.84,35.3,194.8,4,4,14.0
943,1790599502.6664298,0.1247,-0.3974,61.5,25.66,5.3,14.04,0.32,pending,67.5,-33.86,820,582,3,1,1,map_accept,0.82,46.9,164.9,0,0,14.0
944,1790599502.7405422,0.1200,-0.4281,140.9,-16.17,10.8,14.94,0.27,pending,69.5,11.22,847,596,5,1,1,map_accept,0.82,33.3,143.0,2,2,14.0
945,1790599502.8120112,0.1146,-0.4474,175.2,-16.13,10.8,14.94,0.22,pending,76.7,-44.92,773,596,3,1,1,map_accept,0.79,34.4,103.2,0,2,14.0
946,1790599502.8838909,0.1116,-0.4658,194.6,-28.67,19.1,15.90,0.20,pending,103.7,11.99,722,603,4,1,1,map_accept,0.78,48.5,-35.5,1,1,14.0
947,1790599502.957238,0.1109,-0.4778,136.7,0.00,19.1,15.90,0.19,pending,93.4,-45.23,722,603,2,1,1,map_accept,0.74,32.2,-16.4,0,1,14.0
948,1790599503.0328298,0.1104,-0.4856,133.2,0.00,19.1,15.90,0.19,pending,23.4,-49.85,792,603,2,1,1,map_accept,0.71,-45.4,132.0,0,1,14.0
949,1790599503.106548,0.1110,-0.4906,117.2,-33.14,20.5,15.93,0.19,pending,16.6,0.33,714,617,6,1,1,map_accept,0.75,-39.5,105.6,3,3,14.0
950,1790599503.1844435,0.1219,-0.4939,127.5,-26.21,57.8,18.72,0.29,accepted,106.8,7.99,654,642,6,1,0,map_accept,0.77,67.9,-77.6,3,3,14.0
951,1790599503.257152,0.1180,-0.4960,63.5,0.00,57.8,18.72,0.25,pending,17.7,-53.56,592,642,2,1,1,map_accept,0.74,6.1,-174.9,0,1,14.0
952,1790599503.3399127,0.1143,-0.4974,81.1,-18.20,53.8,18.55,0.22,pending,-50.1,-2.11,658,647,4,1,1,map_accept,0.74,-53.1,65.1,2,3,14.0
953,1790599503.423815,0.1114,-0.4983,93.8,-17.95,52.6,18.41,0.19,pending,-15.3,-1.80,746,652,4,1,1,map_accept,0.74,0.1,58.3,2,2,14.0
954,1790599503.5013874,0.1096,-0.4989,89.3,-17.37,51.0,18.28,0.18,pending,-20.4,-1.63,738,656,4,1,1,map_accept,0.73,-0.3,24.0,2,3,14.0
955,1790599503.573918,0.1076,-0.4993,-137.0,62.86,51.0,18.28,0.16,pending,-18.2,-58.62,731,656,3,1,1,map_accept,0.73,5.8,13.0,0,2,14.0
956,1790599503.6536748,0.1081,-0.4995,59.3,-14.05,51.0,18.28,0.16,pending,-28.5,-48.76,654,656,2,1,1,map_accept,0.71,-0.3,-0.4,0,3,14.0
957,1790599503.7226303,0.1070,-0.4997,139.4,-18.60,51.0,18.28,0.15,pending,6.3,-12.96,757,656,4,1,1,map_accept,0.72,39.6,96.1,0,0,14.0
958,1790599503.805362,0.1097,-0.4998,171.8,0.00,51.0,18.28,0.18,pending,4.0,-35.73,717,656,2,1,1,map_accept,0.69,26.1,73.5,0,4,14.0
959,1790599503.8808427,0.1116,-0.4999,174.3,0.00,51.0,18.28,0.20,pending,-2.7,-38.34,716,656,2,1,2,map_accept,0.65,5.2,74.1,0,5,14.0
960,1790599503.9505732,0.1130,-0.4999,176.5,0.00,51.0,18.28,0.21,pending,-10.2,-36.03,710,656,2,1,3,map_accept,0.62,-13.2,86.1,0,4,14.0
961,1790599504.0240278,0.1106,-0.4999,47.3,52.09,51.0,18.28,0.19,pending,-20.0,-40.15,626,656,3,1,4,map_accept,0.60,-29.6,102.9,0,7,14.0
962,1790599504.0959725,0.1088,-0.5000,-6.6,55.38,51.0,18.28,0.17,pending,-26.5,-40.78,530,656,3,1,5,map_accept,0.60,-38.3,117.2,1,3,14.0
963,1790599504.171312,0.1069,-0.5000,70.9,-10.76,51.6,18.77,0.15,pending,7.5,6.14,514,658,3,1,5,map_pending,0.58,-14.1,-87.8,1,0,14.0
964,1790599504.2558393,0.1066,-0.5000,9.4,4.71,52.4,18.84,0.15,pending,10.9,0.92,482,658,4,1,5,map_pending,0.58,-23.3,-24.3,2,0,14.0
965,1790599504.3298845,0.1063,-0.5000,9.6,3.98,53.4,18.76,0.15,pending,12.1,-1.06,492,656,4,1,5,map_pending,0.57,-28.0,20.8,2,0,14.0
966,1790599504.408396,0.1077,-0.5000,140.7,0.00,53.4,18.76,0.16,pending,62.3,-38.18,475,656,1,1,1,map_accept,0.55,48.9,-132.9,0,4,14.0
967,1790599504.4825695,0.1086,-0.5000,141.7,0.00,53.4,18.76,0.17,pending,63.3,-38.62,484,656,1,1,2,map_accept,0.52,41.0,-79.0,0,4,14.0
968,1790599504.5534368,0.1087,-0.5000,-50.5,22.20,53.4,18.76,0.17,pending,-6.2,-37.55,505,656,5,1,1,map_accept,0.58,-31.5,94.9,2,2,14.0
969,1790599504.629527,0.1088,-0.5000,-54.9,24.95,53.4,18.76,0.17,pending,13.6,-34.15,528,656,5,1,1,map_accept,0.62,7.5,184.1,2,2,14.0
970,1790599504.6990397,0.1088,-0.5000,-84.8,32.41,53.4,18.76,0.17,pending,21.3,-33.47,495,656,5,1,2,map_accept,0.64,24.5,182.5,2,0,14.0
971,1790599504.774334,0.1089,-0.5000,-84.9,31.98,53.4,18.76,0.17,pending,-5.9,-38.50,511,656,5,1,3,map_accept,0.65,4.3,58.5,2,2,14.0
972,1790599504.8515618,0.1198,-0.5000,16.9,-6.48,51.5,18.08,0.27,accepted,-5.4,-1.95,639,666,5,1,0,map_accept,0.68,17.1,77.0,0,2,14.0
973,1790599504.9272387,0.1165,-0.5000,-95.8,35.06,51.5,18.08,0.24,pending,-0.8,-37.62,506,666,5,1,1,map_accept,0.70,27.7,91.5,2,2,14.0
974,1790599504.9996448,0.1132,-0.5000,-69.4,30.43,51.5,18.08,0.21,pending,1.7,-45.14,553,666,4,1,1,map_accept,0.70,34.7,107.3,0,2,14.0
975,1790599505.0809743,0.1134,-0.5000,-59.3,23.67,51.5,18.08,0.21,pending,-47.5,-48.31,518,666,6,1,1,map_accept,0.72,-12.0,-59.8,3,3,14.0
976,1790599505.156647,0.1110,-0.5000,-111.9,39.89,51.5,18.08,0.19,pending,-49.5,-44.94,520,666,4,1,2,map_accept,0.71,-1.2,-19.8,2,2,14.0
977,1790599505.2328174,0.1107,-0.5000,-38.1,18.83,51.5,18.08,0.19,pending,-56.5,-44.59,527,666,5,1,3,map_accept,0.72,-1.0,-32.3,3,3,14.0
978,1790599505.3007364,0.1109,-0.5000,-40.5,19.82,51.5,18.08,0.19,pending,-56.3,-47.65,534,666,5,1,4,map_accept,0.73,3.1,-20.7,3,3,14.0
979,1790599505.384292,0.1107,-0.5000,-59.3,25.48,51.5,18.08,0.19,pending,-60.0,-53.37,538,666,5,1,1,map_accept,0.73,0.5,-11.0,2,2,14.0
980,1790599505.487763,0.1105,-0.5000,-16.3,6.89,51.5,18.08,0.19,pending,-59.0,-53.64,549,666,5,1,2,map_accept,0.72,3.0,-0.6,2,2,14.0
981,1790599505.559119,0.1090,-0.5000,32.8,-6.45,51.5,18.08,0.17,pending,-56.5,-12.65,558,666,4,1,1,map_accept,0.69,5.6,3.8,1,2,14.0
982,1790599505.631876,0.1080,-0.5000,41.4,-7.27,51.5,18.08,0.16,pending,-51.3,-12.94,568,666,4,1,2,map_accept,0.67,9.3,13.7,1,1,14.0
983,1790599505.7018564,0.1083,-0.5000,66.9,-17.08,51.5,18.08,0.17,pending,-44.3,-12.29,569,666,5,1,3,map_accept,0.67,13.0,18.2,1,1,14.0
984,1790599505.776444,0.1095,-0.5000,70.2,-15.26,51.5,18.08,0.18,pending,-45.5,-12.98,518,666,6,1,4,map_accept,0.69,6.9,30.6,3,2,14.0
985,1790599505.863545,0.1210,-0.5000,71.7,-1.77,42.8,14.64,0.28,accepted,-24.8,-9.81,529,676,6,1,0,map_accept,0.70,23.8,120.4,3,1,14.0
986,1790599505.942191,0.1158,-0.5000,115.9,9.74,42.8,14.64,0.23,pending,-34.8,-47.91,397,676,3,1,1,map_accept,0.66,-2.7,32.8,0,1,14.0
987,1790599506.017607,0.1119,-0.5000,143.1,-6.16,42.8,14.64,0.20,pending,-30.6,-42.44,391,676,3,1,2,map_accept,0.62,-6.5,56.5,0,2,14.0
988,1790599506.0940547,0.1092,-0.5000,152.1,-10.82,42.8,14.64,0.17,pending,79.7,-32.17,383,676,3,1,1,map_accept,0.59,93.2,-124.0,0,3,14.0
989,1790599506.164686,0.1069,-0.5000,187.1,-24.04,48.7,14.65,0.15,pending,72.7,0.13,387,663,3,1,1,map_accept,0.56,52.9,-89.4,0,1,14.0
990,1790599506.2350116,0.1062,-0.5000,107.3,13.12,48.7,14.65,0.15,pending,61.1,-25.73,388,663,4,1,1,map_accept,0.55,28.9,-74.1,0,1,14.0
991,1790599506.306755,0.1040,-0.5000,195.5,-27.90,51.6,13.89,0.13,pending,37.2,-9.57,354,652,2,1,1,map_pending,0.50,-65.0,169.7,0,0,14.0
992,1790599506.3771849,0.1042,-0.5000,83.9,19.83,51.6,13.89,0.13,pending,79.4,-25.27,388,652,4,1,2,map_accept,0.51,44.1,-39.6,1,1,14.0
993,1790599506.451424,0.1061,-0.5000,135.0,0.00,58.4,13.03,0.15,pending,84.1,-10.77,389,640,2,1,2,map_accept,0.48,37.7,-17.3,0,1,14.0
994,1790599506.51859,0.1057,-0.5000,66.4,22.50,58.4,13.03,0.14,pending,88.1,-22.27,370,640,4,1,3,map_accept,0.50,41.8,-2.4,1,1,14.0
995,1790599506.5867386,0.1042,-0.5000,90.8,22.92,58.4,13.03,0.13,pending,73.6,-29.55,385,640,3,1,4,map_accept,0.49,22.5,-17.8,1,1,14.0
996,1790599506.6534717,0.1031,-0.5000,94.0,20.74,58.4,13.03,0.12,pending,51.9,-30.57,435,640,3,1,5,map_accept,0.48,2.0,56.3,1,1,14.0
997,1790599506.7187712,0.1029,-0.5000,108.0,20.99,58.4,13.03,0.12,pending,66.6,-29.22,443,640,3,1,6,map_accept,0.49,23.1,-5.0,1,3,14.0
998,1790599506.7851684,0.1022,-0.5000,72.0,24.51,58.4,13.03,0.11,pending,67.9,-29.60,387,640,3,1,7,map_accept,0.49,28.5,3.1,1,1,14.0
999,1790599506.855513,0.1022,-0.5000,362.5,-26.57,58.4,13.03,0.11,pending,58.6,-31.27,453,640,3,1,8,map_accept,0.50,21.3,-22.2,2,2,14.0
1000,1790599506.9215484,0.1043,-0.5000,93.2,0.00,61.4,12.80,0.13,pending,38.1,-2.80,358,626,2,1,8,map_accept,0.48,7.0,-39.3,0,1,14.0
1001,1790599506.9903953,0.1058,-0.5000,89.5,0.00,64.4,12.42,0.14,pending,37.3,-4.78,363,613,2,1,8,map_accept,0.47,17.3,-22.0,0,1,14.0
1002,1790599507.0582697,0.1064,-0.5000,96.8,0.00,64.4,12.42,0.15,pending,30.6,12.09,376,613,2,1,1,map_accept,0.45,17.4,-25.6,0,0,14.0
1003,1790599507.127533,0.1164,-0.5000,16.5,0.00,38.9,8.78,0.24,accepted,-72.9,-10.42,516,581,2,1,0,map_accept,0.45,-84.2,117.9,0,1,14.0
1004,1790599507.2014062,0.1115,-0.5000,-36.8,51.23,39.4,8.58,0.20,pending,6.7,-2.44,504,573,2,1,0,map_pending,0.44,-70.7,-162.8,1,0,14.0
1005,1790599507.2760665,0.1214,-0.5000,148.8,-26.82,39.4,9.81,0.29,accepted,-0.2,3.53,459,553,5,1,0,map_accept,0.51,-8.6,83.7,3,3,14.0
1006,1790599507.3454554,0.1152,-0.5000,102.7,-12.08,39.6,9.79,0.23,pending,3.1,-0.26,429,551,3,1,0,map_accept,0.53,-7.9,63.1,2,2,14.0
1007,1790599507.4126978,0.1114,-0.5000,64.4,-7.43,41.9,10.05,0.19,pending,28.6,3.20,433,548,3,1,0,map_pending,0.55,188.4,217.0,2,0,14.0
1008,1790599507.4868455,0.1080,-0.5000,61.0,-6.89,43.0,10.26,0.16,pending,13.4,2.66,428,544,2,1,0,map_pending,0.55,-78.3,-171.8,2,0,14.0
1009,1790599507.5544214,0.1070,-0.5000,59.4,-7.08,42.0,10.02,0.15,pending,-12.7,-3.01,448,544,4,1,0,map_accept,0.58,-35.0,63.9,2,2,14.0
1010,1790599507.6201074,0.1053,-0.5000,62.5,-6.89,41.4,9.96,0.14,pending,-6.7,-0.78,447,544,3,1,0,map_accept,0.58,-27.8,53.7,2,2,14.0
1011,1790599507.688657,0.1051,-0.5000,30.7,-3.41,39.7,9.56,0.14,pending,-21.2,-5.04,454,545,4,1,0,map_accept,0.60,-40.1,54.2,2,2,14.0
1012,1790599507.754733,0.1045,-0.5000,-206.4,23.88,38.9,9.99,0.13,pending,-10.2,5.48,527,544,3,1,0,map_accept,0.61,-24.0,16.6,1,3,14.0
1013,1790599507.8220887,0.1036,-0.5000,65.8,-7.07,37.6,9.73,0.12,pending,-16.9,-3.33,454,543,3,1,0,map_accept,0.61,-26.9,22.6,1,1,14.0
1014,1790599507.888996,0.1033,-0.5000,-15.4,27.69,39.3,9.84,0.12,pending,21.5,1.46,419,541,3,1,0,map_pending,0.61,207.6,198.7,0,0,14.0
1015,1790599507.956724,0.1033,-0.5000,52.1,-5.94,40.9,9.86,0.12,pending,19.8,0.23,439,539,3,1,0,map_pending,0.61,66.5,-246.0,1,1,14.0
1016,1790599508.0315628,0.1040,-0.5000,54.8,-6.04,38.1,9.46,0.13,pending,-34.4,-5.03,466,538,4,1,0,map_accept,0.64,-45.2,41.3,1,1,14.0
1017,1790599508.0992785,0.1042,-0.5000,-37.1,34.11,38.1,9.46,0.13,pending,-30.9,-34.18,469,538,4,1,1,map_accept,0.66,-27.4,36.1,0,0,14.0
1018,1790599508.1690862,0.1043,-0.5000,-40.0,34.13,38.1,9.46,0.13,pending,-8.9,-27.08,484,538,4,1,1,map_accept,0.68,3.9,41.8,1,0,14.0
1019,1790599508.236708,0.1171,-0.5000,28.2,0.20,38.6,8.48,0.25,accepted,1.4,-2.80,453,540,5,1,0,map_accept,0.71,14.6,48.6,2,2,14.0
1020,1790599508.308242,0.1248,-0.5000,31.0,-0.52,38.3,7.79,0.32,accepted,-0.8,-1.96,433,546,5,1,0,map_accept,0.72,11.6,62.2,2,2,14.0
1021,1790599508.3765104,0.1294,-0.5000,37.6,-2.35,33.4,7.13,0.36,accepted,-14.0,-1.89,437,544,5,1,0,map_accept,0.73,-2.2,35.5,2,2,14.0
1022,1790599508.443301,0.1222,-0.5000,38.1,-4.63,32.6,7.18,0.29,pending,-9.9,0.62,441,544,4,1,0,map_accept,0.72,-0.4,42.9,2,2,14.0
1023,1790599508.51478,0.1278,-0.5000,44.7,-3.82,27.8,6.66,0.34,accepted,-13.6,-1.49,432,553,5,1,0,map_accept,0.73,-3.5,78.8,2,2,14.0
1024,1790599508.581919,0.1205,-0.5000,45.6,-5.49,27.7,6.60,0.28,pending,-1.8,-0.76,437,549,3,1,0,map_pending,0.69,67.3,-196.6,2,0,14.0
1025,1790599508.6507208,0.1268,-0.4719,69.8,-10.84,20.3,6.16,0.33,accepted,-21.2,-1.25,487,548,5,1,0,map_accept,0.71,-17.1,67.1,2,2,14.0
1026,1790599508.7230284,0.1306,-0.4480,86.9,-21.15,19.4,5.98,0.37,accepted,-2.5,-0.52,489,537,5,1,0,map_accept,0.72,-0.5,23.1,2,2,14.0
1027,1790599508.7961478,0.1231,-0.4352,61.9,-5.17,19.9,5.99,0.30,pending,6.4,0.22,512,534,4,1,0,map_accept,0.71,7.5,2.4,2,2,14.0
1028,1790599508.8659503,0.1178,-0.4349,54.7,-4.67,21.4,6.09,0.25,pending,18.3,1.17,498,532,4,1,0,map_accept,0.69,18.5,9.4,2,2,14.0
1029,1790599508.9342558,0.1141,-0.4367,57.0,-4.84,21.7,6.12,0.22,pending,4.6,0.39,504,531,4,1,0,map_accept,0.68,3.4,21.0,2,2,14.0
1030,1790599509.0020695,0.1115,-0.4486,57.6,-4.92,23.7,6.26,0.20,pending,24.3,1.79,508,529,4,1,0,map_accept,0.67,25.0,27.2,2,2,14.0
1031,1790599509.0673804,0.1214,-0.4666,85.2,-26.39,32.0,6.06,0.29,accepted,23.8,-0.58,479,526,5,1,0,map_accept,0.69,23.2,31.8,2,2,14.0
1032,1790599509.1387088,0.1274,-0.4783,83.2,-25.71,32.4,5.61,0.34,accepted,1.0,-1.28,484,526,5,1,0,map_accept,0.71,7.4,38.6,2,2,14.0
1033,1790599509.2159479,0.1310,-0.4859,83.2,-25.95,32.9,5.35,0.37,accepted,1.6,-0.76,490,531,5,1,0,map_accept,0.72,11.4,48.7,2,2,14.0
1034,1790599509.2925339,0.1331,-0.4908,61.0,-19.15,33.7,5.00,0.39,accepted,2.1,-0.99,498,537,5,1,0,map_accept,0.73,14.1,53.2,2,2,14.0
1035,1790599509.3617563,0.1245,-0.4940,35.3,-2.91,33.9,5.01,0.31,pending,3.1,0.14,526,538,4,1,0,map_accept,0.71,17.6,54.2,2,2,14.0
1036,1790599509.427214,0.1171,-0.4961,-5.7,3.65,32.0,4.74,0.25,pending,-23.2,-3.39,586,536,2,1,0,map_pending,0.67,-91.5,-256.2,2,0,14.0
1037,1790599509.4970343,0.1126,-0.4975,-129.9,17.16,32.8,5.49,0.21,pending,9.0,9.39,571,537,3,1,0,map_accept,0.65,32.6,81.6,2,2,14.0
1038,1790599509.5648627,0.1112,-0.4984,109.5,0.00,32.8,5.49,0.19,pending,7.5,-46.44,443,537,2,1,1,map_accept,0.65,27.8,72.0,0,0,14.0
1039,1790599509.6330812,0.1092,-0.4989,3.1,1.65,32.7,5.25,0.17,pending,-0.8,-3.05,544,540,4,1,1,map_accept,0.66,11.5,84.2,2,2,14.0
1040,1790599509.6994762,0.1078,-0.4993,5.5,1.36,31.7,4.96,0.16,pending,-12.5,-3.61,536,540,4,1,1,map_accept,0.66,2.2,33.2,2,2,14.0
1041,1790599509.7703605,0.1072,-0.4996,133.0,0.00,37.8,4.56,0.16,pending,76.3,-4.96,335,530,1,1,1,map_accept,0.64,96.1,-173.7,0,0,14.0
1042,1790599509.8400583,0.1067,-0.4997,126.5,0.00,42.9,4.20,0.15,pending,63.7,-4.56,334,520,1,1,1,map_accept,0.62,74.2,-129.0,0,0,14.0
1043,1790599509.9080997,0.1064,-0.4998,120.8,0.00,47.1,3.86,0.15,pending,52.8,-4.20,339,511,1,1,1,map_accept,0.59,62.6,-99.7,0,0,14.0
1044,1790599509.982351,0.1068,-0.4999,130.5,0.00,52.4,4.24,0.15,pending,66.1,4.78,337,502,2,1,1,map_accept,0.59,78.8,-89.9,0,0,14.0
1045,1790599510.0578074,0.1068,-0.4999,74.0,-6.54,51.9,4.01,0.15,pending,-6.3,-2.86,573,498,4,1,1,map_pending,0.61,-24.6,159.8,2,2,14.0
1046,1790599510.131769,0.1055,-0.4999,113.8,2.31,50.7,3.76,0.14,pending,-15.3,-3.12,493,495,3,1,1,map_pending,0.60,-11.8,152.8,1,1,14.0
1047,1790599510.2079942,0.1076,-0.5000,78.6,12.98,50.7,3.76,0.16,pending,-22.9,-14.09,585,495,6,1,1,map_accept,0.70,-2.3,143.2,2,3,14.0
1048,1790599510.2851205,0.1198,-0.5000,107.7,8.06,47.0,-0.24,0.27,accepted,-10.4,-11.45,617,526,6,1,0,map_accept,0.75,9.8,108.9,3,3,14.0
1049,1790599510.3690007,0.1242,-0.5000,139.9,-20.84,46.8,-2.44,0.31,accepted,-0.8,-6.29,597,546,5,1,0,map_accept,0.76,7.7,68.8,3,3,14.0
1050,1790599510.445146,0.1171,-0.5000,187.2,-12.24,46.9,-2.57,0.25,pending,2.0,-1.58,537,549,3,1,0,map_accept,0.74,1.2,52.5,1,1,14.0
1051,1790599510.523062,0.1278,-0.5000,203.9,-14.96,47.9,-1.08,0.34,accepted,2.8,4.25,588,569,6,1,0,map_accept,0.76,-7.7,58.6,3,3,14.0
1052,1790599510.5959234,0.1196,-0.5000,195.5,-12.84,48.5,-1.28,0.27,pending,7.8,-2.44,571,572,3,1,0,map_accept,0.73,-10.3,66.0,1,1,14.0
1053,1790599510.6786258,0.1139,-0.5000,202.0,-14.83,48.5,-1.28,0.22,pending,91.5,12.49,469,572,3,1,1,map_accept,0.71,65.6,-143.3,1,1,14.0
1054,1790599510.77624,0.1099,-0.5000,214.7,-15.87,48.5,-1.28,0.18,pending,100.2,13.11,490,572,3,1,2,map_accept,0.69,50.1,-88.8,1,0,14.0
1055,1790599510.8497488,0.1071,-0.5000,223.1,-16.97,48.5,-1.28,0.16,pending,101.0,13.24,512,572,3,1,3,map_accept,0.67,35.0,-29.2,1,1,14.0
1056,1790599510.920787,0.1052,-0.5000,233.4,-18.31,48.5,-1.28,0.14,pending,118.0,15.84,574,572,3,1,1,map_accept,0.65,42.7,75.4,1,1,14.0
1057,1790599510.9915464,0.1038,-0.5000,237.7,-18.94,48.5,-1.28,0.13,pending,121.7,16.52,577,572,3,1,2,map_accept,0.63,36.7,53.4,1,1,14.0
1058,1790599511.0622613,0.1029,-0.5000,241.2,-18.56,48.5,-1.28,0.12,pending,125.5,16.11,585,572,3,1,3,map_accept,0.61,33.8,46.3,1,1,14.0
1059,1790599511.132378,0.1022,-0.5000,244.9,-19.19,48.5,-1.28,0.11,pending,137.0,18.00,578,572,3,1,4,map_accept,0.59,40.2,29.5,1,1,14.0
1060,1790599511.2097895,0.1018,-0.5000,248.6,-19.44,48.5,-1.28,0.11,pending,134.5,17.37,563,572,3,1,5,map_accept,0.58,31.9,9.9,1,1,14.0
1061,1790599511.2949266,0.1029,-0.5000,225.3,-0.46,48.5,-1.28,0.12,pending,151.5,19.87,598,572,2,1,6,map_accept,0.55,45.9,9.6,1,1,14.0
1062,1790599511.3688257,0.1037,-0.5000,263.5,-23.46,48.5,-1.28,0.12,pending,149.7,19.94,609,572,4,1,7,map_accept,0.58,44.0,-2.8,2,3,14.0
1063,1790599511.4409409,0.1043,-0.5000,263.4,-23.74,48.5,-1.28,0.13,pending,150.2,28.43,622,572,4,1,1,map_accept,0.60,48.8,10.5,3,3,14.0
1064,1790599511.5091166,0.1044,-0.5000,179.4,-14.61,48.5,-1.28,0.13,pending,106.0,17.39,506,572,4,1,1,map_accept,0.61,9.4,-160.4,3,1,14.0
1065,1790599511.5833387,0.1044,-0.5000,130.9,-5.34,48.5,-1.28,0.13,pending,105.2,15.43,481,572,4,1,2,map_accept,0.65,23.0,-124.1,2,2,14.0
1066,1790599511.6543145,0.1045,-0.5000,178.2,-15.18,48.5,-1.28,0.13,pending,106.0,18.16,524,572,4,1,3,map_accept,0.67,32.6,-101.6,3,1,14.0
1067,1790599511.7218223,0.1045,-0.5000,176.0,-15.26,48.5,-1.28,0.13,pending,96.2,17.38,531,572,4,1,4,map_accept,0.68,28.1,-97.0,3,1,14.0
1068,1790599511.7934575,0.1051,-0.5000,244.0,-23.08,48.5,-1.28,0.14,pending,118.2,30.94,634,572,4,1,1,map_accept,0.69,55.2,19.2,3,2,14.0
1069,1790599511.8646636,0.1063,-0.5000,172.2,-17.85,48.5,-1.28,0.15,pending,84.5,13.44,505,572,5,1,1,map_accept,0.75,19.3,-161.5,3,1,14.0
1070,1790599511.9380388,0.1071,-0.5000,-123.7,48.96,48.5,-1.28,0.16,pending,-78.0,-16.00,569,572,5,1,1,map_accept,0.79,-136.9,107.2,3,3,14.0
1071,1790599512.012924,0.1076,-0.5000,-105.3,46.11,48.5,-1.28,0.16,pending,-72.0,-14.64,517,572,5,1,2,map_accept,0.81,-82.5,8.6,3,3,14.0
1072,1790599512.085912,0.1064,-0.5000,143.8,-7.84,47.2,-0.78,0.15,pending,-17.1,6.23,635,571,3,1,2,map_hold,0.80,75.5,-216.4,3,0,14.0
1073,1790599512.158717,0.1061,-0.5000,87.8,-0.42,47.2,-0.78,0.15,pending,-86.4,-14.39,537,571,4,1,3,map_accept,0.79,-72.2,57.4,3,3,14.0
1074,1790599512.2406483,0.1051,-0.5000,165.1,-11.37,45.0,-0.35,0.14,pending,-26.7,5.38,603,570,3,1,3,occlusion_hold,0.78,0.0,0.0,3,0,14.0
1075,1790599512.3147018,0.1034,-0.5000,156.8,-9.74,43.8,0.09,0.12,pending,-16.0,5.56,606,570,2,1,3,occlusion_hold,0.75,0.0,0.0,2,0,14.0
1076,1790599512.3951828,0.1032,-0.5000,163.9,-10.89,43.2,0.55,0.12,pending,-7.1,5.72,681,569,3,1,3,occlusion_hold,0.75,0.0,0.0,3,0,14.0
1077,1790599512.4725053,0.1019,-0.5000,-167.6,55.06,43.2,1.01,0.11,pending,-0.2,5.74,594,568,2,1,3,occlusion_hold,0.73,0.0,0.0,2,0,14.0
1078,1790599512.5479696,0.1010,-0.5000,-184.5,56.31,43.6,1.49,0.10,pending,5.1,5.94,604,568,2,1,3,occlusion_hold,0.71,0.0,0.0,2,0,14.0
1079,1790599512.6213458,0.1003,-0.5000,-180.5,55.74,44.3,1.98,0.09,pending,8.8,6.18,622,567,2,1,3,occlusion_hold,0.68,0.0,0.0,2,0,14.0
1080,1790599512.6928966,0.1023,-0.5000,183.2,-2.35,45.2,2.50,0.11,pending,11.6,6.44,653,566,4,1,3,occlusion_hold,0.71,0.0,0.0,4,0,14.0
1081,1790599512.7646518,0.1033,-0.5000,237.6,-32.32,46.3,3.00,0.12,pending,13.7,6.32,660,565,4,1,3,occlusion_hold,0.72,0.0,0.0,4,0,14.0
1082,1790599512.8352602,0.1031,-0.5000,151.0,-11.90,47.5,3.49,0.12,pending,15.4,6.16,578,565,3,1,3,occlusion_hold,0.72,0.0,0.0,3,0,14.0
1083,1790599512.9048004,0.1032,-0.5000,141.9,-10.55,48.9,3.98,0.12,pending,16.8,6.13,574,565,3,1,3,map_hold,0.71,41.4,-281.7,3,0,14.0
1084,1790599512.995643,0.1053,-0.5000,83.7,-8.48,48.9,3.98,0.14,pending,-101.1,-15.84,574,565,5,1,4,map_accept,0.73,-119.2,3.0,3,3,14.0
1085,1790599513.0702517,0.1177,-0.5000,155.2,-14.25,46.8,5.31,0.25,accepted,-5.8,3.78,686,570,4,1,0,map_hold,0.73,65.2,-278.0,3,0,14.0
1086,1790599513.138557,0.1134,-0.5000,26.3,38.35,47.6,5.30,0.21,pending,8.9,-0.14,637,570,3,1,0,map_pending,0.72,53.8,-308.0,1,0,14.0
1087,1790599513.207448,0.1104,-0.5000,20.8,38.97,47.6,5.30,0.19,pending,17.2,-23.82,635,570,3,1,1,map_pending,0.72,46.7,-295.7,2,0,14.0
1088,1790599513.278638,0.1092,-0.5000,-17.1,6.73,47.6,5.30,0.17,pending,20.7,-25.08,414,570,4,1,2,map_hold,0.73,43.5,-294.0,3,0,14.0
1089,1790599513.3591113,0.1084,-0.5000,-26.3,8.48,47.6,5.30,0.17,pending,23.7,-28.63,426,570,4,1,3,map_hold,0.74,43.5,-305.0,3,0,14.0
1090,1790599513.4263153,0.1076,-0.5000,-28.7,9.07,47.6,5.30,0.16,pending,26.5,-31.83,432,570,4,1,1,map_hold,0.74,14.2,147.4,3,0,14.0
1091,1790599513.4965236,0.1080,-0.5000,-8.9,2.40,47.6,5.30,0.16,pending,28.9,-34.69,398,570,5,1,2,map_hold,0.75,7.3,171.5,4,0,14.0
1092,1790599513.5673075,0.1093,-0.5000,39.3,-9.84,47.6,5.30,0.18,pending,30.6,-37.33,422,570,6,1,3,map_hold,0.76,24.1,114.1,4,0,14.0
1093,1790599513.642434,0.1102,-0.5000,30.1,-5.58,47.6,5.30,0.18,pending,31.3,-40.26,418,570,6,1,1,map_hold,0.75,20.4,109.8,4,0,14.0
1094,1790599513.7119806,0.1109,-0.5000,7.8,2.94,47.6,5.30,0.19,pending,29.2,-42.60,442,570,6,1,2,map_hold,0.75,15.7,118.5,4,0,14.0
1095,1790599513.777323,0.1113,-0.5000,4.9,3.42,47.6,5.30,0.19,pending,24.4,-44.51,446,570,6,1,3,map_hold,0.74,8.3,146.8,4,0,14.0
1096,1790599513.8444793,0.1116,-0.5000,-35.9,9.44,47.6,5.30,0.20,pending,17.6,-46.08,446,570,6,1,4,map_hold,0.74,-70.9,-115.5,4,0,14.0
1097,1790599513.9119506,0.1223,-0.5000,-2.2,0.11,68.9,7.88,0.29,accepted,60.9,7.39,418,615,6,1,0,map_accept,0.76,51.4,109.8,3,0,14.0
1098,1790599513.9770324,0.1308,-0.5000,35.5,-14.78,76.1,8.61,0.37,accepted,20.6,2.07,453,668,6,1,0,map_accept,0.76,31.5,181.5,3,0,14.0
1099,1790599514.0434742,0.1360,-0.5000,-10.1,7.54,76.0,8.55,0.42,accepted,-0.4,-0.17,422,708,6,1,0,map_accept,0.76,25.3,182.7,3,0,14.0
1100,1790599514.11817,0.1423,-0.5000,5.1,-3.00,72.1,7.43,0.48,accepted,-11.0,-3.19,440,749,7,1,0,map_accept,0.76,24.3,216.5,4,0,14.0
1101,1790599514.190211,0.1344,-0.5000,-57.2,14.92,72.1,7.43,0.40,pending,-87.9,-14.74,478,749,7,1,1,map_accept,0.76,-47.5,-111.6,4,4,14.0
1102,1790599514.2646754,0.1391,-0.5000,30.1,-10.20,44.9,3.64,0.45,accepted,-77.9,-10.84,469,684,7,1,0,map_accept,0.76,-13.7,-37.4,4,4,14.0
1103,1790599514.3432422,0.1419,-0.4862,27.5,-8.96,27.6,1.31,0.47,accepted,-49.4,-6.67,473,641,7,1,0,map_accept,0.75,-3.3,9.6,4,4,14.0
1104,1790599514.4129934,0.1436,-0.4061,16.7,-6.39,16.7,-0.89,0.49,accepted,-31.1,-6.27,480,613,7,1,0,map_accept,0.75,1.1,41.1,4,4,14.0
1105,1790599514.485881,0.1469,-0.3204,15.9,-5.69,9.6,-2.40,0.52,accepted,-20.2,-4.33,484,597,7,1,0,map_accept,0.74,3.5,59.7,4,4,14.0
1106,1790599514.5555928,0.1456,-0.2351,30.0,-10.83,2.2,-3.19,0.51,accepted,-21.1,-2.24,466,585,6,1,0,map_accept,0.73,-2.9,58.5,3,3,14.0
1107,1790599514.6276882,0.1349,-0.1528,40.7,-16.87,2.2,-3.19,0.41,pending,-13.1,-44.04,477,585,5,1,1,map_hold,0.72,-103.9,-196.4,3,0,14.0
1108,1790599514.7017782,0.1384,-0.0793,6.6,2.57,-0.1,-3.82,0.44,accepted,-6.7,-1.80,487,560,6,1,0,map_accept,0.72,7.7,13.3,3,3,14.0
1109,1790599514.7757154,0.1405,-0.0210,69.4,-30.35,-1.1,-4.63,0.46,accepted,-2.9,-2.33,496,540,6,1,0,map_accept,0.71,8.5,9.8,3,3,14.0
1110,1790599514.8546832,0.1574,0.0000,-6.7,1.62,-0.4,-3.67,0.61,accepted,2.1,2.75,499,529,8,1,0,map_accept,0.76,11.4,17.6,4,5,14.0
1111,1790599514.927637,0.1585,0.0304,-5.4,4.93,-2.7,-3.21,0.62,accepted,-6.6,1.33,516,530,8,1,0,map_accept,0.78,2.5,43.8,5,5,14.0
1112,1790599514.9958818,0.1592,0.0757,-2.3,1.76,-7.5,-3.09,0.63,accepted,-13.8,0.34,518,523,8,1,0,map_accept,0.80,-5.2,13.6,5,5,14.0
1113,1790599515.06576,0.1530,0.1276,6.4,-3.00,-12.2,-2.56,0.57,accepted,-13.5,1.51,524,522,6,1,0,map_accept,0.80,-6.1,20.7,3,3,14.0
1114,1790599515.13097,0.1463,0.1785,20.8,-8.62,-16.0,-2.00,0.51,accepted,-10.8,1.60,515,523,5,1,0,map_accept,0.79,-4.9,24.3,3,3,14.0
1115,1790599515.1972022,0.1442,0.2165,27.3,-6.31,-18.7,-0.26,0.49,accepted,-7.7,4.96,532,527,6,1,0,map_accept,0.80,-3.6,28.5,4,4,14.0
1116,1790599515.2630215,0.1313,0.2414,-90.6,21.66,-18.7,-0.26,0.38,pending,-8.5,-15.18,507,527,3,1,1,map_accept,0.78,-6.5,15.0,2,2,14.0
1117,1790599515.333538,0.1235,0.2576,-47.1,17.20,-18.7,-0.26,0.30,pending,-17.3,-21.11,533,527,4,1,2,map_accept,0.78,-15.0,18.9,3,3,14.0
1118,1790599515.4050848,0.1191,0.2683,-15.2,5.81,-18.7,-0.26,0.26,pending,-15.8,-13.10,545,527,5,1,3,map_accept,0.78,-12.1,24.1,3,3,14.0
1119,1790599515.4714627,0.1248,0.2999,56.7,-22.93,-20.4,-3.05,0.32,accepted,-4.8,-7.98,549,529,5,1,0,map_hold,0.78,94.3,-224.2,3,0,14.0
1120,1790599515.5410154,0.1272,0.3522,-58.8,21.27,-23.1,-6.21,0.34,accepted,-7.9,-9.02,556,547,5,1,0,map_accept,0.78,-7.7,53.6,3,3,14.0
1121,1790599515.6063578,0.1348,0.3728,-32.3,14.41,-24.8,-2.07,0.41,accepted,-4.6,11.81,597,562,7,1,0,map_accept,0.80,-8.2,48.3,5,5,14.0
1122,1790599515.6756196,0.1263,0.3836,-12.9,9.83,-24.3,-2.05,0.33,pending,6.0,0.27,506,562,4,1,0,map_hold,0.80,-103.0,-241.4,3,0,14.0
1123,1790599515.7440162,0.1343,0.3433,31.5,-3.95,-19.1,1.47,0.40,accepted,14.8,10.06,604,584,7,1,0,map_accept,0.82,7.0,88.2,5,5,14.0
1124,1790599515.8180583,0.1390,0.3156,52.3,-9.33,-20.9,3.61,0.45,accepted,-5.1,6.11,565,579,7,1,0,map_accept,0.84,-11.2,1.4,5,5,14.0
1125,1790599515.8940926,0.1409,0.2833,59.9,-11.23,-18.6,3.81,0.46,accepted,6.7,0.58,572,572,6,1,0,map_hold,0.84,19.7,-10.2,5,0,14.0
1126,1790599515.9901776,0.1420,0.2455,39.1,-5.57,-16.3,4.55,0.47,accepted,6.5,2.11,580,565,6,1,0,map_hold,0.85,8.0,6.5,5,0,14.0
1127,1790599516.0597398,0.1298,0.2210,-27.5,11.36,-16.3,4.55,0.36,pending,-59.7,-26.97,463,565,3,1,1,map_accept,0.82,-66.2,-80.8,2,2,14.0
1128,1790599516.1290023,0.1210,0.2051,-20.2,10.42,-16.3,4.55,0.28,pending,-41.7,-20.81,487,565,3,1,1,map_accept,0.81,-35.5,-49.8,1,1,14.0
1129,1790599516.1996706,0.1149,0.1948,-24.5,13.51,-16.3,4.55,0.23,pending,-40.5,-23.05,507,565,3,1,2,map_accept,0.79,-32.0,-26.2,1,1,14.0
1130,1790599516.2662737,0.1296,0.1988,64.0,-13.90,-19.6,6.00,0.36,accepted,-9.5,4.16,595,549,7,1,0,map_hold,0.81,40.7,96.9,5,0,14.0
1131,1790599516.346986,0.1215,0.2003,10.5,0.73,-19.5,6.17,0.29,pending,0.5,2.14,449,547,3,1,0,map_pending,0.76,5.8,-80.4,2,0,14.0
1132,1790599516.434003,0.1158,0.1966,27.1,-2.41,-19.1,6.55,0.23,pending,5.6,4.66,456,545,3,1,0,map_pending,0.72,12.7,-76.3,2,0,14.0
1133,1790599516.508763,0.1247,0.1681,62.2,-1.74,-16.3,8.34,0.32,accepted,7.8,5.12,648,537,6,1,0,map_hold,0.75,45.5,144.8,4,0,14.0
1134,1790599516.5851126,0.1333,0.0764,106.5,-21.07,1.9,10.34,0.39,accepted,52.1,5.71,633,549,7,1,0,map_accept,0.81,43.8,56.4,4,3,14.0
1135,1790599516.666174,0.1407,0.0000,120.8,-27.42,12.3,9.63,0.46,accepted,29.9,-2.02,607,566,7,1,0,map_accept,0.84,23.7,64.5,4,4,14.0
1136,1790599516.7388048,0.1397,-0.0770,32.6,-4.71,5.2,7.75,0.45,accepted,-20.3,-5.38,474,535,6,1,0,map_accept,0.86,-25.9,-105.7,3,3,14.0
1137,1790599516.809924,0.1372,-0.0768,49.1,-14.77,-0.3,4.40,0.43,accepted,-15.7,-9.56,479,515,5,1,0,map_accept,0.86,-22.3,-67.1,3,3,14.0
1138,1790599516.8808358,0.1290,-0.0766,38.1,-9.38,-0.3,4.40,0.35,pending,-20.7,-16.44,500,515,5,1,1,map_accept,0.86,-27.4,-18.5,3,3,14.0
1139,1790599516.949958,0.1209,-0.0670,-46.6,11.70,-1.0,3.51,0.28,pending,-9.2,-11.17,499,515,3,1,1,map_accept,0.83,-10.9,-1.7,2,2,14.0
1140,1790599517.0187998,0.1150,-0.0607,-51.5,12.17,-1.0,3.51,0.23,pending,-15.5,-14.02,508,515,3,1,2,map_accept,0.80,-17.5,6.4,2,2,14.0
1141,1790599517.0854356,0.1122,-0.0565,-44.6,10.33,-1.0,3.51,0.20,pending,-22.0,-14.20,505,515,4,1,3,map_accept,0.79,-22.0,20.3,3,3,14.0
1142,1790599517.1520236,0.1103,-0.0520,137.5,0.00,-1.1,3.24,0.18,pending,-0.5,-3.27,411,516,1,1,3,map_pending,0.74,26.9,213.9,0,0,14.0
1143,1790599517.2174985,0.1098,-0.0599,76.8,-18.92,1.3,2.88,0.18,pending,30.1,-4.61,648,524,5,1,3,map_accept,0.77,26.3,150.4,3,3,14.0
1144,1790599517.2847848,0.1096,-0.0738,42.1,-10.26,3.5,2.42,0.18,pending,26.7,-5.73,654,533,5,1,3,map_accept,0.79,16.4,124.6,3,3,14.0
1145,1790599517.3679893,0.1084,-0.1398,162.7,0.00,14.2,2.22,0.17,pending,134.3,-2.42,492,531,1,1,3,map_accept,0.76,123.6,-111.7,0,0,14.0
1146,1790599517.4472563,0.1076,-0.2301,152.0,0.00,23.2,2.05,0.16,pending,112.8,-2.22,462,528,1,1,3,map_accept,0.73,88.0,-109.1,0,0,14.0
1147,1790599517.5128098,0.1070,-0.3159,144.0,0.00,30.9,1.88,0.15,pending,95.8,-2.05,467,525,1,1,3,map_accept,0.70,70.3,-79.7,0,0,14.0
1148,1790599517.5818477,0.1066,-0.3803,123.2,0.00,36.3,1.73,0.15,pending,67.3,-1.88,479,522,1,1,3,map_accept,0.66,46.9,-56.1,0,0,14.0
1149,1790599517.6448503,0.1063,-0.4222,85.6,-12.79,34.1,2.13,0.15,pending,-26.8,5.01,712,530,4,1,3,map_accept,0.69,-37.9,152.5,3,4,14.0
1150,1790599517.7170653,0.1061,-0.4494,144.0,0.00,40.9,1.96,0.15,pending,84.9,-2.13,460,527,1,1,3,map_accept,0.66,93.9,-118.1,0,0,14.0
1151,1790599517.782687,0.1050,-0.4671,92.0,-13.34,40.6,2.12,0.14,pending,-3.7,1.92,751,528,3,1,3,occlusion_hold,0.67,0.0,0.0,3,0,14.0
1152,1790599517.8507943,0.1056,-0.4786,32.3,-5.10,39.4,2.28,0.14,pending,-15.7,2.02,669,530,4,1,3,map_hold,0.70,-44.5,75.6,3,0,14.0
1153,1790599517.9182239,0.1059,-0.4861,36.9,-6.01,37.5,2.44,0.14,pending,-23.9,2.00,677,532,4,1,3,map_hold,0.72,-34.8,73.5,3,0,14.0
1154,1790599517.9885955,0.1062,-0.4910,37.0,-5.48,35.1,2.60,0.15,pending,-29.2,2.05,695,535,4,1,3,map_hold,0.73,-25.0,79.2,3,0,14.0
1155,1790599518.05471,0.1064,-0.4941,24.9,-2.32,32.5,2.78,0.15,pending,-32.4,2.17,708,538,4,1,3,map_hold,0.73,-22.9,85.7,3,0,14.0
1156,1790599518.1229317,0.1065,-0.4962,28.6,-3.16,29.8,2.96,0.15,pending,-34.1,2.29,720,541,4,1,3,map_hold,0.74,-17.7,89.2,3,0,14.0
1157,1790599518.191714,0.1066,-0.4876,23.2,-0.04,27.1,3.15,0.15,pending,-34.5,2.42,763,545,4,1,3,map_hold,0.74,-2.5,159.5,3,0,14.0
1158,1790599518.2601953,0.1185,-0.4207,-40.0,3.40,15.1,3.53,0.26,accepted,-34.2,1.09,586,569,5,1,0,map_hold,0.74,-48.9,-113.3,3,0,14.0
1159,1790599518.325955,0.1150,-0.3665,27.6,-6.20,13.2,3.43,0.23,pending,-23.6,-1.34,740,573,4,1,0,map_pending,0.69,1.9,68.5,2,0,14.0
1160,1790599518.3963957,0.1235,-0.2840,7.4,6.74,5.0,2.92,0.30,accepted,-23.5,-1.46,725,596,5,1,0,map_hold,0.72,4.3,76.6,3,0,14.0
1161,1790599518.4677703,0.1286,-0.1984,13.7,-0.09,-0.8,2.27,0.35,accepted,-16.7,-1.84,739,614,5,1,0,map_hold,0.74,0.2,80.4,3,0,14.0
1162,1790599518.5363538,0.1237,-0.1390,-92.9,29.39,-0.8,2.27,0.31,pending,-51.2,-15.00,644,614,6,1,1,map_accept,0.78,-39.4,-121.6,3,3,14.0
1163,1790599518.6085355,0.1295,-0.0549,-25.7,16.77,-9.6,-0.82,0.36,accepted,-25.2,-8.84,746,646,6,1,0,map_accept,0.80,-0.5,71.9,3,3,14.0
1164,1790599518.6771584,0.1330,0.0293,-29.0,19.65,-16.3,-2.50,0.39,accepted,-19.1,-4.81,756,673,6,1,0,map_accept,0.81,-2.9,52.1,3,3,14.0
1165,1790599518.7477689,0.1373,0.1169,-23.1,17.36,-21.6,-1.44,0.43,accepted,-14.9,3.04,696,700,6,1,0,map_accept,0.81,-5.9,50.5,3,3,14.0
1166,1790599518.815982,0.1347,0.1935,5.0,5.68,-22.2,0.71,0.41,accepted,-1.9,6.16,810,762,5,1,0,map_accept,0.81,1.2,164.2,2,2,14.0
1167,1790599518.8858447,0.1383,0.2346,16.1,1.24,-21.9,2.01,0.44,accepted,1.0,3.70,753,783,6,1,0,map_accept,0.82,0.2,39.8,3,3,14.0
1168,1790599518.955015,0.1405,0.2396,16.8,0.86,-19.0,3.10,0.46,accepted,8.1,3.11,762,812,6,1,0,map_accept,0.82,4.7,72.5,3,3,14.0
1169,1790599519.024811,0.1418,0.2379,11.2,9.84,-18.9,3.90,0.47,accepted,0.3,2.30,768,828,6,1,0,map_accept,0.83,-4.0,38.9,3,3,14.0
1170,1790599519.0932508,0.1425,0.2249,14.6,5.65,-17.6,4.67,0.48,accepted,3.9,2.18,770,844,6,1,0,map_accept,0.83,-1.1,45.8,3,3,14.0
1171,1790599519.15995,0.1408,0.2202,-51.5,25.28,-15.6,2.14,0.46,accepted,5.6,-7.23,725,856,6,1,0,map_accept,0.84,-0.2,41.9,3,2,14.0
1172,1790599519.231414,0.1390,0.2114,-58.4,28.93,-13.8,1.44,0.45,accepted,5.1,-1.99,699,866,5,1,0,map_accept,0.83,1.3,50.7,3,2,14.0
1173,1790599519.2963753,0.1379,0.2107,-19.5,6.79,-13.9,0.67,0.44,accepted,-0.2,-2.19,681,875,5,1,0,map_accept,0.82,-1.5,65.0,3,2,14.0
1174,1790599519.361283,0.1302,0.2522,-49.8,-3.61,-20.7,-0.16,0.37,pending,-85.1,-10.37,503,859,6,1,0,map_accept,0.83,-84.4,-268.9,4,4,14.0
1175,1790599519.429606,0.1356,0.2505,-46.2,-4.38,-14.9,-0.70,0.41,accepted,16.7,-1.54,507,860,6,1,0,map_accept,0.83,35.1,138.2,4,0,14.0
1176,1790599519.5011735,0.1389,0.2743,55.6,-21.00,-19.5,-0.62,0.44,accepted,-13.1,0.21,687,832,6,1,0,map_accept,0.84,4.9,41.7,4,3,14.0
1177,1790599519.5688407,0.1386,0.3146,-69.3,4.13,-21.9,-2.66,0.44,accepted,-7.0,-5.83,511,816,6,1,0,map_accept,0.86,3.9,61.1,3,1,14.0
1178,1790599519.6401904,0.1300,0.3722,-60.2,5.17,-27.2,-3.29,0.36,pending,-66.3,-7.81,571,802,5,1,0,map_accept,0.86,-55.9,-162.0,3,3,14.0
1179,1790599519.7059295,0.1236,0.4095,-137.0,31.47,-27.2,-3.29,0.31,pending,-57.8,-15.86,588,802,5,1,1,map_accept,0.86,-38.7,-94.9,3,3,14.0
1180,1790599519.776544,0.1192,0.4412,-30.9,3.87,-31.3,-3.02,0.27,pending,-51.0,3.37,568,788,5,1,1,map_accept,0.86,-25.5,-69.6,3,3,14.0
1181,1790599519.8465497,0.1151,0.4618,-215.7,56.18,-31.3,-3.02,0.23,pending,-31.9,-30.87,568,788,4,1,1,map_accept,0.86,-8.6,-88.4,1,1,14.0
1182,1790599519.9172666,0.1265,0.4752,191.3,-34.00,-39.3,-1.73,0.33,accepted,-22.9,3.69,696,723,6,1,0,map_hold,0.86,25.2,144.6,4,0,14.0
1183,1790599519.984426,0.1282,0.4839,146.3,-3.54,-43.5,0.25,0.35,accepted,-11.9,5.64,677,680,5,1,0,map_hold,0.86,25.0,151.0,3,0,14.0
1184,1790599520.0645268,0.1228,0.4895,-114.6,56.75,-43.5,0.25,0.30,pending,31.7,-29.15,715,680,5,1,1,map_accept,0.86,34.1,134.2,2,2,14.0
1185,1790599520.1343825,0.1186,0.4932,-47.5,46.53,-43.5,0.25,0.26,pending,45.7,-34.42,775,680,5,1,2,map_accept,0.84,31.4,154.6,2,2,14.0
1186,1790599520.207615,0.1147,0.4956,-63.0,59.13,-43.5,0.25,0.22,pending,53.0,-31.57,703,680,4,1,1,map_accept,0.82,21.4,163.9,1,0,14.0
1187,1790599520.2795024,0.1114,0.4971,-25.6,6.80,-46.5,-0.61,0.19,pending,-37.3,-10.71,459,671,3,1,1,map_accept,0.80,-90.6,-230.9,2,2,14.0
1188,1790599520.3490665,0.1092,0.4981,191.8,-16.92,-46.5,-0.61,0.17,pending,57.8,16.78,597,671,3,1,1,map_pending,0.76,96.7,-361.6,2,1,14.0
1189,1790599520.4239676,0.1225,0.4988,-41.2,-0.00,-53.4,-1.67,0.30,accepted,-19.8,-3.03,454,611,2,1,0,map_accept,0.73,-94.3,-194.9,1,1,14.0
1190,1790599520.503477,0.1160,0.4992,-144.3,70.99,-53.4,-1.67,0.24,pending,72.3,14.54,580,611,2,1,1,map_pending,0.68,-29.6,-470.1,0,0,14.0
1191,1790599520.5720615,0.1142,0.4995,188.7,-17.91,-53.4,-1.67,0.22,pending,201.9,-24.14,579,611,2,1,1,map_accept,0.66,111.4,60.5,0,2,14.0
1192,1790599520.6443202,0.1111,0.4997,351.5,-16.65,-53.4,-1.67,0.19,pending,204.4,-14.31,484,611,3,1,1,map_accept,0.65,72.0,50.2,0,0,14.0
1193,1790599520.712158,0.1089,0.4998,361.6,-19.69,-53.4,-1.67,0.17,pending,204.9,-15.39,484,611,3,1,2,map_accept,0.64,32.2,57.7,0,1,14.0
1194,1790599520.7823534,0.1073,0.4999,458.1,-42.05,-53.4,-1.67,0.16,pending,185.9,12.39,566,611,3,1,1,map_accept,0.64,-18.1,80.7,2,3,14.0
1195,1790599520.8538399,0.1055,0.4999,342.8,-11.09,-53.4,-1.67,0.14,pending,204.1,24.84,503,611,2,1,1,map_pending,0.60,-124.7,-296.1,0,0,14.0
1196,1790599520.9219873,0.1043,0.4999,341.6,-8.09,-53.4,-1.67,0.13,pending,206.2,25.20,500,611,2,1,2,map_pending,0.57,-126.7,-254.5,0,0,14.0
1197,1790599520.9849536,0.1043,0.5000,272.4,23.41,-53.4,-1.67,0.13,pending,208.1,25.77,488,611,3,1,3,map_pending,0.56,-122.2,-239.2,0,0,14.0
1198,1790599521.0505023,0.1043,0.5000,270.2,26.00,-53.4,-1.67,0.13,pending,210.2,31.65,490,611,3,1,1,map_pending,0.57,-121.0,-222.8,1,0,14.0
1199,1790599521.1178553,0.1064,0.5000,266.9,36.10,-53.4,-1.67,0.15,pending,363.6,-0.60,489,611,5,1,1,map_accept,0.61,141.3,-70.7,1,4,14.0
1200,1790599521.2023695,0.1067,0.5000,302.8,21.65,-53.4,-1.67,0.15,pending,367.9,-1.37,484,611,4,1,2,map_accept,0.63,95.0,-35.9,1,4,14.0
1201,1790599521.2812505,0.1059,0.5000,254.3,38.97,-53.4,-1.67,0.14,pending,373.6,-2.54,483,611,3,1,3,map_accept,0.61,66.6,-18.0,0,4,14.0
1202,1790599521.3494058,0.1050,0.5000,265.2,36.33,-53.4,-1.67,0.14,pending,374.6,-2.13,481,611,3,1,4,map_accept,0.59,44.2,-9.3,0,3,14.0
1203,1790599521.4174337,0.1055,0.5000,350.1,2.65,-53.4,-1.67,0.14,pending,368.6,-1.36,486,611,4,1,5,map_accept,0.58,23.5,2.0,0,3,14.0
1204,1790599521.4976826,0.1075,0.5000,287.4,30.93,-53.4,-1.67,0.16,pending,367.1,0.12,496,611,6,1,6,map_accept,0.61,14.8,1.4,1,3,14.0
1205,1790599521.5660512,0.1203,0.4091,342.0,19.76,75.4,-1.69,0.28,pending_accepted,366.1,2.15,512,572,7,1,0,map_accept,0.68,10.0,1.9,3,4,14.0
1206,1790599521.6320431,0.1242,0.3268,358.7,20.70,161.3,-3.19,0.31,accepted,245.6,-4.29,404,544,4,1,0,map_accept,0.67,13.6,-10.8,1,3,14.0
1207,1790599521.7043447,0.1309,0.2430,393.8,-0.61,218.3,0.74,0.37,accepted,162.7,11.24,490,522,6,1,0,map_accept,0.69,10.3,-12.7,2,4,14.0
1208,1790599521.7769616,0.1269,0.1611,368.9,11.73,218.3,0.74,0.34,pending,101.4,13.20,529,522,7,1,1,map_hold,0.75,-53.7,-248.5,5,0,14.0
1209,1790599521.8516881,0.1358,0.0711,369.0,11.00,253.9,4.50,0.42,accepted,101.8,10.73,533,510,7,1,0,map_hold,0.79,-51.6,-235.5,5,0,14.0
1210,1790599521.9188685,0.1434,0.0000,359.5,15.54,289.1,7.08,0.49,accepted,100.6,7.38,524,501,8,1,0,map_accept,0.83,35.2,0.8,5,5,14.0
1211,1790599521.9873984,0.1445,-0.0820,585.2,-27.29,319.4,9.55,0.50,accepted,86.4,7.06,536,496,7,1,0,map_accept,0.86,45.9,2.8,5,5,14.0
1212,1790599522.0612876,0.1508,-0.1640,371.6,12.88,340.3,11.08,0.55,accepted,59.9,4.36,528,492,8,1,0,map_accept,0.88,37.1,-1.7,5,5,14.0
1213,1790599522.132055,0.1546,-0.2554,425.8,-7.86,354.2,12.36,0.59,accepted,39.7,3.65,530,491,8,1,0,map_accept,0.90,29.8,1.3,5,5,14.0
1214,1790599522.2007527,0.1534,-0.3345,407.8,2.46,366.1,12.98,0.58,accepted,34.0,1.78,523,488,7,1,0,map_accept,0.90,30.9,-4.3,4,4,14.0
1215,1790599522.2712111,0.1518,-0.3924,308.7,-2.76,374.1,13.80,0.56,accepted,22.9,2.37,514,487,6,1,0,map_accept,0.90,24.0,-6.9,5,5,14.0
1216,1790599522.3414533,0.1477,-0.4301,294.6,2.55,381.2,14.61,0.52,accepted,20.1,2.29,497,483,5,1,0,map_accept,0.88,25.6,-18.5,4,4,14.0
1217,1790599522.4094465,0.1452,-0.4545,90.6,41.45,377.7,13.77,0.50,accepted,-10.0,-2.40,571,486,5,1,0,map_hold,0.87,79.8,-226.1,5,0,14.0
1218,1790599522.4904883,0.1437,-0.4705,329.9,-6.53,373.8,12.70,0.49,accepted,-11.0,-3.06,516,490,5,1,0,map_hold,0.86,96.8,-237.7,3,1,14.0
1219,1790599522.5692797,0.1398,-0.4808,289.0,0.20,369.7,11.26,0.45,accepted,-11.6,-4.11,580,494,4,1,0,map_hold,0.85,-91.7,-205.5,3,0,14.0
1220,1790599522.6397297,0.1291,-0.4875,288.3,3.81,368.2,10.93,0.36,pending,-19.1,-4.08,589,494,3,1,0,map_pending,0.82,-71.1,-189.9,2,0,14.0
1221,1790599522.717441,0.1308,-0.4919,320.6,-19.82,338.2,6.85,0.37,accepted,-85.7,-11.67,410,455,5,1,0,map_accept,0.84,-63.2,-141.3,3,2,14.0
1222,1790599522.7968025,0.1350,-0.4947,349.2,-20.02,333.5,6.89,0.41,accepted,-13.4,0.14,501,463,5,1,0,map_hold,0.83,41.9,-313.8,3,0,14.0
1223,1790599522.8759367,0.1346,-0.4966,228.5,39.39,329.1,6.59,0.41,accepted,-12.6,-0.87,576,472,4,1,0,map_hold,0.81,59.6,-296.8,3,0,14.0
1224,1790599522.9528036,0.1363,-0.4978,338.8,-32.81,324.7,6.41,0.42,accepted,-12.7,-0.52,475,481,5,1,0,map_hold,0.80,56.1,-318.9,4,0,14.0
1225,1790599523.026748,0.1274,-0.4986,241.1,20.85,323.7,6.50,0.34,pending,-12.0,1.21,466,482,4,1,0,map_hold,0.79,81.1,-237.5,3,0,14.0
1226,1790599523.1043901,0.1320,-0.4991,270.0,13.89,318.9,7.25,0.38,accepted,-13.7,2.14,460,491,5,1,0,map_hold,0.79,-79.5,-285.7,4,0,14.0
1227,1790599523.1831374,0.1315,-0.4994,381.3,-13.77,311.3,9.05,0.38,accepted,-21.9,5.12,487,495,5,1,0,map_accept,0.80,-11.7,-10.4,4,4,14.0
1228,1790599523.2587771,0.1312,-0.4996,368.5,-19.27,298.2,6.71,0.37,accepted,-37.3,-6.69,396,463,5,1,0,map_accept,0.81,-31.8,-129.4,4,4,14.0
1229,1790599523.3335044,0.1252,-0.4997,448.3,-14.98,296.1,6.24,0.32,pending,-26.0,-5.85,526,471,5,1,0,map_accept,0.83,-27.5,126.0,2,2,14.0
1230,1790599523.4029791,0.1193,-0.4998,452.2,-15.68,294.1,5.64,0.27,pending,-25.9,-7.46,450,478,4,1,0,map_accept,0.83,-32.4,93.3,2,1,14.0
1231,1790599523.4773052,0.1291,-0.4999,476.9,-37.63,290.4,6.96,0.36,accepted,-10.6,3.77,412,454,6,1,0,map_accept,0.84,-25.3,-140.9,3,3,14.0
1232,1790599523.561174,0.1361,-0.4999,236.7,-15.38,300.0,7.81,0.42,accepted,27.5,2.41,507,466,6,1,0,map_hold,0.83,-54.7,-197.9,4,0,14.0
1233,1790599523.6327763,0.1300,-0.5000,520.4,-43.22,300.0,7.81,0.36,pending,130.5,16.36,459,466,7,1,1,map_accept,0.84,102.9,-26.1,4,2,14.0
1234,1790599523.7016976,0.1314,-0.5000,497.6,-18.37,347.9,9.37,0.38,accepted,136.7,4.46,515,465,5,1,0,map_accept,0.84,74.9,-20.4,2,3,14.0
1235,1790599523.774924,0.1239,-0.5000,512.2,-18.90,354.6,9.88,0.31,pending,84.6,6.40,516,465,4,1,0,map_accept,0.82,49.0,-7.0,2,3,14.0
1236,1790599523.8498325,0.1184,-0.5000,305.3,3.35,357.6,10.05,0.26,pending,36.7,2.11,496,465,4,1,0,map_hold,0.80,-81.6,14.4,3,0,14.0
1237,1790599523.919542,0.1149,-0.5000,429.9,-39.02,359.8,10.12,0.23,pending,27.8,0.93,501,466,4,1,0,map_hold,0.78,-36.7,-260.6,3,0,14.0
1238,1790599523.9899805,0.1124,-0.5000,417.1,-35.58,361.3,10.13,0.20,pending,19.3,0.07,479,466,4,1,0,map_hold,0.76,-13.8,-216.2,3,0,14.0
1239,1790599524.060353,0.1220,-0.5000,335.6,-4.87,347.0,11.25,0.29,accepted,-40.8,3.20,513,478,5,1,0,map_accept,0.76,-51.2,26.2,3,3,14.0
1240,1790599524.1329927,0.1167,-0.5000,19.3,39.30,345.4,11.44,0.24,pending,-21.0,2.33,512,479,4,1,0,map_accept,0.73,-24.1,15.3,3,3,14.0
1241,1790599524.2048957,0.1253,-0.5000,352.6,-14.84,345.2,13.33,0.32,accepted,-0.4,5.40,518,476,6,1,0,map_accept,0.75,7.4,-25.2,4,4,14.0
1242,1790599524.2748027,0.1327,-0.5000,377.6,-30.08,336.6,14.41,0.39,accepted,-24.7,3.09,542,489,6,1,0,map_accept,0.77,-12.8,28.0,4,4,14.0
1243,1790599524.3552945,0.1371,-0.5000,300.8,-13.38,330.9,13.07,0.43,accepted,-16.3,-3.82,512,494,6,1,0,map_accept,0.78,-2.7,0.3,5,5,14.0
1244,1790599524.4372354,0.1397,-0.5000,288.5,-11.02,323.9,11.51,0.45,accepted,-19.9,-4.46,541,509,6,1,0,map_accept,0.78,-4.2,38.7,5,5,14.0
1245,1790599524.5118308,0.1413,-0.5000,294.6,-13.27,321.1,10.65,0.47,accepted,-7.9,-2.46,548,524,6,1,0,map_accept,0.78,9.1,41.3,5,5,14.0
1246,1790599524.5855913,0.1423,-0.5000,309.1,-17.00,318.3,9.90,0.48,accepted,-8.1,-2.13,554,545,6,1,0,map_accept,0.78,11.4,68.9,5,5,14.0
1247,1790599524.659702,0.1332,-0.5000,495.8,-50.49,318.3,9.90,0.39,pending,37.7,29.80,506,545,6,1,1,map_accept,0.79,59.6,-88.1,3,2,14.0
1248,1790599524.7365193,0.1259,-0.5000,373.6,-22.62,318.3,9.90,0.33,pending,42.5,28.74,494,545,5,1,2,map_accept,0.77,52.4,-54.5,3,2,14.0
1249,1790599524.8101153,0.1208,-0.5000,382.7,-25.62,318.3,9.90,0.28,pending,46.7,29.24,499,545,5,1,3,map_accept,0.75,52.1,-37.5,3,2,14.0
1250,1790599524.8826337,0.1162,-0.5000,283.8,-3.40,318.3,9.90,0.24,pending,-175.5,-23.54,572,545,4,1,1,map_accept,0.72,-171.9,140.0,2,1,14.0
1251,1790599524.9521885,0.1140,-0.5000,395.2,-34.94,318.3,9.90,0.22,pending,35.2,26.90,512,545,5,1,1,map_accept,0.71,88.2,48.2,3,3,14.0
1252,1790599525.024579,0.1125,-0.5000,400.3,-35.69,318.3,9.90,0.20,pending,38.7,27.47,518,545,5,1,2,map_accept,0.69,71.5,51.0,3,3,14.0
1253,1790599525.094465,0.1124,-0.5000,390.2,-34.61,318.3,9.90,0.20,pending,43.2,14.52,521,545,6,1,1,map_accept,0.70,65.7,42.8,3,4,14.0
1254,1790599525.1685154,0.1189,-0.5000,295.8,-7.44,311.0,7.74,0.26,accepted,-20.9,-6.18,426,547,4,1,0,map_pending,0.66,-50.1,-212.4,3,3,14.0
1255,1790599525.2423642,0.1169,-0.5000,308.8,-15.34,306.5,8.21,0.24,pending,-55.5,5.91,470,538,6,1,0,map_accept,0.69,-31.8,-192.4,4,1,14.0
1256,1790599525.3133519,0.1235,-0.5000,327.4,-13.32,334.0,11.00,0.30,accepted,78.5,7.97,501,537,5,1,0,map_accept,0.69,112.6,21.1,3,3,14.0
1257,1790599525.388987,0.1294,-0.5000,403.0,-35.86,316.5,13.39,0.36,accepted,-50.0,6.83,540,547,6,1,0,map_accept,0.70,-8.8,40.7,4,4,14.0
1258,1790599525.4582705,0.1222,-0.5000,315.5,-1.88,314.7,12.74,0.29,pending,-22.7,-8.14,467,548,4,1,0,map_accept,0.69,12.6,34.1,2,0,14.0
1259,1790599525.5312622,0.1286,-0.5000,406.7,-34.78,315.4,15.05,0.35,accepted,2.1,6.61,540,542,6,1,0,map_accept,0.71,39.3,-25.8,4,4,14.0
1260,1790599525.6080854,0.1295,-0.5000,62.2,38.84,303.4,11.18,0.36,accepted,-34.3,-11.06,561,543,5,1,0,map_hold,0.71,-176.6,142.8,4,0,14.0
1261,1790599525.6764908,0.1330,-0.5000,342.0,-10.79,293.7,8.53,0.39,accepted,-27.7,-7.56,570,544,6,1,0,map_hold,0.72,30.8,41.6,4,0,14.0
1262,1790599525.7467966,0.1394,-0.5000,262.0,26.28,286.0,6.84,0.45,accepted,-22.0,-4.83,573,544,7,1,0,map_hold,0.75,13.3,137.1,4,0,14.0
1263,1790599525.8153162,0.1423,-0.5000,358.0,-14.02,280.1,5.39,0.48,accepted,-16.9,-4.16,583,544,6,1,0,map_hold,0.77,39.4,43.1,4,0,14.0
1264,1790599525.884678,0.1308,-0.5000,338.0,-2.15,279.4,5.26,0.37,pending,-8.9,-1.56,572,544,3,1,0,map_pending,0.74,45.7,46.6,1,0,14.0
1265,1790599525.9567935,0.1392,-0.5000,364.5,-13.75,275.3,4.84,0.45,accepted,-11.5,-1.20,583,544,7,1,0,map_hold,0.77,47.6,38.8,5,0,14.0
1266,1790599526.0272455,0.1420,-0.5000,312.3,-14.86,226.5,2.47,0.47,accepted,-139.6,-6.77,595,585,7,1,0,map_accept,0.82,-132.4,134.9,5,5,14.0
1267,1790599526.0953805,0.1459,-0.5000,325.3,-16.52,194.9,1.08,0.51,accepted,-90.2,-3.97,607,614,7,1,0,map_accept,0.85,-103.2,105.3,5,5,14.0
1268,1790599526.1654482,0.1482,-0.5000,298.6,-9.83,174.5,-0.03,0.53,accepted,-58.4,-3.18,609,635,7,1,0,map_accept,0.86,-88.1,91.9,5,5,14.0
1269,1790599526.2374964,0.1397,-0.5000,393.0,-29.07,174.5,-0.03,0.45,pending,171.8,14.23,526,635,8,1,1,map_accept,0.88,129.2,-85.4,5,4,14.0
1270,1790599526.311858,0.1351,-0.5000,309.1,-17.18,174.5,-0.03,0.41,pending,166.3,16.49,549,635,9,1,2,map_accept,0.91,77.7,16.5,6,6,14.0
1271,1790599526.3984747,0.1298,-0.5000,405.6,-27.97,174.5,-0.03,0.36,pending,155.3,14.31,595,635,7,1,3,map_accept,0.91,41.9,-39.0,4,3,14.0
1272,1790599526.50811,0.1249,-0.5000,369.6,-16.17,174.5,-0.03,0.32,pending,155.8,16.38,582,635,6,1,4,map_accept,0.90,30.4,-22.6,3,3,14.0
1273,1790599526.5953145,0.1222,-0.5000,395.9,-26.34,174.5,-0.03,0.29,pending,165.8,16.87,543,635,7,1,5,map_accept,0.90,32.5,-15.7,4,4,14.0
1274,1790599526.6703873,0.1204,-0.5000,400.4,-28.90,174.5,-0.03,0.28,pending,173.8,17.13,545,635,7,1,6,map_accept,0.90,33.2,-10.9,4,4,14.0
1275,1790599526.7398057,0.1159,-0.5000,375.6,-3.83,188.9,0.40,0.24,pending,180.8,5.44,486,629,4,1,6,map_accept,0.87,34.4,-13.2,1,1,14.0
1276,1790599526.8153784,0.1148,-0.5000,317.8,-16.34,188.9,0.40,0.23,pending,176.1,13.91,487,629,6,1,7,map_accept,0.87,39.3,-60.0,3,3,14.0
1277,1790599526.8952544,0.1134,-0.5000,323.5,-16.89,188.9,0.40,0.21,pending,179.3,17.32,487,629,5,1,8,map_accept,0.86,37.6,-38.1,3,3,14.0
1278,1790599526.966634,0.1124,-0.5000,330.3,-17.71,188.9,0.40,0.20,pending,174.3,17.23,493,629,5,1,9,map_accept,0.85,32.3,-24.6,3,3,14.0
1279,1790599527.037927,0.1124,-0.5000,335.2,-18.48,188.9,0.40,0.20,pending,184.8,14.35,514,629,6,1,10,map_accept,0.85,46.3,1.1,3,3,14.0
1280,1790599527.1110623,0.1124,-0.5000,321.2,-15.51,188.9,0.40,0.20,pending,183.6,13.39,488,629,6,1,11,map_accept,0.84,42.7,-27.8,3,3,14.0
1281,1790599527.184943,0.1227,-0.5000,326.2,-15.50,251.2,4.57,0.30,accepted,178.1,11.89,505,598,6,1,0,map_accept,0.84,35.2,6.3,3,3,14.0
1282,1790599527.2561061,0.1175,-0.5000,420.3,-5.71,260.5,4.47,0.25,pending,116.0,-1.25,399,596,4,1,0,map_accept,0.82,36.7,41.3,2,2,14.0
1283,1790599527.322578,0.1139,-0.5000,415.8,-4.78,269.6,4.37,0.22,pending,113.2,-1.21,394,595,4,1,0,map_accept,0.80,39.5,47.7,2,2,14.0
1284,1790599527.4185283,0.1117,-0.5000,422.2,-4.76,278.0,4.11,0.20,pending,105.2,-3.23,389,592,4,1,0,map_accept,0.78,35.4,38.8,2,2,14.0
1285,1790599527.5142987,0.1236,-0.5000,385.5,-25.15,306.7,4.40,0.31,accepted,82.0,0.84,509,593,5,1,0,map_accept,0.80,16.6,101.0,2,4,14.0
1286,1790599527.6143374,0.1307,-0.5000,400.3,-28.95,324.7,4.38,0.37,accepted,51.5,-0.07,513,594,5,1,0,map_accept,0.81,20.3,88.7,2,4,14.0
1287,1790599527.7031455,0.1350,-0.5000,401.0,-28.55,336.9,4.42,0.41,accepted,34.8,0.13,515,594,5,1,0,map_accept,0.81,25.7,76.8,2,4,14.0
1288,1790599527.785348,0.1376,-0.5000,399.9,-27.05,342.1,4.17,0.43,accepted,14.8,-0.72,515,595,5,1,0,map_accept,0.80,19.8,69.1,2,4,14.0
1289,1790599527.8886945,0.1391,-0.5000,402.0,-26.74,346.4,3.90,0.45,accepted,12.1,-0.79,515,595,5,1,0,map_accept,0.79,24.6,59.7,2,4,14.0
1290,1790599527.9815185,0.1400,-0.5000,404.7,-25.93,347.6,3.62,0.45,accepted,3.6,-0.81,503,591,5,1,0,map_accept,0.77,20.3,43.0,2,4,14.0
1291,1790599528.0656514,0.1406,-0.5000,379.9,-18.99,353.7,3.30,0.46,accepted,17.4,-0.92,532,565,5,1,0,map_accept,0.76,35.5,-34.8,2,4,14.0
1292,1790599528.1408803,0.1377,-0.5000,402.4,-23.82,356.0,6.34,0.43,accepted,6.5,8.71,547,545,5,1,0,map_accept,0.74,27.8,-29.1,2,2,14.0
1293,1790599528.2182624,0.1335,-0.5000,459.8,-41.76,356.0,6.34,0.40,pending,15.0,16.14,532,545,9,1,1,map_accept,0.81,37.4,-36.6,6,3,14.0
1294,1790599528.293644,0.1454,-0.5000,419.5,-30.04,349.7,6.67,0.50,accepted,-18.1,0.94,560,536,8,1,0,map_hold,0.85,-1.7,65.4,6,0,14.0
1295,1790599528.36482,0.1526,-0.5000,400.1,-17.02,343.1,7.57,0.57,accepted,-18.7,2.57,568,530,8,1,0,map_hold,0.87,13.0,65.2,6,0,14.0
1296,1790599528.447495,0.1535,-0.5000,388.3,-10.17,336.8,8.62,0.58,accepted,-18.2,3.01,577,528,7,1,0,map_hold,0.88,20.9,55.2,6,0,14.0
1297,1790599528.5226042,0.1457,-0.5000,417.7,-21.78,331.0,9.39,0.51,accepted,-16.5,2.19,643,527,4,1,0,map_hold,0.86,27.8,44.8,3,0,14.0
1298,1790599528.5973842,0.1481,-0.5000,407.5,-14.47,325.9,9.84,0.53,accepted,-14.4,1.30,611,528,7,1,0,map_hold,0.86,40.7,33.8,5,0,14.0
1299,1790599528.670941,0.1546,-0.5000,447.3,-22.53,341.8,12.65,0.59,accepted,45.3,8.02,558,537,9,1,0,map_accept,0.90,57.6,20.9,6,6,14.0
1300,1790599528.7405524,0.1582,-0.5000,516.4,-36.02,353.9,14.64,0.62,accepted,34.7,5.68,549,543,9,1,0,map_accept,0.93,46.7,6.8,6,6,14.0
1301,1790599528.8127508,0.1524,-0.5000,441.5,-22.43,350.3,14.02,0.57,accepted,-10.3,-1.76,550,546,6,1,0,map_hold,0.93,11.4,64.1,5,0,14.0
1302,1790599528.8825417,0.1521,-0.5000,446.7,-19.14,347.9,13.28,0.56,accepted,-6.8,-2.13,530,550,7,1,0,map_hold,0.92,26.5,-65.0,6,0,14.0
1303,1790599528.9567966,0.1520,-0.5000,519.1,-41.24,346.4,12.67,0.56,accepted,-4.5,-1.72,509,555,7,1,0,map_hold,0.92,20.0,53.1,6,0,14.0
1304,1790599529.0344806,0.1543,-0.5000,486.5,-32.12,342.8,11.99,0.58,accepted,-10.1,-1.96,510,556,7,1,0,map_pending,0.88,-93.5,-233.8,6,3,14.0
1305,1790599529.1189797,0.1406,-0.5000,197.2,8.61,342.8,11.99,0.46,pending,-96.3,-15.29,465,556,5,1,1,map_accept,0.90,-92.3,-184.0,4,3,14.0
1306,1790599529.2086103,0.1310,-0.5000,152.7,20.27,342.8,11.99,0.37,pending,-107.1,-24.11,504,556,5,1,1,map_accept,0.90,-84.7,-142.6,4,2,14.0
1307,1790599529.279516,0.1231,-0.5000,530.3,-39.91,334.2,11.13,0.30,pending,-108.3,-10.75,430,548,4,1,1,map_accept,0.89,-73.8,-122.5,3,3,14.0
1308,1790599529.3510993,0.1336,-0.5000,371.7,-9.22,322.5,8.58,0.40,accepted,-33.2,-7.29,533,536,7,1,0,map_hold,0.90,-88.2,-147.4,7,0,14.0
1309,1790599529.4235866,0.1335,-0.5000,446.4,-30.81,318.4,6.31,0.40,accepted,-11.8,-6.46,473,535,5,1,0,map_hold,0.90,2.8,-155.2,4,0,14.0
1310,1790599529.4985561,0.1337,-0.5000,499.0,-41.40,316.1,5.18,0.40,accepted,-6.7,-3.24,526,535,4,1,0,map_pending,0.87,-60.5,-263.7,2,1,14.0
1311,1790599529.571565,0.1338,-0.5000,480.8,-33.48,316.6,4.18,0.40,accepted,1.4,-2.87,530,540,4,1,0,map_hold,0.86,-75.0,-208.3,3,0,14.0
1312,1790599529.6516125,0.1400,-0.5000,387.5,-18.55,318.0,3.64,0.45,accepted,4.1,-1.52,540,546,6,1,0,map_hold,0.86,-87.9,-223.3,5,0,14.0
1313,1790599529.7236185,0.1295,-0.5000,317.1,5.41,317.8,3.43,0.36,pending,-2.7,-2.61,487,546,3,1,0,map_pending,0.83,-87.8,-225.3,2,0,14.0
1314,1790599529.7959917,0.1220,-0.5000,475.5,-32.63,314.7,3.79,0.29,pending,-37.8,4.41,479,539,4,1,0,map_accept,0.84,-40.8,-172.9,3,3,14.0
1315,1790599529.8701382,0.1167,-0.5000,388.1,-21.48,310.1,3.85,0.24,pending,-58.5,0.80,462,531,4,1,0,map_accept,0.84,-54.1,-142.4,3,3,14.0
1316,1790599529.9404333,0.1131,-0.5000,436.4,-29.07,306.4,4.14,0.21,pending,-46.3,3.60,440,524,4,1,0,map_accept,0.83,-35.6,-109.5,3,3,14.0
1317,1790599530.0168335,0.1093,-0.5000,368.2,-19.19,302.0,4.23,0.18,pending,-54.4,1.09,385,514,3,1,0,map_accept,0.80,-42.8,-159.3,2,2,14.0
1318,1790599530.0893638,0.1190,-0.5000,382.9,-5.39,297.6,2.28,0.26,accepted,-12.7,-5.57,478,501,5,1,0,map_hold,0.80,50.2,149.9,4,0,14.0
1319,1790599530.1629248,0.1153,-0.5000,400.9,-20.69,297.3,2.05,0.23,pending,-3.5,-2.81,458,500,4,1,0,occlusion_hold,0.80,0.0,0.0,4,0,14.0
1320,1790599530.2353745,0.1121,-0.5000,181.3,14.43,294.7,1.74,0.20,pending,-32.3,-3.86,408,491,4,1,0,map_accept,0.80,-31.8,-164.2,3,2,14.0
1321,1790599530.3085485,0.1105,-0.5000,343.9,-5.25,294.4,1.56,0.19,pending,-3.5,-2.25,506,490,4,1,0,occlusion_hold,0.80,0.0,0.0,4,0,14.0
1322,1790599530.3784697,0.1084,-0.5000,272.4,2.90,294.2,1.37,0.17,pending,-2.8,-2.42,412,489,3,1,0,map_pending,0.75,-25.9,-124.9,2,0,14.0
1323,1790599530.4501965,0.1206,-0.5000,455.8,-27.98,294.3,0.52,0.28,accepted,0.3,-2.42,509,487,5,1,0,map_hold,0.78,72.8,88.2,4,0,14.0
1324,1790599530.519414,0.1279,-0.5000,537.5,-42.54,294.5,0.30,0.34,accepted,0.6,-0.64,517,487,5,1,0,map_hold,0.80,81.4,92.2,4,0,14.0
1325,1790599530.5878077,0.1323,-0.5000,259.2,4.51,295.1,0.31,0.38,accepted,1.7,0.05,504,488,5,1,0,map_hold,0.82,80.8,66.3,4,0,14.0
1326,1790599530.6615126,0.1380,-0.5000,467.8,-25.63,296.4,0.42,0.44,accepted,3.8,0.31,520,490,6,1,0,map_hold,0.82,95.9,90.9,4,0,14.0
1327,1790599530.729839,0.1373,-0.5000,300.5,-2.84,298.5,0.24,0.43,accepted,6.1,-0.52,462,454,5,1,0,map_accept,0.84,-0.1,-130.8,4,3,14.0
1328,1790599530.8051212,0.1277,-0.5000,256.0,8.44,296.0,-0.34,0.34,pending,-31.3,-7.29,470,450,4,1,0,map_accept,0.83,-39.4,-98.4,3,3,14.0
1329,1790599530.8719835,0.1190,-0.5000,147.9,20.06,295.8,-0.44,0.26,pending,-2.6,-1.23,348,450,2,1,0,map_pending,0.78,-93.7,-142.6,2,0,14.0
1330,1790599530.9416866,0.1143,-0.5000,336.2,-1.53,296.7,-0.46,0.22,pending,10.8,-0.24,494,452,3,1,0,map_pending,0.74,24.6,15.9,2,0,14.0
1331,1790599531.0142393,0.1113,-0.5000,422.3,-12.82,298.1,-0.44,0.19,pending,17.3,0.28,567,454,3,1,0,map_pending,0.70,96.0,84.7,2,0,14.0
1332,1790599531.0848758,0.1089,-0.5000,318.0,1.30,298.9,-0.55,0.17,pending,10.7,-1.38,533,456,3,1,0,map_hold,0.71,100.0,-259.6,3,0,14.0
1333,1790599531.1600924,0.1079,-0.5000,334.0,-0.22,300.4,-0.39,0.16,pending,18.6,2.04,483,457,1,1,0,map_pending,0.69,108.4,-265.6,1,0,14.0
1334,1790599531.2277868,0.1069,-0.5000,332.5,-6.44,300.6,0.17,0.15,pending,1.8,6.92,418,453,4,1,0,map_accept,0.72,-5.1,-122.4,3,3,14.0
1335,1790599531.3007243,0.1059,-0.5000,469.5,-31.42,301.6,0.24,0.14,pending,12.7,0.88,424,453,3,1,0,map_pending,0.72,118.7,-218.7,2,0,14.0
1336,1790599531.3780284,0.1061,-0.5000,389.2,-9.88,301.8,0.10,0.15,pending,2.6,-1.77,476,454,4,1,0,map_hold,0.72,42.6,26.9,3,0,14.0
1337,1790599531.455519,0.1182,-0.5000,434.9,-21.80,302.7,-0.51,0.26,accepted,2.7,-1.74,419,459,5,1,0,map_hold,0.73,67.0,-52.6,3,0,14.0
1338,1790599531.525587,0.1148,-0.5000,433.5,-21.76,302.9,-0.57,0.23,pending,1.9,-0.65,428,460,4,1,0,map_hold,0.72,67.1,-53.5,3,0,14.0
1339,1790599531.600438,0.1140,-0.5000,461.4,-32.50,302.9,-0.57,0.22,pending,67.1,22.95,442,460,6,1,1,map_accept,0.75,64.5,61.2,3,3,14.0
1340,1790599531.697786,0.1128,-0.5000,479.1,-39.71,302.9,-0.57,0.21,pending,62.1,28.82,495,460,5,1,2,map_accept,0.76,39.2,53.6,3,3,14.0
1341,1790599531.7938461,0.1230,-0.5000,384.2,-16.78,331.6,1.93,0.30,accepted,82.1,7.13,448,455,6,1,0,map_accept,0.77,50.3,-29.9,3,3,14.0
1342,1790599531.8649037,0.1271,-0.5000,390.8,-18.23,350.3,5.31,0.34,accepted,53.4,9.66,457,452,5,1,0,map_accept,0.76,38.0,-15.9,3,3,14.0
1343,1790599531.9382224,0.1338,-0.5000,362.4,-13.75,361.6,5.34,0.40,accepted,32.2,0.07,441,451,6,1,0,map_accept,0.76,30.2,-2.3,3,3,14.0
1344,1790599532.0097156,0.1377,-0.5000,358.0,-1.26,369.2,5.76,0.43,accepted,21.9,1.21,459,450,6,1,0,map_accept,0.76,27.9,-1.6,3,3,14.0
1345,1790599532.0842733,0.1401,-0.5000,357.2,-0.85,373.9,5.75,0.46,accepted,13.3,-0.01,464,451,6,1,0,map_accept,0.76,24.9,6.6,3,3,14.0
1346,1790599532.1538448,0.1396,-0.5000,416.8,-30.20,368.6,4.37,0.45,accepted,-15.2,-3.96,535,450,5,1,0,map_hold,0.75,-77.7,-218.4,3,0,14.0
1347,1790599532.2228365,0.1393,-0.5000,287.5,9.82,362.9,3.17,0.45,accepted,-16.3,-3.42,525,449,5,1,0,map_hold,0.74,-69.3,-212.2,3,0,14.0
1348,1790599532.2936795,0.1391,-0.5000,389.7,-24.99,356.9,2.08,0.45,accepted,-17.0,-3.13,486,449,5,1,0,map_hold,0.73,-59.4,-195.9,3,0,14.0
1349,1790599532.3606498,0.1294,-0.5000,370.4,-15.43,355.2,1.91,0.36,pending,-21.4,-2.14,466,449,4,1,0,map_pending,0.70,-47.3,-188.6,2,0,14.0
1350,1790599532.4268312,0.1332,-0.5000,371.1,-15.45,346.5,0.82,0.39,accepted,-24.9,-3.09,504,448,5,1,0,map_hold,0.70,-37.8,-162.4,3,0,14.0
1351,1790599532.501232,0.1374,-0.5000,380.9,-18.56,346.7,0.36,0.43,accepted,0.5,-1.32,508,459,6,1,0,map_accept,0.72,21.6,31.6,3,3,14.0
1352,1790599532.5706477,0.1399,-0.5000,412.5,-27.69,353.0,0.78,0.45,accepted,18.1,1.20,488,451,6,1,0,map_accept,0.73,37.7,-32.5,3,3,14.0
1353,1790599532.6458101,0.1299,-0.5000,391.2,-18.22,351.0,0.68,0.36,pending,-24.5,-1.29,510,450,4,1,0,map_pending,0.69,-61.9,-218.7,2,0,14.0
1354,1790599532.7208252,0.1335,-0.5000,355.3,-2.12,342.1,0.10,0.40,accepted,-25.6,-1.67,477,451,5,1,0,map_hold,0.69,-56.4,-167.6,3,0,14.0
1355,1790599532.7921798,0.1236,-0.5000,389.8,-22.30,342.1,0.10,0.31,pending,-82.6,14.04,379,451,3,1,1,map_accept,0.69,-63.2,-107.1,1,2,14.0
1356,1790599532.8641531,0.1213,-0.5000,430.7,-27.63,342.1,0.10,0.28,pending,11.4,14.64,529,451,7,1,1,map_accept,0.75,46.7,106.8,4,4,14.0
1357,1790599532.9332554,0.1186,-0.5000,398.0,-18.17,342.1,0.10,0.26,pending,4.9,14.62,523,451,6,1,2,map_accept,0.76,26.0,102.9,3,3,14.0
1358,1790599533.0022483,0.1167,-0.5000,419.4,-29.83,342.1,0.10,0.24,pending,-7.1,13.49,516,451,6,1,1,map_accept,0.77,7.0,137.1,3,3,14.0
1359,1790599533.0696213,0.1154,-0.5000,420.9,-29.43,342.1,0.10,0.23,pending,28.2,24.88,474,451,6,1,1,map_accept,0.79,40.6,-30.6,3,2,14.0
1360,1790599533.1381094,0.1145,-0.5000,417.8,-29.05,342.1,0.10,0.22,pending,25.9,23.12,488,451,6,1,2,map_accept,0.80,29.5,-11.3,3,2,14.0
1361,1790599533.2069275,0.1132,-0.5000,419.9,-31.65,342.1,0.10,0.21,pending,20.4,22.25,495,451,5,1,3,map_accept,0.79,20.1,8.3,2,1,14.0
1362,1790599533.274626,0.1129,-0.5000,415.6,-28.82,342.1,0.10,0.21,pending,25.9,24.56,473,451,6,1,4,map_accept,0.80,25.4,9.7,3,2,14.0
1363,1790599533.34325,0.1131,-0.5000,361.8,-13.36,342.1,0.10,0.21,pending,23.7,25.23,481,451,6,1,5,map_accept,0.81,21.7,9.9,3,1,14.0
1364,1790599533.417904,0.1133,-0.5000,361.0,-14.19,342.1,0.10,0.21,pending,32.2,25.17,488,451,6,1,6,map_accept,0.81,29.2,-1.4,3,1,14.0
1365,1790599533.4867513,0.1247,-0.5000,421.5,-24.41,351.1,8.68,0.32,pending_accepted,22.9,24.31,485,465,7,1,0,map_accept,0.83,17.1,-3.8,4,2,14.0
1366,1790599533.5559552,0.1210,-0.5000,409.9,-29.25,351.1,8.68,0.28,pending,15.9,15.73,455,465,6,1,1,map_accept,0.83,19.6,-41.1,3,2,14.0
1367,1790599533.625456,0.1173,-0.5000,387.9,-19.07,351.1,8.68,0.25,pending,22.9,16.01,471,465,5,1,2,map_accept,0.82,28.1,-19.3,2,1,14.0
1368,1790599533.692694,0.1148,-0.5000,412.6,-29.01,351.1,8.68,0.23,pending,18.9,15.52,479,465,5,1,3,map_accept,0.81,24.2,-8.8,2,1,14.0
1369,1790599533.7670152,0.1120,-0.5000,393.4,-22.31,351.1,8.68,0.20,pending,33.9,15.81,472,465,4,1,4,map_accept,0.78,40.1,-3.2,1,0,14.0
1370,1790599533.8383062,0.1101,-0.5000,399.5,-23.02,351.1,8.68,0.18,pending,34.4,18.30,478,465,4,1,5,map_accept,0.77,37.7,0.2,2,1,14.0
1371,1790599533.9094446,0.1097,-0.5000,396.3,-28.98,351.1,8.68,0.18,pending,24.4,16.76,466,465,5,1,6,map_accept,0.77,26.0,41.3,2,1,14.0
1372,1790599533.9824204,0.1085,-0.5000,408.7,-23.22,351.1,8.68,0.17,pending,15.6,16.00,523,465,4,1,7,map_accept,0.76,18.9,21.9,2,1,14.0
1373,1790599534.0575683,0.1076,-0.5000,411.0,-23.36,351.1,8.68,0.16,pending,9.9,15.51,532,465,4,1,8,map_accept,0.75,16.2,27.8,2,2,14.0
1374,1790599534.1291735,0.1080,-0.5000,432.5,-31.32,351.1,8.68,0.16,pending,11.4,14.43,523,465,5,1,9,map_accept,0.76,20.3,19.5,2,2,14.0
1375,1790599534.202349,0.1203,-0.5000,392.2,-20.85,355.1,9.34,0.28,accepted,11.4,1.89,519,482,5,1,0,map_accept,0.76,20.5,12.0,2,3,14.0
1376,1790599534.2726943,0.1162,-0.5000,396.4,-20.92,355.9,9.91,0.24,pending,10.1,7.13,529,484,4,1,0,map_accept,0.74,24.6,23.0,2,3,14.0
1377,1790599534.3394053,0.1130,-0.5000,282.8,15.32,356.7,9.40,0.21,pending,9.8,-6.33,528,486,4,1,0,map_accept,0.73,26.7,13.8,2,2,14.0
1378,1790599534.408339,0.1095,-0.5000,312.8,12.23,357.9,8.83,0.18,pending,15.5,-7.17,525,488,3,1,0,map_accept,0.70,34.8,16.6,1,1,14.0
1379,1790599534.4740174,0.1074,-0.5000,297.7,13.56,355.7,9.35,0.16,pending,-28.2,6.60,561,489,3,1,0,map_pending,0.69,-96.5,-184.3,2,0,14.0
1380,1790599534.5403328,0.1057,-0.5000,339.4,8.75,353.5,9.81,0.14,pending,-26.9,5.75,535,490,3,1,0,map_pending,0.64,9.7,30.1,1,0,14.0
1381,1790599534.608168,0.1060,-0.5000,308.7,-6.66,347.3,10.18,0.15,pending,-78.0,4.51,386,483,2,1,0,map_accept,0.64,-46.4,-152.7,1,1,14.0
1382,1790599534.6788702,0.1059,-0.5000,305.9,-6.80,341.3,10.57,0.14,pending,-74.8,4.88,378,476,2,1,0,map_accept,0.62,-34.4,-126.2,1,1,14.0
1383,1790599534.7464762,0.1057,-0.5000,310.9,-6.84,336.2,10.90,0.14,pending,-63.8,4.13,359,468,2,1,0,map_accept,0.60,-20.1,-125.6,1,1,14.0
1384,1790599534.8131459,0.1042,-0.5000,1264.9,-66.93,331.4,10.77,0.13,pending,-60.2,-1.58,416,463,3,1,0,map_accept,0.60,-16.4,-86.8,2,2,14.0
1385,1790599534.8792686,0.1050,-0.5000,309.8,-6.53,327.0,10.95,0.14,pending,-54.6,2.20,403,458,2,1,0,map_accept,0.58,-10.7,-74.7,1,1,14.0
1386,1790599534.9524949,0.1051,-0.5000,310.9,-6.64,323.1,11.30,0.14,pending,-49.3,4.44,401,453,2,1,0,map_accept,0.56,-5.2,-80.9,1,1,14.0
1387,1790599535.0249488,0.1043,-0.5000,426.6,-23.88,326.0,11.71,0.13,pending,35.9,5.14,527,457,3,1,0,map_accept,0.56,80.3,78.6,1,2,14.0
1388,1790599535.0997055,0.1149,-0.5000,437.8,-25.54,340.1,15.26,0.23,accepted,40.3,10.13,506,482,5,1,0,map_accept,0.61,73.8,53.7,2,1,14.0
1389,1790599535.1720843,0.1223,-0.5000,471.8,-30.29,348.7,17.93,0.29,accepted,24.7,7.65,535,499,5,1,0,map_accept,0.64,55.7,32.7,3,3,14.0
1390,1790599535.2397444,0.1267,-0.5000,498.1,-34.59,359.1,20.20,0.33,accepted,29.8,6.47,536,511,5,1,0,map_accept,0.66,62.1,19.9,3,2,14.0
1391,1790599535.3110487,0.1316,-0.5000,433.7,-28.16,368.4,20.67,0.38,accepted,26.4,1.36,497,514,5,1,0,map_accept,0.67,62.4,-4.8,3,2,14.0
1392,1790599535.3842447,0.1241,-0.5000,463.8,-34.87,365.2,20.19,0.31,pending,-39.7,-6.09,520,515,4,1,0,map_hold,0.65,-76.4,-219.1,3,0,14.0
1393,1790599535.4582841,0.1300,-0.5000,618.6,-42.22,364.1,21.11,0.36,accepted,-3.2,2.63,521,517,5,1,0,map_accept,0.68,43.4,-4.4,3,4,14.0
1394,1790599535.5297606,0.1294,-0.5000,490.7,-26.59,348.4,17.98,0.36,accepted,-44.6,-8.92,572,519,4,1,0,map_hold,0.67,-61.7,-238.3,3,0,14.0
1395,1790599535.5988657,0.1210,-0.5000,404.1,4.35,348.4,17.98,0.28,pending,22.6,-23.42,517,519,3,1,1,map_accept,0.67,62.4,-5.9,1,1,14.0
1396,1790599535.6728058,0.1151,-0.5000,418.5,2.11,348.4,17.98,0.23,pending,20.6,-23.86,525,519,3,1,2,map_accept,0.66,46.7,4.1,1,1,14.0
1397,1790599535.7414725,0.1119,-0.5000,404.0,-24.53,342.3,17.58,0.20,pending,-76.7,-5.04,382,510,4,1,2,map_accept,0.67,-62.4,-179.0,2,3,14.0
1398,1790599535.819964,0.1097,-0.5000,420.1,-25.81,336.4,17.12,0.18,pending,-73.8,-5.77,388,502,4,1,2,map_accept,0.68,-47.3,-140.3,3,3,14.0
1399,1790599535.8929875,0.1078,-0.5000,328.7,0.58,333.8,17.28,0.16,pending,-32.3,1.99,563,500,1,1,2,occlusion_hold,0.63,0.0,0.0,1,0,14.0
1400,1790599535.9661984,0.1065,-0.5000,329.8,0.61,331.5,17.52,0.15,pending,-28.7,3.06,572,499,1,1,2,occlusion_hold,0.59,0.0,0.0,1,0,14.0
1401,1790599536.0390282,0.1056,-0.5000,329.9,0.62,329.4,17.84,0.14,pending,-26.3,3.92,567,499,1,1,2,occlusion_hold,0.55,0.0,0.0,1,0,14.0
1402,1790599536.1157134,0.1047,-0.5000,671.1,-43.85,326.2,17.90,0.13,pending,-40.8,0.76,529,500,3,1,2,map_pending,0.55,-208.3,228.3,2,0,14.0
1403,1790599536.1881545,0.1053,-0.5000,714.5,-44.50,322.8,17.75,0.14,pending,-41.4,-1.91,537,501,4,1,2,map_pending,0.57,-208.7,227.6,2,0,14.0
1404,1790599536.2614973,0.1168,-0.5000,759.7,-47.54,313.6,16.90,0.24,accepted,-26.3,-2.41,534,509,4,1,0,map_hold,0.61,-199.8,217.5,3,0,14.0
1405,1790599536.3350418,0.1215,-0.5000,830.7,-51.64,307.3,15.22,0.29,accepted,-18.0,-4.82,539,516,4,1,0,map_hold,0.63,-198.6,210.4,4,0,14.0
1406,1790599536.408352,0.1252,-0.5000,717.6,-43.82,344.9,15.98,0.32,accepted,107.4,2.18,521,503,5,1,0,map_accept,0.66,118.2,-64.7,4,3,14.0
1407,1790599536.4792924,0.1274,-0.5000,738.4,-45.33,376.6,17.43,0.34,accepted,90.6,4.13,525,500,5,1,0,map_accept,0.68,111.2,-30.1,4,3,14.0
1408,1790599536.5499942,0.1320,-0.5000,549.3,-38.66,391.5,16.71,0.38,accepted,42.4,-2.04,533,496,5,1,0,map_accept,0.70,75.8,-33.3,3,2,14.0
1409,1790599536.6197352,0.1243,-0.5000,503.3,-23.53,394.2,16.53,0.31,pending,33.8,-2.28,542,496,4,1,0,map_accept,0.70,67.6,-9.9,2,1,14.0
1410,1790599536.6897323,0.1187,-0.5000,1122.4,-61.99,396.9,16.77,0.26,pending,33.8,3.02,546,497,4,1,0,map_accept,0.69,57.3,-12.4,3,2,14.0
1411,1790599536.7586586,0.1147,-0.5000,589.2,-24.48,400.0,16.26,0.22,pending,38.6,-6.40,502,496,4,1,0,map_accept,0.68,62.1,-27.0,3,3,14.0
1412,1790599536.827869,0.1110,-0.5000,1646.5,-71.84,402.8,16.45,0.19,pending,35.0,2.37,528,495,3,1,0,map_accept,0.66,62.2,-22.8,2,1,14.0
1413,1790599536.9031584,0.1093,-0.5000,1167.6,-63.25,405.7,16.82,0.18,pending,36.5,4.58,545,495,4,1,0,map_accept,0.65,69.7,-22.1,3,2,14.0
1414,1790599537.0032012,0.1060,-0.5000,420.3,-21.82,402.6,16.19,0.15,pending,-38.9,-7.79,516,495,2,1,0,occlusion_hold,0.70,0.0,0.0,2,0,14.0
1415,1790599537.071151,0.1044,-0.5000,462.8,-26.34,395.9,16.02,0.13,pending,-83.8,-2.16,490,495,3,1,0,map_accept,0.69,-29.0,-13.4,2,2,14.0
1416,1790599537.147626,0.1051,-0.5000,459.9,-0.17,395.9,16.02,0.14,pending,38.9,-16.47,545,495,2,1,1,map_accept,0.67,108.3,24.9,1,1,14.0
1417,1790599537.2188673,0.1053,-0.5000,507.9,-35.48,391.5,16.27,0.14,pending,-55.0,3.07,554,496,4,1,1,occlusion_hold,0.63,0.0,0.0,2,0,14.0
1418,1790599537.2896602,0.1054,-0.5000,508.0,-35.82,386.3,16.12,0.14,pending,-64.0,-1.87,552,496,4,1,1,occlusion_hold,0.66,0.0,0.0,3,0,14.0
1419,1790599537.3614697,0.1040,-0.5000,403.9,-21.41,387.0,16.90,0.13,pending,8.7,9.76,512,497,3,1,1,map_accept,0.67,77.0,4.6,2,1,14.0
1420,1790599537.427126,0.1030,-0.5000,400.1,-20.84,387.6,17.60,0.12,pending,7.2,8.74,514,498,3,1,1,map_accept,0.68,65.6,7.9,2,1,14.0
1421,1790599537.4993918,0.1163,-0.5000,496.7,-41.34,369.1,17.33,0.24,accepted,-52.9,-0.77,523,503,5,1,0,map_hold,0.69,50.8,68.5,3,0,14.0
1422,1790599537.5801826,0.1243,-0.5000,471.0,-33.13,353.7,17.36,0.31,accepted,-43.8,0.08,519,507,5,1,0,map_hold,0.70,56.7,73.9,3,0,14.0
1423,1790599537.6551988,0.1291,-0.5000,462.2,-29.62,342.2,17.57,0.36,accepted,-33.1,0.62,518,510,5,1,0,map_hold,0.71,60.8,75.0,3,0,14.0
1424,1790599537.7296903,0.1320,-0.5000,458.6,-26.28,334.4,17.92,0.38,accepted,-22.2,0.99,569,512,5,1,0,map_hold,0.71,65.3,69.8,3,0,14.0
1425,1790599537.8039582,0.1337,-0.5000,469.1,-31.18,330.0,18.41,0.40,accepted,-12.4,1.40,519,514,5,1,0,map_hold,0.72,62.8,71.7,3,0,14.0
1426,1790599537.8845525,0.1348,-0.5000,439.1,-17.42,328.5,18.91,0.41,accepted,-4.5,1.42,525,515,5,1,0,map_hold,0.72,58.9,67.6,3,0,14.0
1427,1790599537.9579067,0.1393,-0.5000,498.9,-42.44,350.2,21.83,0.45,accepted,62.0,8.33,527,531,7,1,0,map_accept,0.77,60.5,45.6,4,4,14.0
1428,1790599538.0286481,0.1381,-0.5000,474.9,-41.49,366.0,22.88,0.44,accepted,45.1,3.02,576,544,5,1,0,map_accept,0.78,44.4,39.2,3,3,14.0
1429,1790599538.101254,0.1287,-0.5000,508.5,-45.62,365.9,22.81,0.35,pending,-1.1,-0.97,566,544,4,1,0,map_hold,0.76,41.4,-23.2,3,0,14.0
1430,1790599538.1779895,0.1379,-0.5000,559.2,-50.59,365.1,22.19,0.44,accepted,-2.1,-1.76,514,546,7,1,0,map_hold,0.79,51.3,-36.6,6,0,14.0
1431,1790599538.250421,0.1468,-0.5000,538.0,-45.13,378.6,21.22,0.52,accepted,38.6,-2.77,546,560,8,1,0,map_accept,0.83,43.2,47.6,6,6,14.0
1432,1790599538.3257456,0.1456,-0.5000,574.8,-51.86,376.0,20.24,0.51,accepted,-7.7,-2.79,546,559,6,1,0,map_hold,0.82,55.8,-43.2,5,0,14.0
1433,1790599538.4010315,0.1326,-0.5000,422.5,-23.26,375.1,20.02,0.39,pending,-10.8,-2.80,531,558,3,1,0,occlusion_hold,0.79,0.0,0.0,3,0,14.0
1434,1790599538.475619,0.1393,-0.5000,366.2,-16.47,368.9,18.97,0.45,accepted,-17.5,-3.00,503,555,6,1,0,map_hold,0.81,-69.8,69.7,5,0,14.0
1435,1790599538.5476642,0.1420,-0.5000,350.8,-9.03,388.9,23.10,0.47,accepted,57.1,11.79,516,543,7,1,0,map_accept,0.82,76.8,-28.7,5,3,14.0
1436,1790599538.6201022,0.1408,-0.5000,343.5,-6.83,378.0,21.54,0.46,accepted,-31.1,-4.45,529,542,5,1,0,map_hold,0.81,71.2,-322.0,5,0,14.0
1437,1790599538.6865895,0.1400,-0.5000,329.5,-1.59,366.6,19.86,0.45,accepted,-32.6,-4.78,557,542,5,1,0,map_hold,0.79,-39.7,68.5,4,0,14.0
1438,1790599538.7579193,0.1426,-0.5000,377.9,-10.53,355.5,18.53,0.48,accepted,-31.7,-3.80,530,543,6,1,0,map_hold,0.77,-38.6,-46.2,4,0,14.0
1439,1790599538.8290446,0.1475,-0.5000,349.5,-2.39,338.8,17.39,0.52,accepted,-47.9,-3.28,538,549,7,1,0,map_pending,0.73,-234.1,200.2,4,4,14.0
1440,1790599538.8993864,0.1482,-0.5000,412.2,-19.01,367.1,20.09,0.53,accepted,81.0,7.72,516,528,7,1,0,map_accept,0.77,113.6,-80.8,5,4,14.0
1441,1790599538.9670022,0.1515,-0.5000,359.2,-3.08,386.8,20.12,0.56,accepted,56.1,0.09,516,516,7,1,0,map_accept,0.79,92.7,-59.4,5,4,14.0
1442,1790599539.0373151,0.1506,-0.5000,374.6,-16.24,401.4,18.01,0.55,accepted,41.7,-6.05,552,512,7,1,0,map_accept,0.80,84.2,-34.4,4,3,14.0
1443,1790599539.1027553,0.1415,-0.5000,408.0,-25.00,401.4,18.01,0.47,pending,-89.4,-15.99,569,512,8,1,1,map_accept,0.81,-41.6,-24.2,5,5,14.0
1444,1790599539.1776388,0.1352,-0.5000,383.0,-9.42,401.4,18.01,0.41,pending,-88.1,-15.19,572,512,8,1,2,map_accept,0.82,-21.6,-25.5,5,6,14.0
1445,1790599539.2455897,0.1287,-0.5000,311.8,17.64,401.4,18.01,0.35,pending,-81.9,-29.33,570,512,6,1,1,map_accept,0.79,-7.4,-25.3,3,4,14.0
1446,1790599539.3149917,0.1398,-0.5000,393.9,-22.76,374.8,17.55,0.45,accepted,-76.0,-1.31,586,521,7,1,0,map_hold,0.79,-42.6,-193.1,5,1,14.0
1447,1790599539.3847554,0.1436,-0.5000,341.2,-5.98,334.9,17.38,0.49,accepted,-113.8,-0.49,483,505,7,1,0,map_accept,0.80,-64.1,-83.1,5,6,14.0
1448,1790599539.453633,0.1484,-0.5000,391.2,-13.86,334.4,20.05,0.53,accepted,-1.7,7.65,564,534,8,1,0,map_accept,0.80,23.5,60.6,5,5,14.0
1449,1790599539.5228136,0.1531,-0.5000,338.3,-10.08,314.4,19.21,0.57,accepted,-57.1,-2.41,500,523,8,1,0,map_accept,0.82,-40.5,-72.9,6,6,14.0
1450,1790599539.598011,0.1541,-0.5000,429.8,-26.80,323.3,22.24,0.58,accepted,25.4,8.66,561,549,8,1,0,map_accept,0.83,30.9,47.0,5,3,14.0
1451,1790599539.6740093,0.1546,-0.5000,403.8,-23.09,327.5,24.08,0.59,accepted,12.0,5.25,553,571,8,1,0,map_accept,0.83,15.9,35.0,5,3,14.0
1452,1790599539.745833,0.1415,-0.5000,333.7,6.82,327.5,24.08,0.47,pending,8.5,-21.86,626,571,5,1,1,map_accept,0.80,11.6,34.0,2,1,14.0
1453,1790599539.8239338,0.1331,-0.5000,360.2,-2.17,327.5,24.08,0.39,pending,16.3,-20.97,622,571,6,1,2,map_accept,0.78,16.1,32.2,3,1,14.0
1454,1790599539.9068608,0.1276,-0.5000,436.9,-33.93,327.5,24.08,0.34,pending,25.3,-22.58,589,571,6,1,3,map_accept,0.77,20.4,21.6,3,2,14.0
1455,1790599539.9797723,0.1238,-0.5000,342.8,0.57,327.5,24.08,0.31,pending,28.5,-24.54,558,571,6,1,4,map_accept,0.75,18.6,14.3,3,2,14.0
1456,1790599540.0534062,0.1340,-0.5000,406.0,-20.70,324.4,26.06,0.40,accepted,-8.7,5.67,577,576,7,1,0,map_accept,0.77,-19.8,-28.4,3,2,14.0
1457,1790599540.126189,0.1368,-0.5000,402.1,-16.26,326.9,24.27,0.43,accepted,7.1,-5.12,502,585,6,1,0,map_hold,0.77,17.0,20.1,3,0,14.0
1458,1790599540.2076862,0.1418,-0.5000,450.8,-30.19,330.5,26.58,0.47,accepted,10.3,6.60,583,584,7,1,0,map_accept,0.79,7.8,-17.8,4,2,14.0
1459,1790599540.2803142,0.1477,-0.5000,470.8,-34.31,337.7,28.28,0.52,accepted,20.5,4.85,508,587,8,1,0,map_accept,0.81,20.9,0.0,5,3,14.0
1460,1790599540.3518414,0.1532,-0.5000,470.5,-32.53,341.2,29.27,0.57,accepted,10.1,2.83,535,588,8,1,0,map_accept,0.81,13.2,-2.0,5,3,14.0
1461,1790599540.4258964,0.1398,-0.5000,352.8,13.14,341.2,29.27,0.45,pending,26.8,-35.94,607,588,4,1,1,map_accept,0.85,30.6,15.0,1,0,14.0
1462,1790599540.4941623,0.1315,-0.5000,359.6,2.90,341.2,29.27,0.38,pending,36.0,-36.11,607,588,5,1,2,map_accept,0.82,32.8,14.9,1,0,14.0
1463,1790599540.5658016,0.1365,-0.5000,445.1,-36.55,344.1,25.26,0.42,accepted,8.4,-11.44,436,592,6,1,0,map_hold,0.82,-2.1,23.6,3,0,14.0
1464,1790599540.640867,0.1414,-0.5000,416.7,-17.41,359.1,27.66,0.47,accepted,42.9,6.86,441,584,7,1,0,map_accept,0.84,41.9,-31.8,3,1,14.0
1465,1790599540.711961,0.1449,-0.5000,450.1,-29.57,367.5,29.31,0.50,accepted,23.9,4.69,497,593,6,1,0,map_accept,0.83,30.0,23.7,3,1,14.0
1466,1790599540.7850688,0.1362,-0.5000,260.7,-10.81,367.5,29.31,0.42,pending,-103.0,-12.73,369,593,7,1,1,map_accept,0.86,-93.1,-184.4,5,6,14.0
1467,1790599540.8595915,0.1415,-0.5000,444.9,-36.43,355.1,29.31,0.47,accepted,-35.5,0.02,428,578,6,1,0,map_hold,0.85,19.0,5.3,4,0,14.0
1468,1790599540.9331481,0.1425,-0.5000,412.9,-26.34,346.8,29.55,0.48,accepted,-23.6,0.67,444,568,5,1,0,map_hold,0.82,9.0,-54.0,4,0,14.0
1469,1790599541.0060022,0.1474,-0.5000,418.4,-28.10,340.3,30.03,0.52,accepted,-18.6,1.37,445,560,7,1,0,map_hold,0.82,15.0,-44.9,5,0,14.0
1470,1790599541.077979,0.1504,-0.5000,409.5,-23.95,334.2,29.11,0.55,accepted,-17.5,-2.63,449,552,7,1,0,map_hold,0.82,19.2,-31.8,5,0,14.0
1471,1790599541.1467671,0.1478,-0.5000,428.6,-21.71,327.8,28.57,0.53,accepted,-18.4,-1.53,453,543,5,1,0,map_hold,0.79,45.2,28.7,4,0,14.0
1472,1790599541.2216835,0.1481,-0.5000,357.0,1.59,320.8,28.43,0.53,accepted,-19.9,-0.40,442,533,6,1,0,map_hold,0.78,25.9,-2.9,4,0,14.0
1473,1790599541.2919254,0.1454,-0.5000,357.9,-40.40,313.4,26.84,0.50,accepted,-21.3,-4.55,377,523,5,1,0,map_hold,0.78,-50.0,-198.7,3,0,14.0
1474,1790599541.3616753,0.1429,-0.5000,540.2,-40.54,332.6,30.12,0.48,accepted,54.9,9.37,439,525,5,1,0,map_accept,0.78,77.0,38.6,4,2,14.0
1475,1790599541.4340096,0.1437,-0.5000,555.2,-44.07,345.6,32.64,0.49,accepted,37.2,7.19,434,527,6,1,0,map_accept,0.79,69.3,44.9,4,2,14.0
1476,1790599541.5040233,0.1479,-0.5000,344.2,-10.08,360.4,32.44,0.53,accepted,42.4,-0.56,431,531,7,1,0,map_accept,0.82,83.7,49.3,4,2,14.0
1477,1790599541.5747528,0.1462,-0.5000,265.9,14.84,361.1,28.74,0.51,accepted,1.8,-10.57,385,535,6,1,0,map_accept,0.82,52.9,54.2,4,3,14.0
1478,1790599541.6472547,0.1469,-0.5000,269.8,5.20,362.7,26.47,0.52,accepted,4.7,-6.48,390,532,7,1,0,map_accept,0.84,58.6,43.1,4,3,14.0
1479,1790599541.7160702,0.1518,-0.5000,376.9,-10.46,369.5,26.32,0.56,accepted,19.3,-0.43,412,518,8,1,0,map_accept,0.87,75.3,17.1,5,3,14.0
1480,1790599541.7840073,0.1521,-0.5000,408.1,-21.23,379.1,29.22,0.56,accepted,27.5,8.29,374,495,8,1,0,map_accept,0.88,87.0,-14.5,6,2,14.0
1481,1790599541.8532917,0.1499,-0.5000,292.9,8.37,376.4,27.60,0.54,accepted,-7.8,-4.64,343,480,6,1,0,map_accept,0.87,54.8,2.8,4,2,14.0
1482,1790599541.9273937,0.1486,-0.5000,284.9,11.16,354.7,27.86,0.53,accepted,-61.8,0.75,350,462,6,1,0,map_pending,0.80,-31.6,-152.2,4,3,14.0
1483,1790599542.0005832,0.1387,-0.5000,354.5,-23.26,349.9,27.21,0.44,pending,-59.7,-8.16,348,453,7,1,0,map_accept,0.83,-9.6,-128.5,5,4,14.0
1484,1790599542.0718231,0.1319,-0.5000,378.6,-31.08,345.9,26.68,0.38,pending,-49.9,-6.61,351,444,7,1,0,map_accept,0.84,3.7,-94.7,5,3,14.0
1485,1790599542.1512713,0.1315,-0.5000,452.0,-35.70,321.4,23.11,0.38,accepted,-70.2,-10.20,355,406,5,1,0,map_accept,0.82,-18.4,-36.6,4,4,14.0
1486,1790599542.2579513,0.1312,-0.5000,446.3,-34.65,310.2,21.18,0.37,accepted,-31.9,-5.50,355,371,5,1,0,map_accept,0.80,2.3,-63.7,4,2,14.0
1487,1790599542.3271866,0.1362,-0.5000,491.3,-40.51,307.3,20.96,0.42,accepted,-8.5,-0.62,346,339,6,1,0,map_accept,0.80,15.5,-86.9,5,2,14.0
1488,1790599542.4020054,0.1412,-0.5000,474.5,-34.30,302.1,22.58,0.47,accepted,-14.8,4.61,360,342,6,1,0,map_pending,0.73,56.9,131.1,5,4,14.0
1489,1790599542.4747486,0.1421,-0.5000,502.1,-42.31,299.7,24.32,0.47,accepted,-6.8,4.98,370,351,6,1,0,map_pending,0.77,79.0,136.4,5,4,14.0
1490,1790599542.5463197,0.1343,-0.5000,375.0,-8.68,303.8,24.65,0.40,pending,50.8,4.13,379,358,7,1,0,map_accept,0.82,57.7,111.6,4,4,14.0
1491,1790599542.6178439,0.1294,-0.5000,393.9,-16.56,307.8,24.94,0.36,pending,50.7,3.66,376,365,8,1,0,map_accept,0.87,46.2,65.9,4,4,14.0
1492,1790599542.6859162,0.1260,-0.5000,406.6,-21.23,312.8,25.31,0.33,pending,62.7,4.61,386,371,8,1,0,map_accept,0.90,50.2,36.4,4,4,14.0
1493,1790599542.7617085,0.1320,-0.5000,449.9,-30.59,319.6,27.61,0.38,accepted,19.2,6.58,394,401,6,1,0,map_hold,0.88,35.0,-1.2,4,0,14.0
1494,1790599542.8283072,0.1377,-0.5000,490.8,-42.90,322.8,29.77,0.43,accepted,9.3,6.17,405,421,7,1,0,map_hold,0.88,45.9,-22.4,4,0,14.0
1495,1790599542.8999386,0.1472,-0.5000,420.2,-8.80,338.9,29.93,0.52,accepted,46.0,0.44,411,429,8,1,0,map_accept,0.92,42.9,-14.8,4,3,14.0
1496,1790599542.9709299,0.1498,-0.5000,531.0,-52.35,355.0,30.29,0.54,accepted,46.1,1.03,415,431,7,1,0,map_accept,0.90,47.0,-17.5,4,3,14.0
1497,1790599543.0429163,0.1531,-0.5000,471.3,-29.21,368.5,31.05,0.57,accepted,38.5,2.18,410,433,8,1,0,map_accept,0.91,42.8,-5.3,4,2,14.0
1498,1790599543.1138496,0.1387,-0.5000,397.4,9.14,368.5,31.05,0.44,pending,30.0,-39.04,388,433,4,1,1,map_accept,0.86,37.0,-4.3,0,1,14.0
1499,1790599543.18106,0.1276,-0.5000,407.2,8.61,368.5,31.05,0.34,pending,3.9,-16.95,340,433,3,1,1,map_pending,0.80,32.5,3.3,0,0,14.0
1500,1790599543.2495422,0.1396,-0.5000,474.4,-30.22,380.7,31.26,0.45,accepted,35.0,0.60,409,432,8,1,0,map_accept,0.84,36.4,1.9,4,1,14.0
1501,1790599543.3189812,0.1279,-0.5000,428.0,7.03,379.9,30.82,0.34,pending,-11.0,-5.49,332,431,2,1,0,map_pending,0.76,-70.4,-195.7,0,0,14.0
1502,1790599543.3831005,0.1374,-0.5000,457.9,-37.95,388.4,31.29,0.43,accepted,24.4,1.34,389,429,7,1,0,map_accept,0.81,36.7,13.1,4,2,14.0
1503,1790599543.446667,0.1259,-0.5000,413.6,9.78,388.4,31.29,0.33,pending,-14.5,-16.98,320,429,2,1,1,map_pending,0.74,34.9,-108.6,0,0,14.0
1504,1790599543.5135422,0.1362,-0.5000,416.4,-25.06,392.5,30.97,0.42,accepted,11.6,-0.91,434,427,7,1,0,map_accept,0.79,36.4,14.2,4,2,14.0
1505,1790599543.5800815,0.1278,-0.5000,458.0,0.00,392.5,30.97,0.34,pending,40.5,-35.98,299,427,1,1,1,map_accept,0.73,69.2,-110.4,0,1,14.0
1506,1790599543.6468198,0.1215,-0.5000,447.0,0.00,392.5,30.97,0.29,pending,29.5,-39.98,293,427,1,1,2,map_accept,0.67,53.7,-89.6,0,1,14.0
1507,1790599543.7142253,0.1167,-0.5000,446.6,0.27,392.5,30.97,0.24,pending,29.3,-40.53,294,427,2,1,3,map_accept,0.64,56.3,-92.5,0,1,14.0
1508,1790599543.7831354,0.1285,-0.5000,422.0,-32.41,379.5,29.13,0.35,accepted,-37.0,-5.26,434,424,7,1,0,map_accept,0.70,-5.9,65.9,3,4,14.0
1509,1790599543.8576965,0.1378,-0.5000,432.4,-34.92,370.5,28.02,0.43,accepted,-25.8,-3.17,442,425,7,1,0,map_accept,0.86,8.1,44.2,3,4,14.0
1510,1790599543.9281514,0.1401,-0.5000,384.7,-19.91,361.9,26.98,0.46,accepted,-24.5,-2.97,452,433,6,1,0,map_accept,0.87,7.6,53.7,3,3,14.0
1511,1790599544.0059319,0.1416,-0.5000,377.1,-16.73,358.6,26.16,0.47,accepted,-9.4,-2.34,447,431,6,1,0,map_accept,0.86,19.8,9.9,3,3,14.0
1512,1790599544.078019,0.1339,-0.5000,365.6,-15.66,358.6,26.16,0.40,pending,-0.4,-16.68,440,431,7,1,1,map_accept,0.89,27.2,4.3,3,4,14.0
1513,1790599544.150368,0.1285,-0.5000,374.0,-15.67,358.6,26.16,0.35,pending,-7.6,-17.62,441,431,7,1,2,map_accept,0.91,20.1,-35.7,3,4,14.0
1514,1790599544.2205622,0.1240,-0.5000,385.1,-18.37,358.6,26.16,0.31,pending,-6.1,-16.99,442,431,6,1,3,map_accept,0.89,23.1,-9.0,3,4,14.0
1515,1790599544.2963986,0.1216,-0.5000,410.1,-30.91,358.6,26.16,0.29,pending,-14.1,-18.40,471,431,7,1,4,map_accept,0.90,14.8,-7.9,3,4,14.0
1516,1790599544.3667626,0.1199,-0.5000,427.6,-37.15,358.6,26.16,0.27,pending,-14.4,-20.31,419,431,7,1,5,map_accept,0.92,15.9,0.4,3,4,14.0
1517,1790599544.4354646,0.1180,-0.5000,446.2,-33.72,358.6,26.16,0.25,pending,-11.6,-19.45,453,431,6,1,6,map_accept,0.89,18.7,-2.4,3,4,14.0
1518,1790599544.507037,0.1142,-0.5000,424.9,0.16,358.6,26.16,0.22,pending,41.4,-31.67,304,431,2,1,1,map_accept,0.85,70.8,-128.7,0,1,14.0
1519,1790599544.5783775,0.1141,-0.5000,391.9,-18.93,358.6,26.16,0.22,pending,-18.7,-21.81,476,431,6,1,1,map_hold,0.86,52.6,-152.1,3,0,14.0
1520,1790599544.6504965,0.1237,-0.5000,360.0,-16.84,349.5,23.49,0.31,accepted,-26.1,-7.63,410,426,6,1,0,map_accept,0.86,1.9,-0.4,3,3,14.0
1521,1790599544.7264676,0.1317,-0.5000,356.9,-16.97,344.9,22.03,0.38,accepted,-13.0,-4.19,422,425,6,1,0,map_accept,0.86,13.0,5.3,3,3,14.0
1522,1790599544.798598,0.1365,-0.5000,348.1,-11.10,343.5,23.22,0.42,accepted,-4.2,3.40,414,433,6,1,0,map_accept,0.85,21.0,35.1,3,3,14.0
1523,1790599544.870379,0.1394,-0.5000,349.1,-10.63,342.7,24.15,0.45,accepted,-2.2,2.65,420,441,6,1,0,map_accept,0.84,23.0,39.9,3,3,14.0
1524,1790599544.9420314,0.1411,-0.5000,385.2,-29.27,333.8,23.70,0.46,accepted,-25.4,-1.26,390,418,6,1,0,map_accept,0.83,-0.3,-61.3,3,3,14.0
1525,1790599545.0169005,0.1422,-0.5000,388.3,-28.48,330.4,23.73,0.47,accepted,-9.8,0.07,386,404,6,1,0,map_accept,0.83,11.9,-34.8,3,3,14.0
1526,1790599545.0855494,0.1428,-0.5000,375.1,-20.76,326.2,23.59,0.48,accepted,-11.9,-0.39,396,399,6,1,0,map_accept,0.95,7.5,-11.6,3,3,14.0
1527,1790599545.1565998,0.1412,-0.5000,391.7,-25.40,324.5,23.72,0.47,accepted,-5.0,0.36,409,399,5,1,0,map_accept,0.92,12.0,0.2,2,3,14.0
1528,1790599545.2247884,0.1422,-0.5000,372.9,-15.06,325.1,23.81,0.47,accepted,1.8,0.27,430,411,6,1,0,map_accept,0.90,16.7,37.3,2,3,14.0
1529,1790599545.2951367,0.1428,-0.5000,401.6,-27.39,327.1,25.16,0.48,accepted,5.7,3.88,436,421,6,1,0,map_accept,0.91,19.1,28.9,2,2,14.0
1530,1790599545.3747342,0.1432,-0.5000,406.5,-28.62,325.6,25.62,0.48,accepted,-4.3,1.30,460,446,6,1,0,map_accept,0.92,8.9,76.8,3,2,14.0
1531,1790599545.449673,0.1434,-0.5000,408.2,-29.05,332.5,27.19,0.49,accepted,19.9,4.49,438,443,6,1,0,map_accept,0.93,32.0,-11.4,3,2,14.0
1532,1790599545.5162168,0.1425,-0.5000,354.2,-9.41,335.9,23.04,0.48,accepted,9.7,-11.86,438,443,6,1,0,map_accept,0.82,23.7,0.2,2,4,14.0
1533,1790599545.5867438,0.1408,-0.5000,396.0,-25.59,339.7,25.59,0.46,accepted,10.8,7.29,444,445,6,1,0,map_accept,0.83,26.3,5.1,3,2,14.0
1534,1790599545.653055,0.1397,-0.5000,390.3,-23.39,344.5,27.41,0.45,accepted,13.8,5.19,454,447,6,1,0,map_accept,0.83,31.0,5.4,3,2,14.0
1535,1790599545.7230647,0.1391,-0.5000,384.9,-16.94,349.6,29.28,0.45,accepted,14.5,5.36,473,450,6,1,0,map_accept,0.83,34.1,3.6,3,2,14.0
1536,1790599545.7893355,0.1410,-0.5000,379.3,-14.95,351.8,30.25,0.46,accepted,6.4,2.75,489,462,6,1,0,map_accept,0.83,27.7,33.4,3,1,14.0
1537,1790599545.8638716,0.1421,-0.5000,369.8,-14.49,354.1,31.59,0.47,accepted,6.4,3.83,428,467,6,1,0,map_accept,0.82,28.5,5.3,3,2,14.0
1538,1790599545.9384518,0.1427,-0.5000,393.3,-26.82,351.2,32.27,0.48,accepted,-8.3,1.96,376,475,6,1,0,map_accept,0.95,14.9,21.5,3,0,14.0
1539,1790599546.0183516,0.1431,-0.5000,431.9,-32.56,348.0,32.98,0.48,accepted,-8.9,2.01,460,482,6,1,0,map_accept,0.95,13.8,22.4,3,2,14.0
1540,1790599546.0925894,0.1342,-0.5000,404.0,-31.14,348.0,32.98,0.40,pending,-2.3,-13.76,443,482,6,1,1,map_accept,0.83,18.1,18.1,2,3,14.0
1541,1790599546.1648057,0.1380,-0.5000,396.9,-26.19,347.4,33.07,0.44,accepted,-1.8,0.28,447,488,6,1,0,map_accept,0.84,18.6,24.3,3,2,14.0
1542,1790599546.2351274,0.1403,-0.5000,366.7,-10.24,344.1,32.87,0.46,accepted,-9.4,-0.57,423,480,6,1,0,map_accept,0.83,10.8,-17.0,3,3,14.0
1543,1790599546.3036976,0.1417,-0.5000,334.2,-3.74,342.7,32.31,0.47,accepted,-4.1,-1.60,436,476,6,1,0,map_accept,0.83,15.6,-2.7,3,2,14.0
1544,1790599546.378443,0.1425,-0.5000,395.7,-25.72,341.5,32.03,0.48,accepted,-3.4,-0.80,412,475,6,1,0,map_accept,0.83,17.6,6.7,3,2,14.0
1545,1790599546.4440389,0.1430,-0.5000,392.0,-33.74,339.8,32.25,0.48,accepted,-4.7,0.60,414,470,6,1,0,map_accept,0.83,17.8,-9.4,3,2,14.0
1546,1790599546.5263982,0.1433,-0.5000,386.7,-31.00,338.5,32.50,0.48,accepted,-3.8,0.73,412,468,6,1,0,map_accept,0.95,19.4,-3.2,3,2,14.0
1547,1790599546.5988202,0.1446,-0.5000,354.6,-8.86,333.8,32.47,0.50,accepted,-13.5,-0.10,414,475,6,1,0,map_accept,0.95,10.0,24.7,3,2,14.0
1548,1790599546.6701415,0.1413,-0.5000,339.1,-14.50,325.6,31.05,0.47,accepted,-23.3,-4.05,403,485,5,1,0,map_accept,0.91,-1.4,33.6,2,1,14.0
1549,1790599546.7432551,0.1315,-0.5000,343.0,-20.84,325.6,31.05,0.38,pending,-12.4,-26.74,321,485,5,1,1,map_accept,0.79,9.0,51.3,1,0,14.0
1550,1790599546.8111331,0.1257,-0.5000,322.6,-9.48,325.6,31.05,0.32,pending,-11.1,-12.20,386,485,6,1,1,map_accept,0.80,14.2,63.6,2,2,14.0
1551,1790599546.8803868,0.1307,-0.5000,349.8,-16.75,323.2,27.41,0.37,accepted,-6.9,-10.41,391,499,6,1,0,map_accept,0.82,20.8,66.2,2,2,14.0
1552,1790599546.9468818,0.1340,-0.5000,421.5,-37.56,328.7,25.89,0.40,accepted,15.5,-4.32,405,489,5,1,0,map_accept,0.80,39.0,-2.3,2,3,14.0
1553,1790599547.0160565,0.1357,-0.5000,489.6,-56.02,321.3,23.37,0.42,accepted,-20.9,-7.22,418,504,6,1,0,map_accept,0.82,1.4,82.0,2,2,14.0
1554,1790599547.0825846,0.1389,-0.5000,480.6,-54.27,317.7,21.85,0.44,accepted,-10.3,-4.32,406,514,6,1,0,map_accept,0.83,7.6,67.8,2,2,14.0
1555,1790599547.1488469,0.1367,-0.5000,438.1,-46.80,314.8,20.16,0.42,accepted,-8.2,-4.85,413,488,5,1,0,map_accept,0.81,7.0,-45.2,2,3,14.0
1556,1790599547.216969,0.1395,-0.5000,390.5,-35.74,317.0,19.41,0.45,accepted,6.2,-2.14,405,467,6,1,0,map_accept,0.81,20.0,-31.4,2,3,14.0
1557,1790599547.2836502,0.1412,-0.5000,396.0,-36.54,325.9,19.75,0.47,accepted,25.5,0.98,414,463,6,1,0,map_accept,0.83,40.1,16.2,2,3,14.0
1558,1790599547.3539333,0.1403,-0.5000,452.1,-47.42,330.6,19.73,0.46,accepted,13.3,-0.04,441,458,5,1,0,map_accept,0.81,31.2,15.3,2,3,14.0
1559,1790599547.4456859,0.1416,-0.5000,379.0,-32.52,340.4,19.55,0.47,accepted,27.9,-0.53,414,454,6,1,0,map_accept,0.81,47.9,11.8,2,2,14.0
1560,1790599547.530963,0.1425,-0.5000,399.0,-35.62,344.5,19.55,0.48,accepted,11.9,0.02,436,450,6,1,0,map_accept,0.83,37.9,12.7,2,3,14.0
1561,1790599547.6016698,0.1410,-0.5000,435.3,-42.32,348.5,19.43,0.46,accepted,11.2,-0.34,435,446,5,1,0,map_accept,0.81,40.0,6.7,2,3,14.0
1562,1790599547.6695974,0.1421,-0.5000,408.4,-35.09,346.9,18.45,0.47,accepted,-4.5,-2.81,384,417,6,1,0,map_accept,0.82,25.9,-82.2,2,2,14.0
